Decade,Year,Song,Artist,Genres,Popularity,Duration (min),Explicit,Polarity,Subjectivity,Total Words,Lexical Richness (%),Words per Minute,Lyrics,Problem_Type
1950s,2012,Mister Sandman,The Chordettes,doo-wop,42,2.4,False,0.386,0.843,184,40.22,76.67,"Mr. Sandman, bring me a dream
Make him the cutest that I've ever seen
Give him two lips like roses and clover
Then tell him that his lonesome nights are over
Sandman, I'm so alone
Don't have nobody to call my own
Please turn on your magic beam
Mr. Sandman, bring me a dream

Mr. Sandman, bring me a dream
Make him the cutest that I've ever seen
Give him the word that I'm not a rover
Then tell him that his lonesome nights are over
Sandman, I'm so alone
Don't have nobody to call my own
Please turn on your magic beam
Mr. Sandman, bring me a dream

Mr. Sandman (Yes?) Bring us a dream
Give him a pair of eyes with a come-hither gleam
Give him a lonely heart like Pagliacci
And lots of wavy hair like Liberace
Mr. Sandman, someone to hold (Someone to hold)
Would be so peachy before we're too old
So please turn on your magic beam
Mr Sandman, bring us, please, please, please
Mr Sandman, bring us a dream",Missing Lyrics Only
1950s,1990,Lonesome Town - 1990 Digital Remaster,Ricky Nelson,"rockabilly, doo-wop",50,2.26,False,-0.097,0.443,105,51.43,46.46,"There's a place where lovers go
To cry their troubles away
And they call it Lonesome Town
Where the broken hearts stay

You can buy a dream or two
To last you all through the years
And the only price you pay
Is a heart full of tears

Goin' down to Lonesome town
Where the broken hearts stay
Goin' down to Lonesome town
To cry my troubles away

In the town of broken dreams
The streets are filled with regret
Maybe down in Lonesome Town
I can learn to forget (To forget)

Maybe down in Lonesome Town
I can learn to forget
(Lonesome Town)",Missing Lyrics Only
1950s,1959,Donna - Single Version,Ritchie Valens,"doo-wop, rock and roll",61,2.52,False,0.222,0.294,135,34.81,53.57,"Oh, Donna
Oh, Donna
Oh, Donna
Oh, Donna

I had a girl
Donna was her name
Since she left me
I've never been the same

'Cause I love my girl
Donna, where can you be?
Where can you be?

Now, that you're gone
I'm left all alone
All by myself
To wander and roam

'Cause I love my girl
Donna, where can you be?
Where can you be?

Well, darlin', now that you're gone
I don't know what I'll do
All time and all my love for you

I had a girl
Donna was her name
Since she left me
I've never been the same

'Cause I love my girl
Donna, where can you be?
Where can you be?

Oh, Donna
Oh, Donna
Oh, Donna
Oh, Donna
Oh...",Missing Lyrics Only
1950s,2000,Tequila (Original),The Champs,doo-wop,51,2.17,False,0.0,0.0,3,33.33,1.38,"Tequila

Tequila

Tequila",Missing Lyrics Only
1950s,1956,I've Got You Under My Skin - Remastered 1998,Frank Sinatra,"christmas, big band, adult standards, swing music, jazz, vocal jazz",70,3.73,False,0.181,0.4,235,36.17,63.0,"I've got you under my skin
I've got you deep in the heart of me
So deep in my heart that you're really a part of me
I've got you under my skin

I tried so not to give in
I said to myself, ""This affair never will go so well""
But why should I try to resist when, baby, I know so well
I've got you under my skin?

I'd sacrifice anything, come what might
For the sake of havin' you near
In spite of a warnin' voice that comes in the night
And repeats, repeats in my ear

""Don't you know little fool, you never can win?
Use your mentality, wake up to reality""
But each time that I do, just the thought of you
Makes me stop before I begin
'Cause I've got you under my skin


I would sacrifice anything, come what might
For the sake of havin' you near
In spite of a warning voice that comes in the night
And repeats, how it yells in my ear

""Don't you know, little fool, you never can win?
Why not use your mentality? Step up, wake up to reality""
But each time I do, just the thought of you
Makes me stop just before I begin
'Cause I've got you under my skin
Yes, I've got you under my skin",Missing Lyrics Only
1950s,1959,La Bamba - Single Version,Ritchie Valens,"doo-wop, rock and roll",66,2.12,False,0.0,0.0,130,18.46,61.32,"Para bailar La Bamba
Para bailar La Bamba
Se necesita una poca de gracia
Una poca de gracia
Pa' mí, pa' ti, arriba, y arriba
Y arriba, y arriba
Por ti seré, por ti seré, por ti seré

Yo no soy marinero
Yo no soy marinero, soy capitán
Soy capitán, soy capitán
Bamba, bamba
Bamba, bamba
Bamba, bamba, bamba

Para bailar La Bamba
Para bailar La Bamba
Se necesita una poca de gracia
Una poca de gracia
Pa' mí, pa' ti, arriba, y arriba

Rrr, jaja

Para bailar La Bamba
Para bailar La Bamba
Se necesita una poca de gracia
Una poca de gracia
Pa' mí, pa' ti, arriba, y arriba
Y arriba, y arriba
Por ti seré, por ti seré, por ti seré

Bamba, bamba
Bamba, bamba
Bamba, bamba",Missing Lyrics Only
1950s,1958,Come Fly With Me - Remastered 1998,Frank Sinatra,"christmas, big band, adult standards, swing music, jazz, vocal jazz",68,3.32,False,0.536,0.751,238,34.03,71.69,"Come fly with me, let's fly, let's fly away
If you can use, some exotic booze
There's a bar in far Bombay
Come fly with me, let's fly, let's fly away
Come fly with me, let's float down to Peru
In llama land, there's a one man band
And he'll toot his flute for you
Come fly with me, let's take off in the blue
Once I get you up there, where the air is rarefied
We'll just glide, starry-eyed
Oncе I get you up there, I'll bе holding you so near
You may hear angels cheer 'cause we're together
Weather-wise, it's such a lovely day
Just say the words, and we'll beat the birds
Down to Acapulco bay
It's perfect for a flying honeymoon, they say
Come fly with me, let's fly, let's fly away
Once I get you up there, where the air is rarefied
We'll just glide, starry-eyed
Once I get you up there, I'll be holding you so near
You may hear angels cheer 'cause we're together
Weather-wise, it's such a lovely day
You just say the words, and we'll beat the birds
Down to Acapulco bay
It's perfect for a flying honeymoon, they say
Come fly with me, let's fly, let's fly
Pack up, let's fly away!",Missing Lyrics Only
1950s,1955,(We're Gonna) Rock Around The Clock,Bill Haley & His Comets,"rockabilly, rock and roll, doo-wop",64,2.16,False,0.18,0.391,269,25.65,124.54,"One, two, three o'clock, four o'clock rock
Five, six, seven o'clock, eight o'clock rock
Nine, ten, eleven o'clock, twelve o'clock rock
We're gonna rock around the clock tonight

Put your glad rags on, join me hon'
We'll have some fun when the clock strikes one

We're gonna rock around the clock tonight
We're gonna rock, rock, rock 'til broad daylight
We're gonna rock, gonna rock around the clock tonight

When the clock strikes two, three and four
If the band slows down we'll yell for more

We're gonna rock around the clock tonight
We're gonna rock, rock, rock 'til broad daylight
We're gonna rock, gonna rock around the clock tonight


When the chimes ring five, six and seven
We'll be right in seventh heaven

We're gonna rock around the clock tonight
We're gonna rock, rock, rock 'til broad daylight
We're gonna rock, gonna rock around the clock tonight

When it's eight, nine, ten, eleven, too
I'll be goin' strong and so will you

We're gonna rock around the clock tonight
We're gonna rock, rock, rock 'til broad daylight
We're gonna rock, gonna rock around the clock tonight


When the clock strikes twelve we'll cool off then
Start rockin' around the clock again

We're gonna rock around the clock tonight
We're gonna rock, rock, rock 'til broad daylight
We're gonna rock, gonna rock around the clock tonight",Missing Lyrics Only
1950s,2013,Venus - Bonus Track,Frankie Avalon,doo-wop,34,2.37,False,0.374,0.615,170,41.18,71.73,"Hey, Venus!
Oh, Venus!

Venus, if you will
Please, send a little girl for me to thrill
A girl who wants my kisses and my arms
A girl with all the charms of you
Venus, make her fair
A lovely girl with sunlight in her hair
And take the brightest stars up in the skies
And place them in her eyes for me

Venus, goddess of love that you are
Surely, the things I ask
Can't be too great a task

Venus, if you do
I promise that I always will be true
I'll give her all the love I have to give
As long as we both shall live

Venus, goddess of love that you are
Surely, the things I ask
Can't be too great a task

Venus, if you do
I promise that I always will be true
I'll give her all the love I have to give
As long as we both shall live

Hey, Venus!
Oh, Venus!
Make my wish come true",Missing Lyrics Only
1950s,1975,Catch a Falling Star (with Mitchell Ayres and His Orchestra & The Ray Charles Singers),Perry Como,"christmas, adult standards",57,2.5,False,0.478,0.678,242,22.73,96.8,"Catch a falling star and put it in your pocket
Never let it fade away
Catch a falling star and put it in your pocket
Save it for a rainy day

For love may come and tap you on the shoulder
Some starless night
Just in case you feel you want to hold her
You'll have a pocketful of starlight

Catch a falling star and put it in your pocket
Never let it fade away
Catch a falling star and put it in your pocket
Save it for a rainy day

For love may come and tap you on the shoulder
Some starless night
Just in case you feel you want to hold her
You'll have a pocketful of starlight
(Pocketful of starlight, hm, hm, hm, hm, hm, hm)

Catch a falling star and put it in your pocket
Never let it fade away
Catch a falling star and put it in your pocket
Save it for a rainy day

(Save it for a rainy, save it for a rainy, rainy, rainy, day)

For when your troubles start multiplying
And they just might
It's easy to forget them without trying
With just a pocketful of starlight

Catch a falling star and put it in your pocket
Never let it fade away
Catch a falling star and put it in your pocket
Save it for a rainy day
(Save it for a rainy day)
Save it for a rainy day",Missing Lyrics Only
1950s,1958,Volare (Nel Blu Di Pinto Di Blu) - Remastered 1998,Dean Martin,"christmas, adult standards, big band, swing music",67,3.03,False,0.425,0.694,189,59.26,62.38,"Volare, oh oh
Cantare, oh oh oh oh

Let's fly way up to the clouds
Away from the maddening crowds
We can sing in the glow of a star that I know of
Where lovers enjoy peace of mind
Let us leave the confusion and all disillusion behind
Just like birds of a feather, a rainbow together we'll find

Volare, oh oh
E cantare, oh oh oh oh

No wonder my happy heart sings
Your love has given me wings
Penso che un sogno cosi non ritorni mai più
Mi dipingevo le mani e la faccia di blu
Poi d'improvviso venivo dal vento rapito
E incominciavo a volare nel cielo infinito

Volare, oh oh
E cantare, oh oh oh oh
Nel blu, dipinto di blu
Felice di stare lassù
E volavo, volavo felice piu in alto del sole ed ancora piu sù
Mentre il mondo pian piano spariva lontano laggiù
Una musica dolce suonava soltanto per me

Volare, oh oh
E cantare, oh oh oh oh

No wonder my happy heart sings
Your love has given me wings
Nel blu, dipinto di blu
Felice di stare lassù",Missing Lyrics Only
1950s,1958,You Send Me - Mono,Sam Cooke,"motown, soul, classic soul",60,2.76,False,0.421,0.712,209,19.14,75.72,"Darling, you send me
I know you send me
Darling, you send me
Honest you do, honest you do
Honest you do, whoa-oh

You thrill me
I know you, you, you thrill me
Darling you, you, you, you thrill me
Honest you do

At first I thought it was infatuation
But woo, it's lasted so long
Now I find myself wanting
To marry you and take you home, whoa-oh

You, you, you, you send me
I know you send me
I know you send me
Honest you do

(You send me)
Whoa, whenever I'm with you
(You send me)
I know, I know, I know when I'm near you
(You send me)
Mhm, mhm, honest you do, honest you do
Whoa, I know
(You send me)
I know, I know, I know, when you hold me
(You send me)
Whoa-oh, whenever you kiss me
(You send me)
Mhm, mhm, honest you do
At first I thought it was infatuation
But woo, it's lasted so long
Now I find myself wanting
To marry you and take you home

I know, I know, I know, you send me
I know you send me
Whoa-oh, you, you, you, you send me
Honest you do (Do, do, do, do)",Missing Lyrics Only
1950s,1957,Dream a Little Dream of Me (with Paul Weston & His Music From Hollywood),Doris Day,"adult standards, big band",59,3.72,False,0.058,0.526,154,41.56,41.4,"Stars shining bright above you
Night breezes seem to whisper, ""I love you.""
Birds singing in the sycamore trees
Dream a little dream of me
Say, ""Nightie-night"" and kiss me
Just hold me tight and tell me you'll miss me
While I'm alone and blue as can be
Dream a little dream of me
Stars fading but I linger on, dear
Still craving your kiss
I'm longing to linger till dawn, dear
Just saying this
""Sweet dreams till sunbeams find you
Sweet dreams that leave all worries behind you
But in your dreams whatever they be
Dream a little dream of me""
Stars fading but I linger on, dear
Still craving your kiss
I'm longing to linger till dawn, dear
Just saying this
""Sweet dreams till sunbeams find you
Sweet dreams that leave all worries behind you
But in your dreams whatever they be
Dream a little dream of me""",Missing Lyrics Only
1950s,1956,You Make Me Feel So Young - Remastered 1998,Frank Sinatra,"christmas, big band, adult standards, swing music, jazz, vocal jazz",68,2.96,False,0.247,0.516,263,25.1,88.85,"You make me feel so young
You make me feel so spring has sprung
And every time I see you grin
I'm such a happy individual

The moment that you speak
I wanna go play hide-and-seek
I wanna go and bounce the moon
Just like a toy balloon

You and I are just like a couple of tots
Running across the meadow
Picking up lots of forget-me-nots

You make me feel so young
You make me feel there are songs to be sung
Bells to be rung
And a wonderful fling to be flung

And even when I'm old and gray
I'm gonna feel the way I do today
'Cause you make me feel so young

You make me feel so young
You make me feel so spring has sprung
And every time I see you grin
I'm such a happy individual

The moment that you speak
I wanna go and play hide-and-seek
I wanna go and bounce the moon
Just like a toy balloon

You and I are just like a couple of tots
Running across the meadow
Picking up lots of forget-me-nots

You make me feel so young
You make me feel there are songs to be sung
Bells to be rung
Wonderful fling to be flung

And even when I'm old and gray
I'm gonna feel the way I do today
'Cause you, you make me feel so young
You make me feel so young
You make me feel so young
Ooh, you make me feel so young",Missing Lyrics Only
1950s,1956,Love Is Here To Stay - Remastered 1998,Frank Sinatra,"christmas, big band, adult standards, swing music, jazz, vocal jazz",63,2.71,False,0.225,0.592,144,34.72,53.14,"It's very clear, our love is here to stay
Not for a year, but ever and a day
The radio and the telephone and the movies that we know
May just be passing fancies and in time, may go
But oh, my dear, our love is here to stay
Together we're goin' a long, long way
In time, the Rockies may crumble, Gibraltar may tumble
They're only made of clay
But our love is here to stay
The radio and the telephone and the movies that we know
May just be passing fancies, and in time, they go
But oh my dear, love is here to stay
Together we're goin' a long, long way
In time, the Rockies may crumble and Gibraltar, it may tumble
They're only made of clay
But our love, our love is here to stay",Missing Lyrics Only
1950s,1956,I Walk The Line - Single Version,Johnny Cash,"classic country, outlaw country, country",43,2.72,False,0.25,0.521,191,40.84,70.22,"I keep a close watch on this heart of mine
I keep my eyes wide open all the time
I keep the ends out for the tie that binds

Because you're mine, I walk the line

I find it very, very easy to be true
I find myself alone when each day's through
Yes, I'll admit that I'm a fool for you
Because you're mine, I walk the line

As sure as night is dark and day is light
I keep you on my mind both day and night
And happiness I've known proves that it's right

Because you're mine, I walk the line

You've got a way to keep me on your side
You give me cause for love that I can't hide
For you, I know I'd even try to turn the tide

Because you're mine, I walk the line

I keep a close watch on this heart of mine
I keep my eyes wide open all the time
I keep the ends out for the tie that binds

Because you're mine, I walk the line",Missing Lyrics Only
1950s,1991,Buona Sera - Remastered 1991,Louis Prima,"swing music, big band",48,3.12,False,0.046,0.415,225,26.22,72.12,"Buona sera, signorina, buona sera
It is time to say goodnight to Napoli
Though it's hard for us to whisper, buona sera
With that old moon above the Mediterranean sea
In the mornin' signorina we'll go walkin'
When the mountains help the sun come into sight
And by the little jewelry shop we'll stop and linger
While I buy a wedding ring for your finger

In the meantime let me tell you that I love you
Buona sera, signorina kiss me goodnight
Buona sera, signorina kiss me goodnight


Buona sera, signorina, buona sera
It is time to say goodnight to Napoli
Though it's hard for us to whisper, buona sera
With that old moon above the Mediterranean sea
In the mornin' signorina we'll go walkin'
When the mountains help the sun come into sight
And by the little jewelry shop we'll stop and linger
While I buy a wedding ring for your finger

In the meantime let me tell you that I love you
Buona sera, signorina kiss me goodnight
Buona sera, signorina kiss me goodnight

And by the little jewelry shop, we'll stop and linger
While I buy a wedding ring for your finger
In the meantime let me tell you that I love you
Buona sera, signorina kiss me goodnight
Buona sera, signorina kiss me goodnight",Missing Lyrics Only
1950s,2004,Wonderful! Wonderful! (with Ray Conniff & His Orchestra & Chorus) - Single Version,Johnny Mathis,christmas,39,2.83,False,0.656,0.783,182,48.9,64.31,"Sometimes we walk hand in hand by the sea
And we breathe in the cool salty air
You turn to me with a kiss in your eyes
And my heart feels a thrill beyond compare
Then your lips cling to mine, it's wonderful, wonderful
Oh, so wonderful, my love

Sometimes we stand on the top of a hill
And we gaze at the earth and the sky
I turn to you, and you melt in my arms
Here we are, darling, only you and I
What a moment to share, it's wonderful, wonderful
Oh, so wonderful, my love

The world is full of wondrous things, it's true
But they wouldn't have much meaning without you

Some quiet evening, I sit by your side
And we're lost in a world of our own
I feel the glow of your unspoken love
I'm aware of the treasure that I own
And I say to myself, ""It's wonderful, wonderful
Oh, so wonderful, my love""

And I say to myself, ""It's wonderful, wonderful
Oh, so wonderful, my love""",Missing Lyrics Only
1950s,1962,I Can't Stop Loving You - 2024 Remaster,Ray Charles,"jazz blues, soul, soul blues, blues, classic soul, vocal jazz",63,4.27,False,0.09,0.506,235,25.96,55.04,"I can't stop loving you, I've made up my mind
To live in memories of the lonesome times
I can't stop wanting you, it's useless to say
So I'll just live my life in dreams of yesterdays, dreams of yesterday

Those happy hours that we once knew
Though long ago, they still make me blue
They say that time heals a broken heart
But time has stood still since we've been apart, yeah

I can't stop loving you, I've made up my mind
To live in memories of the lonesome times
I can't stop wanting you, it's useless to say
So I'll just live my life in dreams of yesterdays

Those happy hours (Those happy hours)
That we once knew (That we once knew)
Though long ago (Though long ago)
Still make me blue (Still make me blue)
They say that time (They say that time)
Heals a broken heart (Heals a broken heart)
But time has stood still (Time has stood still)
Since we've been apart (Since we've been apart)

I can't stop loving you, I said I've made up my mind
To live in memories of the lonesome times, sing the song to me
I can't stop wanting you, it's useless to say
So I'll just live my life of dreams of yesterdays, of yesterdays",Missing Lyrics Only
1960s,1964,Walk on By,Dionne Warwick,,67,2.97,False,0.008,0.205,279,22.58,93.87,"If you see me walkin' down the street
And I start to cry each time we meet
Walk on by
Walk on by
Make believe that you don't see the tears
Just let me grieve
In private 'cause each time I see you
I break down and cry
Walk on by (Don't stop)
Walk on by (Don't stop)
Walk on by
I just can't get over losin' you
And so if I seem broken and blue
Walk on by
Walk on by
Foolish pride, that's all that I have left
So let me hide
The tears and the sadness you gave me
When you said goodbye
Walk on by (Don't stop)
Walk on by (Don't stop)
Walk on by (Don't stop)
Walk on
Walk on by, walk on by
Foolish pride, that's all that I have left
So let me hide
The tears and the sadness you gave me
When you said goodbye
Walk on by (Don't stop)
Walk on by (Don't stop)
Now you really gotta go, so walk on by (Don't, don't stop)
Baby, leave, you'll never see the tears I cry (Don't, don't stop)
Now you really gotta go, so walk on by (Don't, don't stop)
Baby, leave, you'll never see the tears I cry (Don't, don't stop)
Now you really gotta go, so walk on by (Don't, don't stop)
Baby, leave, you'll never see the tears I cry (Don't, don't stop)
Now you really gotta go, so walk on by (Don't, don't stop)",Missing Genre Only
1960s,1963,You Don't Own Me,Lesley Gore,,70,2.5,False,0.338,0.643,230,26.09,92.0,"You don't own me
I'm not just one of your many toys
You don't own me
Don't say I can't go with other boys
And don't tell me what to do
Don't tell me what to say
And please, when I go out with you
Don't put me on display, 'cause
You don't own me
Don't try to change me in any way
You don't own me
Don't tie me down, 'cause I'd never stay
I don't tell you what to say
I don't tell you what to do
So just let me be myself
That's all I ask of you
I'm young, and I love to be young
I'm free, and I love to be free
To live my life the way I want
To say and do whatever I please
And – don't tell me what to do
Oh – don't tell me what to say
And please, when I go out with you
Don't put me on display
I don't tell you what to say
Oh, I don't tell you what to do
So just let me be myself
That's all I ask of you
I'm young, and I love to be young
I'm free, and I love to be free...",Missing Genre Only
1960s,1966,California Dreamin' - Single Version,The Mamas & The Papas,folk rock,79,2.71,False,0.126,0.592,227,26.87,83.76,"All the leaves are brown (All the leaves are brown)
And the sky is gray (And the sky is gray)
I've been for a walk (I've been for a walk)
On a winter's day (On a winter's day)
I'd be safe and warm (I'd be safe and warm)
If I was in L.A. (If I was in L.A.)
California dreamin' (California dreamin')
On such a winter's day

Stopped in to a church
I passed along the way
Well, I got down on my knees (Got down on my knees)
And I pretend to pray (I pretend to pray)
You know the preacher liked the cold (Preacher liked the cold)
He knows I'm gonna stay (Knows I'm gonna stay)
California dreamin' (California dreamin')
On such a winter's day


All the leaves are brown (All the leaves are brown)
And the sky is gray (And the sky is gray)
I've been for a walk (I've been for a walk)
On a winter's day (On a winter's day)
If I didn't tell her (If I didn't tell her)
I could leave today (I could leave today)
California dreamin' (California dreamin')
On such a winter's day (California dreamin')
On such a winter's day (California dreamin')
On such a winter's day",Missing Lyrics Only
1960s,1967,Happy Together,The Turtles,,76,2.94,False,0.491,0.823,282,25.18,95.98,"Imagine me and you, I do
I think about you day and night, it's only right
To think about the girl you love and hold her tight
So happy together
If I should call you up, invest a dime (Call you up)
And you say you belong to me and ease my mind (Ease my mind)
Imagine how the world could be so very fine (Very fine)
So happy together
I can't see me lovin' nobody but you
For all my life
When you're with me, baby, the skies'll be blue
For all my life
Me and you, and you and me (You and me)
No matter how they toss the dice, it had to be (It had to be)
The only one for me is you, and you for me (You for me)
So happy together
I can't see me lovin' nobody but you
For all my life
When you're with me, baby, the skies'll be blue
For all my life
Me and you and you and me
No matter how they toss the dice, it had to be
The only one for me is you, and you for me
So happy together
Ba-ba-ba-ba, ba-ba-ba-ba, ba-ba-ba
Ba-ba-ba, ba
Ba-ba-ba-ba, ba-ba-ba-ba, ba-ba-ba
Ba-ba-ba, ba
Me and you, and you and me
No matter how they toss the dice, it had to be
The only one for me is you, and you for me
So happy together
So happy together
And how is the weather? (Ba-ba-ba-ba)
So happy together (Ba-ba-ba-ba, ba-ba-ba-ba)
We're happy together (Ba-ba-ba-ba, ba-ba-ba-ba)
So happy together (Ba-ba-ba-ba, ba-ba-ba-ba)
Happy together (Ba-ba-ba-ba, ba-ba-ba-ba)
So happy together (Ba-ba-ba-ba, ba-ba-ba-ba)
So happy together (Ba-ba-ba-ba, ba-ba-ba-ba)",Missing Genre Only
1960s,1962,Stand By Me,Ben E. King,,79,2.92,False,-0.156,0.613,163,33.13,55.73,"When the night has come
And the land is dark
And the moon is the only light we'll see
No, I won't be afraid
Oh, I won't be afraid
Just as long as you stand, stand by me
So darlin', darlin', stand by me
Oh, stand by me
Oh, stand
Stand by me, stand by me
If the sky that we look upon
Should tumble and fall
Or the mountains should crumble to the sea
I won't cry, I won't cry
No, I won't shed a tear
Just as long as you stand, stand by me
And darlin', darlin', stand by me
Oh, stand by me
Woah, stand now
Stand by me, stand by me
Darlin', darlin', stand by me
Oh, stand by me
Oh, stand now
Stand by me, stand by me
Whenever you're in trouble, won't you stand by me?
Oh, stand by me
Woah, just stand now
Oh, stand, stand by me",Missing Genre Only
1960s,1967,Can't Take My Eyes off You,Frankie Valli,,80,3.39,False,0.291,0.587,290,28.97,85.43,"You're just too good to be true
Can't take my eyes off of you
You'd be like Heaven to touch
I wanna hold you so much
At long last love has arrived
And I thank God I'm alive
You're just too good to be true
Can't take my eyes off you
Pardon the way that I stare
There's nothing else to compare
The sight of you leaves me weak
There are no words left to speak
But if you feel like I feel
Please let me know that it's real
You're just too good to be true
Can't take my eyes off you
I love you, baby, and if it's quite alright
I need you, baby, to warm the lonely night
I love you, baby, trust in me when I say
Oh, pretty baby, don't bring me down, I pray
Oh, pretty baby, now that I found you, stay
And let me love you, baby, let me love you
You're just too good to be true
Can't take my eyes off o' you
You'd be like Heaven to touch
I wanna hold you so much
At long last love has arrived
And I thank God I'm alive
You're just too good to be true
Can't take my eyes off you
I love you, baby, and if it's quite alright
I need you, baby, to warm the lonely night
I love you, baby, trust in me when I say
Oh, pretty baby, don't bring me down, I pray
Oh, pretty baby, now that I found you, stay
Oh, pretty baby, trust in me when I say
Oh, pretty baby...",Missing Genre Only
1960s,1987,These Boots Are Made for Walkin',Nancy Sinatra,,53,2.71,False,0.426,0.501,197,41.62,72.58,"You keep sayin' you got something for me
Somethin' you call love, but confess
You've been-a-messin' where you shouldn't-a-been-messing
And now someone else is getting all your best
These boots are made for walkin'
And that's just what they'll do
One of these days these boots
Are gonna walk all over you
Yeah
You keep lyin' when you ought to be truthin'
You keep losin' when you oughta not bet
You keep samin' when you oughta be a-changin'
Now what's right is right, but you ain't been right yet
These boots are made for walkin'
And that's just what they'll do
One of these days these boots
Are gonna walk all over you
You keep playin' where you shouldn't be playin'
And you keep thinkin' that you'll never get burnt, ha
I've just found me a brand-new box of matches, yeah
And what he knows, you ain't had time to learn
These boots are made for walkin'
And that's just what they'll do
One of these days these boots
Are gonna walk all over you
Are you ready, boots?
Start walkin'",Missing Genre Only
1960s,1969,Here Comes The Sun - Remastered 2009,The Beatles,"classic rock, psychedelic rock",83,3.1,False,-0.148,0.499,166,21.69,53.55,"Here comes the sun, doo-d-doo-doo
Here comes the sun
And I say, 
""It's alright""

Little darling
It's been a long, cold, lonely winter
Little darling
It feels like years since it's been here

Here comes the sun, doo-d-doo-doo
Here comes the sun
And I say,
 ""It's alright""

Little darling
The smile's returning to the faces
Little darling
It seems like years since it's been here

Here comes the sun
Here comes the sun
And I say, ""It's alright""

Sun, sun, sun, here it comes
Sun, sun, sun, here it comes
Sun, sun, sun, here it comes
Sun, sun, sun, here it comes
Sun, sun, sun, here it comes

Little darling
I feel that ice is slowly melting
Little darling
It seems like years since it's been clear

But
 here comes the sun, doo-d-doo-doo
Here comes the sun
And I say,
 ""It's alright""
Here comes the sun, doo-d-doo-doo
Here comes the sun
It's alright
It's alright",Missing Lyrics Only
1960s,1966,Wouldn't It Be Nice - Mono,The Beach Boys,baroque pop,47,2.43,False,0.274,0.613,218,44.95,89.71,"Wouldn't it be nice if we were older?
Then we wouldn't have to wait so long
And wouldn't it be nice to live together
In the kind of world where we belong?

You know it's gonna make it that much better
When we can say goodnight and stay together

Wouldn't it be nice if we could wake up
In the morning when the day is new?
After having spent the day together
Hold each other close the whole night through

But happy times together we've been spending
I wish that every kiss was never-ending
Oh, wouldn't it be nice?

Maybe if we think and wish and hope and pray, it might come true (Run, run, we-ooh)
Oh, baby, then there wouldn't be a single thing we couldn't do
Oh, we could be married (Oh, we could be married)
And then we'd be happy (And then we'd be happy)
Oh, wouldn't it be nice?

You know it seems the more we talk about it
It only makes it worse to live without it
But let's talk about it
But wouldn't it be nice?

Goodnight, my baby
Sleep tight, my baby
Goodnight, my baby
Sleep tight, my baby
Goodnight, my baby
Sleep tight, my baby",Missing Lyrics Only
1960s,1973,Hey Jude - Remastered 2009,The Beatles,"classic rock, psychedelic rock",58,7.19,False,0.054,0.631,362,27.62,50.35,"Hey, Jude, don't make it bad
Take a sad song and make it better
Remember to let her into your heart
Then you can start to make it better

Hey, Jude, don't be afraid
You were made to go out and get her
The minute you let her under your skin
Then you begin to make it better

And anytime you feel the pain, hey, Jude, refrain
Don't carry the world upon your shoulders
For well you know that it's a fool who plays it cool
By making his world a little colder
Na-na-na-na-na, na-na-na-na

Hey, Jude, don't let me down
You have found her, now go and get her
(Let it out and let it in)
Remember (Hey, Jude) to let her into your heart
Then you can start to make it better

So let it out and let it in, hey, Jude, begin
You're waiting for someone to perform with
And don't you know that it's just you, hey, Jude, you'll do
The movement you need is on your shoulder
Na-na-na-na-na, na-na-na-na, yeah

Hey, Jude, don't make it bad
Take a sad song and make it better
Remember to let her under your skin
Then you'll begin to make it (
Woah, fucking hell
)
Better, better, better, better, better, better, oh

Yeah, yeah-yeah-yeah-yeah-yeah-yeah
Na-na-na-na-na-na-na, na-na-na-na, hey, Jude
Na-na-na-na-na-na-na, na-na-na-na, hey, Jude
Na-na-na-na-na-na-na, na-na-na-na, hey, Jude
Na-na-na-na-na-na-na, na-na-na-na, hey, Jude
(Jude, Judy, Judy, Judy, Judy, Judy, ow-wow)
Na-na-na-na-na-na-na (Na-na-na), na-na-na-na, hey, Jude
(Jude, Jude, Jude, Jude, Jude)
Na-na-na-na-na-na-na (Yeah, yeah, yeah), na-na-na-na, hey, Jude
(You know you can make, Jude, Jude, you're not gonna break it)
Na-na (Don't make it bad, Jude) na-na-na-na-na (Take a sad song and make it better), na-na-na-na, hey, Jude
Hey, Jude, hey, Jude wow
Na-na-na-na-na-na-na, na-na-na-na, hey, Jude
Na-na-na-na-na-na-na, na-na-na-na, hey, Jude
Jude, Jude, Jude, Jude, Jude, Jude
Na-na-na-na-na-na-na, na-na-na-na, hey, Jude
Na-na-na-na-na-na-na, na-na-na-na, hey, Jude
(Na-na-na-na-na-na-na-na-na-na-na-na)
Na-na-na-na-na-na-na, na-na-na-na, hey, Jude
Na-na-na-na-na-na-na, na-na-na-na, hey, Jude
Na-na-na-na-na-na-na (Make it, Jude), na-na-na-na, hey, Jude
(Yeah-yeah-yeah-yeah, yeah, yeah, yeah)
Na-na-na-na-na-na-na, na-na-na-na, hey, Jude
(Go listen to ya ma-ma-ma-ma-ma-ma-ma-ma)
Na-na-na-na-na-na-na, na-na-na-na, hey, Jude
Na-na-na-na-na-na-na, na-na-na-na, hey, Jude",Missing Lyrics Only
1960s,1962,Fly Me To The Moon (In Other Words),Frank Sinatra,"christmas, big band, adult standards, swing music, jazz, vocal jazz",74,2.45,False,0.109,0.487,103,42.72,42.04,"Fly me to the moon
Let me play among the stars
And let me see what spring is like
On a-Jupiter and Mars
In other words, hold my hand
In other words, baby, kiss me

Fill my heart with song
And let me sing forevermore
You are all I long for
All I worship and adore
In other words, please be true
In other words, I love you


Fill my heart with song
Let me sing forevermore
You are all I long for
All I worship and adore
In other words, please be true
In other words, in other words
I love you",Missing Lyrics Only
1960s,1968,Blackbird - Remastered 2009,The Beatles,"classic rock, psychedelic rock",78,2.31,False,0.172,0.707,124,29.03,53.68,"Blackbird singing in the dead of night
Take these broken wings and learn to fly
All your life
You were only waiting for this moment to arise

Blackbird singing in the dead of night
Take these sunken eyes and learn to see
All your life
You were only waiting for this moment to be free

Blackbird fly, blackbird fly
Into the light of a dark black night
Blackbird fly, blackbird fly
Into the light of a dark black night

Blackbird singing in the dead of night
Take these broken wings and learn to fly
All your life
You were only waiting for this moment to arise

You were only waiting for this moment to arise
You were only waiting for this moment to arise",Missing Lyrics Only
1960s,1990,Unchained Melody,The Righteous Brothers,,63,3.6,False,0.174,0.532,124,35.48,34.4,"Woah, my love, my darling
I've hungered for your touch
A long, lonely time
And time goes by so slowly
And time can do so much
Are you still mine?
I need your love
I need your love
Godspeed your love to me
Lonely rivers flow
To the sea, to the sea
To the open arms of the sea, yeah
Lonely rivers sigh
""Wait for me, wait for me""
I'll be coming home, wait for me
Woah, my love, my darling
I've hungered, hungered for your touch
A long, lonely time
And time goes by so slowly
And time can do so much
Are you still mine?
I need your love
I, I need your love
Godspeed your love to me",Missing Genre Only
1960s,1969,Sweet Caroline,Neil Diamond,,77,3.39,False,0.466,0.641,150,50.0,44.21,"Where it began
I can't begin to know when
But then I know it's growin' strong
Was in the spring
And spring became the summer
Who'd have believed you'd come along?
Hands
Touchin' hands
Reachin' out
Touchin' me, touchin' you
Sweet Caroline
Good times never seemed so good
I've been inclined
To believe they never would
But now I…
Look at the night
And it don't seem so lonely
We fill it up with only two
And when I hurt
Hurtin' runs off my shoulders
How can I hurt when holdin' you?
Warm
Touching warm
Reachin' out
Touchin' me, touchin' you
Sweet Caroline
Good times never seemed so good
I've been inclined
To believe they never would
Oh no, no
Sweet Caroline
Good times never seemed so good
Sweet Caroline
I believe they never could
Sweet Caroline
Good times never seemed so good",Missing Genre Only
1960s,2021,Bang Bang,Nancy Sinatra,,67,2.69,False,-0.401,0.678,337,64.39,125.29,"Bang Bang...
I shot you down, bang bang
You hit the ground, bang bang..
That awful sound..
Bang bang...
I used to shoot you down
Eechale..
Este mundo me esta apuntando como fierro
El gatillo ligero
Estamos cruzando el infierno
Son avenidas de fuego
Plazas de guerra y de miedo
Parques sin niños sin sueños
Matar es el nuevo juego
Pelotas de letra
Remplazadas por metales
De ahi salen los instintos animales
Son reales
Imaginate esos padres
Llorando por su hijo encontrando muerto en las calles
Y en el barrio empiezan las venganzas
Y el gobierno haciendo dinero esas matanzas
Fusiles, pistolas, misiles, licores, cartuchos
Cold case nicotina pal estres
No lo vez
Siete pies
Bajo tierra nos quieren
Enterrar vivos en
Este mundo nos tienen
De rehen
En la mira
De pie contra la pared
Si me arrodillo es solo pa rezar oyelo bien
Asi caen los cuerpos tendidos
Cuantos han caido
Cuantos caeran cuando me alivio
Heridos por malentendidos
Cuantos han caido
Cuantos caeran cuando me alivio
Suena un disparo otro cuerpo cayo
Otro joven sin recurso que el sistema escogio
Fue puesto en el mundo donde todo se le prohibio
Donde su unico axeso era drogarse y licor
Guns ‘n roses, hate on fold ‘em
Fake approaches, stakes que te estan provoquen
Mistakes desorden creates Guerra
I choken
Que te lo digo de adentro we are always praying and hoping
Yeah
Despues nos categorizan maton y locos
Si son ellos los que nos venden las 38
En cada esquina un joven con cocaina
Con veintes de heroina
Comprando pistolas finas
Jugando en la avenida
Tirando la policia
Disparan en sangre fria
Corriendo salvar sus vidas
Es el resultado del fruto criminal
Lo triste es que lo ignoran todo sigue igual
Asi caen los cuerpos tendidos
Cuantos an caido
Cuantos caeran cuando me alivio
Heridos por malentendidos
Cuantos han caido
Cuantos caeran cuando me alivio
TRES CORONAS
PARA MIS LATINOS
QUE LA ESTAN BUSCANDO NO se DEJEN CAER
NO BABY
VAMOS PA LANTE",Missing Genre Only
1960s,1963,Twist And Shout - Remastered 2009,The Beatles,"classic rock, psychedelic rock",75,2.59,False,0.112,0.514,292,14.38,112.74,"Well, shake it up, baby, now (
Shake it up, baby
)
Twist and shout (
Twist and shout
)
C'mon, c'mon, c'mon, c'mon, baby, now (
Come on, baby
)
Come on and work it on out (
Work it on out, ooh
)
Well, work it on out, honey (
Work it on out
)
You know you look so good (
Look so good
)
You know you got me goin' now (
Got me goin'
)
Just like you knew you would (
Like I knew you would, ooh
)

Well, shake it up, baby, now (Shake it up, baby)
Twist and shout (Twist and shout)
C'mon, c'mon, c'mon, c'mon, baby, now (Come on, baby)
Come on and work it on out (Work it on out, ooh)
You know you twist, you little girl (
Twist, little girl
)
You know you twist so fine (
Twist so fine
)
Come on and twist a little closer, now (
Twist a little closer
)
And let me know that you're mine (
Let me know you're mine, ooh
)


Ah (Ah, ah, ah)
(Ah) Woah (Yeah), yeah

Baby, now (Shake it up, baby)
Twist and shout (Twist and shout)
C'mon, c'mon, c'mon, c'mon, baby, now (Come on, baby)
Come on and work it on out (Work it on out, ooh)
You know you twist, you little girl (
Twist, little girl
)
You know you twist so fine (
Twist so fine
)
Come on and twist a little closer, now (
Twist a little closer
)
And let me know that you're mine (
Let me know you're mine, ooh
)

Well, shake it, shake it, shake it, baby, now (Shake it up, baby)
Well, shake it, shake it, shake it, baby, now (Shake it up, baby)
Well, shake it, shake it, shake it, baby, now (Shake it up, baby)
Ah (Ah, ah, ah)
Ayy",Missing Lyrics Only
1960s,1994,The End of the World,Skeeter Davis,,66,2.63,False,0.3,0.385,164,38.41,62.45,"Why does the sun go on shining?
Why does the sea rush to shore?
Don't they know it's the end of the world?
'Cause you don't love me any more
Why do the birds go on singing?
Why do the stars glow above?
Don't they know it's the end of the world?
It ended when I lost your love
I wake up in the morning and I wonder
Why everything's the same as it was
I can't understand, no, I can't understand
How life goes on the way it does
Why does my heart go on beating?
Why do these eyes of mine cry?
Don't they know it's the end of the world?
It ended when you said goodbye
Why does my heart go on beating? Hmm, hmm
Why do these eyes of mine cry? Hmm, hmm
Don't they know it's the end of the world?
It ended when you said goodbye",Missing Genre Only
1960s,1965,It's Not Unusual,Tom Jones,,71,2.0,False,0.038,0.833,153,43.79,76.63,"It's not unusual to be loved by anyone
It's not unusual to have fun with anyone
But when I see you hanging about with anyone
It's not unusual to see me cry
Oh, I wanna die
It's not unusual to go out at any time
But when I see you out and about it's such a crime
If you should ever want to be loved by anyone
It's not unusual
It happens every day, no matter what you say
You find it happens all the time
Love will never do, what you want it to
Why can't this crazy love be mine?
It's not unusual, to be mad with anyone
It's not unusual, to be sad with anyone
But if I ever find that you've changed at anytime
It's not unusual to find out I'm in love with you
Whoa-oh-oh-oh-oh",Missing Genre Only
1960s,1963,You'll Never Walk Alone - Stereo; 1997 Remaster,Gerry & The Pacemakers,,55,2.74,False,0.012,0.598,95,45.26,34.67,"When you walk through a storm
Hold your head up high
And don't be afraid of the dark
At the end of a storm
There's a golden sky
And the sweet silver song of a lark

Walk on through the wind
Walk on through the rain
Though your dreams be tossed and blown

Walk on, walk on
With hope in your heart
And you'll never walk alone
You'll never walk alone
Walk on, walk on
With hope in your heart
And you'll never walk alone
You'll never walk alone",Both Missing
1960s,1967,Build Me Up Buttercup - Mono,The Foundations,,75,3.0,False,-0.071,0.547,431,20.42,143.67,"Why do you build me up (Build me up)
Buttercup, baby
Just to let me down? (Let me down)
And mess me around
And then, worst of all (Worst of all)
You never call, baby
When you say you will (Say you will)
But I love you still
I need you (I need you)
More than anyone, darling
You know that I have from the start
So build me up (Build me up)
Buttercup, don't break my heart

""I'll be over at ten,"" you told me time and again
But you're late, I wait around and then (Ba-dah-dah)
I went to the door, I can't take any more
It's not you, you let me down again (Hey, hey, hey)

Baby, baby, try to find (Hey, hey, hey)
A little time and I'll make you happy (Hey, hey, hey)
I'll be home, I'll be beside the phone waiting for you
Ooh ooh ooh, ooh ooh ooh

Why do you build me up (Build me up)
Buttercup, baby
Just to let me down? (Let me down)
And mess me around
And then, worst of all (Worst of all)
You never call, baby
When you say you will (Say you will)
But I love you still
I need you (I need you)
More than anyone, darling
You know that I have from the start
So build me up (Build me up)
Buttercup, don't break my heart

To you, I'm a toy, but I could be the boy you adore
If you'd just let me know (Ba-dah-dah)
Although you're untrue, I'm attracted to you all the more
Why do I need you so? (Hey, hey, hey)

Baby, baby, try to find (Hey, hey, hey)
A little time and I'll make you happy (Hey, hey, hey)
I'll be home, I'll be beside the phone waiting for you
Ooh ooh ooh, ooh ooh ooh

Why do you build me up (Build me up)
Buttercup, baby
Just to let me down? (Let me down)
And mess me around
And then, worst of all (Worst of all)
You never call, baby
When you say you will (Say you will)
But I love you still
I need you (I need you)
More than anyone, darling
You know that I have from the start
So build me up (Build me up)
Buttercup, don't break my heart

I-I-I need you more than anyone, baby
You know that I have from the start
So build me up (Build me up)
Buttercup, don't break my heart",Both Missing
1960s,1968,Sympathy For The Devil - 50th Anniversary Edition,The Rolling Stones,"classic rock, rock",74,6.3,False,-0.01,0.537,486,33.33,77.14,"Yeow
Yeow
Yeow

Please allow me to introduce myself
I'm a man of wealth and taste
I've been around for a long, long year
Stole many a man's soul and faith
And I was 'round when Jesus Christ
Had his moment of doubt and pain
Made damn sure that Pilate
Washed his hands and sealed his fate

Pleased to meet you, hope you guess my name
But what's puzzlin' you is the nature of my game

Stuck around St. Petersburg
When I saw it was a time for a change
Killed the Tsar and his ministers
Anastasia screamed in vain
I rode a tank, held a general's rank
When the Blitzkrieg raged and the bodies stank

Pleased to meet you, hope you guess my name
Oh yeah
Ah, what's puzzlin' you is the nature of my game
Aww yeah

I watched with glee while your kings and queens
Fought for ten decades for the gods they made
I shouted out, ""Who killed the Kennedys?""
When, after all, it was you and me
Let me please introduce myself
I'm a man of wealth and taste
And I laid traps for troubadours
Who get killed before they reach Bombay

Pleased to meet you, hope you guess my name
Oh yeah
But what's puzzlin' you is the nature of my game
Aww yeah
(Uh, get down heavy!)


Pleased to meet you, hope you'll guess my name
Aww yeah
But what's confusin' you is just the nature of my game
Mmm yeah

Just as every cop is a criminal
And all the sinners saints
As heads is tails, just call me Lucifer
'Cause I'm in need of some restraint
So if you meet me, have some courtesy
Have some sympathy and some taste
Use all your well-learned politesse
Or I'll lay your soul to waste
Mmm, yeah

Pleased to meet you, hope you guessed my name
Mmm, yeah
But what's puzzlin' you is the nature of my game
Mmm, mean it, get down

Woo hoo!
Aww yeah
Get on down
Oh yeah
Ba bum bum, ba ba bum, ba ba bum, ba ba bum, ba ba bum, ba ba bum, ba ba bum, ba ba bum, ba ba bum, yeah
Ah yeah
Tell me, baby, what's my name?
Tell me, honey, can you guess my name?
Tell me, baby, what's my name?
I'll tell you one time, you're to blame
Ooo hoo, ooo hoo, ooo hoo
All right
Ooo hoo hoo, ooo hoo hoo, ooo hoo hoo
Ah yeah
Ooo hoo hoo, ooo hoo hoo
Ah, yes, what's my name?
Tell me, baby, ah, what's my name?
Tell me, sweetie, what's my name?
Ooo hoo hoo, ooo hoo hoo, ooo hoo hoo, ooo hoo hoo
Ooo hoo hoo, ooo hoo hoo, ooo hoo hoo
Ah yeah
What's my name...",Missing Lyrics Only
1960s,1968,Spooky,Dusty Springfield,,71,2.74,False,-0.002,0.61,199,50.75,72.73,"In the cool of the evening when everything is gettin' kind of groovy
You call me up and ask me would I like to go with you and see a movie
First I say, ""No, I've got some plans for the night,"" and then I stop
And say, ""Alright""
Love is kinda crazy with a spooky little boy like you
You always keep me guessin', I never seem to know what you are thinkin'
And if a girl looks at you it's for sure your little eye will be a-winkin'
I get confused, I never know where I stand, and then you smile
And hold my hand
Love is kinda crazy with a spooky little boy like you
Spooky
If you decide someday to stop this little game that you are playing
I'm gonna tell you all the things my heart's been a-dyin' to be sayin'
Just like a ghost you've been a-hauntin' my dreams, but now I know
You're not what you seem
Love is kinda crazy with a spooky little boy like you
Spooky, yeah
Ah, spooky
Mmm, spooky
Ah, ah, ah, spooky
Ooh, spooky, yeah
Ah, ah, ah, spooky",Missing Genre Only
1960s,1971,(I Can't Get No) Satisfaction - Mono,The Rolling Stones,"classic rock, rock",53,3.71,False,0.089,0.247,295,25.76,79.51,"I can't get no satisfaction
I can't get no satisfaction
'Cause I try, and I try, and I try and I try
I can't get no, I can't get no

When I'm driving in my car
And that man comes on the radio
And he's telling me more and more
About some useless information
Supposed to fire my imagination
I can't get no, oh no, no, no
Hey, hey, hey, that's what I'll say

I can't get no satisfaction
I can't get no satisfaction
'Cause I try, and I try, and I try, and I try
I can't get no, I can't get no

When I'm watching my TV
And a man comes on and tells me
How white my shirts can be
Well, he can't be a man 'cause he doesn't smoke
The same cigarettes as me
I can't get no, oh no, no, no
Hey, hey, hey, that's what I say

I can't get no satisfaction
I can't get no girl reaction
'Cause I try, and I try, and I try, and I try
I can't get no, I can't get no

When I'm riding 'round the world
And I'm doing this and I'm signing that
And I'm trying to make some girl
Who tells me, ""Baby, better come back, maybe next week""
'Cause you see, I'm on a losing streak
I can't get no, oh no, no, no
Hey, hey, hey, that's what I'll say

I can't get no, I can't get no
I can't get no satisfaction
No satisfaction, no satisfaction, no satisfaction
I can't get no",Missing Lyrics Only
1960s,1966,I Got You (I Feel Good),James Brown & The Famous Flames,,69,2.76,False,0.561,0.813,201,18.41,72.74,"Wow, I feel good, I knew that I would now
I feel good, I knew that I would now
So good, so good, I got you
Wow, I feel nice, like sugar and spice
I feel nice, like sugar and spice
So nice, so nice, I got you
When I hold you in my arms
I know that I can do no wrong
And when I hold you in my arms
My love won't do you no harm
And I feel nice, like sugar and spice
I feel nice, like sugar and spice
So nice, so nice, I got you
When I hold you in my arms
I know that I can't do no wrong
And when I hold you in my arms
My love can't do me no harm
And I feel nice, like sugar and spice
I feel nice, like sugar and spice
So nice, so nice, well I got you
Wow, I feel good, I knew that I would now
I feel good, I knew that I would
So good, so good, 'cause I got you
So good, so good, 'cause I got you
So good, so good, 'cause I got you
Hey
Oh, yeah",Missing Genre Only
1960s,1968,Time of the Season - Mono Remastered,The Zombies,"baroque pop, psychedelic rock",70,3.51,False,0.279,0.626,182,29.67,51.85,"​​

It's the time of the season
When the love runs high
In this time, give it to me easy
And let me try with pleasured hands

To take you in the sun to (Promised lands)
To show you every one
It's the time of the season for loving

What's your name? (What's your name?)
Who's your daddy? (Who's your daddy?)
(He rich?) Is he rich like me?
Has he taken (Has he taken)
Any time (Any time)
(To show) To show you what you need to live?

Tell it to me slowly (Tell you what?)
I really want to know
It's the time of the season for loving
​

What's your name? (What's your name?)
Who's your daddy? (Who's your daddy?)
(He rich?) Is he rich like me?
Has he taken (Has he taken)
Any time (Any time)
(To show) To show you what you need to live?

Tell it to me slowly (Tell you what?)
I really want to know
It's the time of the season for loving",Missing Lyrics Only
1960s,1963,It's My Party,Lesley Gore,,63,2.33,False,0.1,0.075,261,27.2,111.86,"It's my party and I'll cry if I want to
Cry if I want to
Cry if I want to
You would cry too if it happened to you
Nobody knows where my Johnny has gone 
(Johnny has gone)
But Judy left the same time
Why was he holding her hand
When he's supposed to be mine?
It's my party and I'll cry if I want to
Cry if I want to
Cry if I want to
You would cry too if it happened to you
Play all my records, keep dancing all night (Dancing all night)
But leave me alone for a while
'Til Johnny's dancing with me
I've got no reason to smile
It's my party and I'll cry if I want to
Cry if I want to
Cry if I want to
You would cry too if it happened to you
Judy and Johnny just walked through the door 
(Walked through the door)
Like a queen with her king
Oh, what a birthday surprise
Judy's wearin' his ring
It's my party and I'll cry if I want to
Cry if I want to
Cry if I want to
You would cry too if it happened to you
Oh-oh, it's my party and I'll cry if I want to
Cry if I want to
Cry if I want to
You would cry too if it happened to you
It's my party and I'll cry if I want to
Cry if I want to",Missing Genre Only
1960s,1969,Whole Lotta Love - 1990 Remaster,Led Zeppelin,"classic rock, rock, hard rock, rock and roll",77,5.56,False,0.346,0.496,303,20.46,54.5,"Aha

You need coolin'
Baby, I'm not foolin'
I'm gonna send ya
Back to schoolin'
Way down inside
Honey, you need it
I'm gonna give you my love
I'm gonna give you my love

Oh, wanna whole lotta love
Wanna whole lotta love
Wanna whole lotta love
Wanna whole lotta love

You've been learnin'
Baby, I been learnin'
All the good times
Baby, baby, I've been yearning
Way, way down inside
Uh, honey, you need it
I'm gonna give you my love, uh
I'm gonna give you my love, uh

Oh, whole lotta love
Wanna whole lotta love
Wanna whole lotta love
Wanna whole lotta love


Ah, ah, ah
Ah, ah, ah
Ah, ah, ah, ah, ah, ah, ah, ah, ah, ah, ah, ah, ah, ah, ah, ah, ah, ah, ah, ah, ah, ah, ah, ah (No, no, no, no)
Ah
Love
Love


You've been coolin'
Baby, I've been droolin'
All the good times
Baby, I've been misusin'
Way, way down inside
I'm gonna give you my love
I'm gonna give you every inch of my love
I'm gonna give you my love (Oh)
Yeah, alright, let's go (Ah)

Wanna whole lotta love
Wanna whole lotta love
Wanna whole lotta love
Wanna whole lotta love

Way down inside
Woman
You need
Love

My, my, my, my
My, my, my, my, oh
Shake for me, girl
I wanna be your backdoor man
Hey, oh
Hey, oh
Hey, oh
Ooh, oh
Oh, oh, oh, oh
Ooh, my, my baby
Keep it coolin', baby
I Keep it coolin', baby
I Keep it coolin', baby
I keep it coolin', baby
Ah, ah-oh",Missing Lyrics Only
1960s,1967,Brown Eyed Girl,Van Morrison,,78,3.11,False,-0.088,0.394,200,50.0,64.32,"Hey, where did we go?
Days when the rains came
Down in the hollow
Playin' a new game
Laughin' and a-runnin', hey, hey
Skippin' and a jumpin'
In the misty morning fog with
Our, our hearts a thumpin'
And you, my brown-eyed girl
You, my brown-eyed girl
Whatever happened
To Tuesday and so slow?
Going down the old mine
With a transistor radio
Standing in the sunlight laughing
Hiding behind a rainbow's wall
Slipping and sliding
All along the waterfall
With you, my brown-eyed girl
You, my brown-eyed girl
Do you remember when we used to sing
Sha-la-la-la-la-la-la-la-la-la-la-tee-da?
Just like that
Sha-la-la-la-la-la-la-la-la-la-la-tee-da
La-tee-da
So hard to find my way
Now that I'm all on my own
I saw you just the other day
My, how you have grown
Cast my memory back there, Lord
Sometimes I'm overcome thinking about
Making love in the green grass
Behind the stadium
With you, my brown-eyed girl
You, my brown-eyed girl
Do you remember when we used to sing
Sha-la-la-la-la-la-la-la-la-la-la-tee-da? (Lyin' on the green grass)
Sha-la-la-la-la-la-la-la-la-la-la-tee-da (Bit by bit by bit by bit by bit by bit)
(Sha-la-la-la-la-la-la-la-la-la-tee-da-la-tee-da-la-tee-da)
Sha-la-la-la-la-la-la-la-la-la-la-la-tee-da (Da da da da da da da da da da da)
Sha-la-la-la-la-la-la-la-la-la-la-la-tee-da",Missing Genre Only
1960s,2007,Black Magic Woman,Santana,,62,3.26,False,0.055,0.557,127,38.58,38.9,"Got a black magic woman
Got a black magic woman
I got a black magic woman
Got me so blind I can't see
That she's a black magic woman
She's tryin' to make a Devil out of me
Don't turn your back on me, baby
Don't turn your back on me, baby
Yes, don't turn your back on me, baby
Stop messin' 'round with your tricks
Don't turn your back on me, baby
You just might pick up my magic sticks
Got your spell on me, baby
You got your spell on me, baby
Yes, you got your spell on me, baby
Turnin' my heart into stone
I need you so bad, magic woman
I can't leave you alone",Missing Genre Only
1960s,2000,Puppy Love - Remix,Paul Anka,adult standards,41,2.73,False,0.281,0.431,167,41.92,61.17,"And they called it puppy love
Oh, I guess they'll never know
How a young heart really feels
And why I love her so
And they called it puppy love
Just because we're, we're seventeen
Tell them all it, please tell them it isn't fair
To take away my only dream

I cry each night my tears for you
My tears are all in vain
I hope and I'll pray that maybe someday
You'll be back (You'll be back), in my arms (in my arms)
Once again (Will be back in my arms once again)

Someone help me, help me, help me please
Is the answer up above?
How can I, oh, how can I tell them
This is not a puppy love? (This is not a puppy love)
Someone help me, help me, help me please
Is the answer up above?
How can I ever tell them
This is not a puppy love?
(This is not a puppy love)",Missing Lyrics Only
1960s,1968,Born To Be Wild - Single Version,Steppenwolf,"classic rock, acid rock",75,3.55,False,0.209,0.506,190,36.84,53.52,"Get your motor runnin'
Head out on the highway
Looking for adventure
In whatever comes our way

Yeah, darlin', go and make it happen
Take the world in a love embrace
Fire all of your guns at once
And explode into space

I like smoke and lightnin'
Heavy metal thunder
Racing with the wind
And the feeling that I'm under

Yeah, darlin', go and make it happen
Take the world in a love embrace
Fire all of your guns at once
And explode into space

Like a true nature's child
We were born, born to be wild
We can climb so high
I never wanna die

Born to be wild
Born to be wild


Get your motor runnin'
Head out on the highway
Looking for adventure
In whatever comes our way

Yeah, darlin', go and make it happen
Take the world in a love embrace
Fire all of your guns at once
And explode into space

Like a true nature's child
We were born, born to be wild
We can climb so high
I never wanna die

Born to be wild
Born to be wild",Missing Lyrics Only
1960s,1968,"Mrs. Robinson - From ""The Graduate"" Soundtrack",Simon & Garfunkel,"folk rock, folk",74,4.12,False,0.175,0.5,298,36.91,72.33,"Dee dee dee dee dee dee dee dee dee dee dee dee dee
Doo doo doo doo doo doo doo doo doo
Dee dee dee dee dee dee dee dee dee dee dee dee dee

And here's to you, Mrs. Robinson
Jesus loves you more than you will know
Woah, woah, woah
God bless you please, Mrs. Robinson
Heaven holds a place for those who pray
Hey, hey, hey
Hey, hey, hey

We'd like to know a little bit about you for our files
We'd like to help you learn to help yourself
Look around you, all you see are sympathetic eyes
Stroll around the grounds until you feel at home

And here's to you, Mrs. Robinson
Jesus loves you more than you will know
Woah, woah, woah
God bless you please, Mrs. Robinson
Heaven holds a place for those who pray
Hey, hey, hey
Hey, hey, hey

Hide it in a hiding place where no one ever goes
Put it in your pantry with your cupcakes
It's a little secret, just the Robinsons' affair
Most of all, you've got to hide it from the kids

Coo, coo, ca-choo, Mrs. Robinson
Jesus loves you more than you will know
Woah, woah, woah
God bless you please, Mrs. Robinson
Heaven holds a place for those who pray
Hey, hey, hey
Hey, hey, hey

Sitting on a sofa on a Sunday afternoon
Going to the candidates debate
Laugh about it, shout about it
When you've got to choose
Every way you look at it, you lose

Where have you gone, Joe DiMaggio?
A nation turns its lonely eyes to you
Woo, woo, woo
What's that you say, Mrs. Robinson?
Joltin' Joe has left and gone away
Hey, hey, hey
Hey, hey, hey",Missing Lyrics Only
1960s,1967,Beggin',The Four Seasons,,54,2.84,False,0.236,0.668,230,41.74,80.88,"Put your loving hand out, baby
I'm beggin'
(Beggin') beggin' (You)
Put your loving hand out, baby
(Beggin') beggin' you
Put your loving hand out, baby
Riding high when I was king
Played it hard and fast 'cause I had everything
You walked away, won me then
But easy come and easy go and it would end
(Beggin') I'm beggin' you
Won't you give your hand out, baby
(Beggin') beggin'
Put your loving hand out, baby
I need you to understand
That I tried so hard to be your man
The kind of man you want in the end
Only then can I begin to live again
An empty shell used to be
Shadow of my life is hanging over me
A broken man without a throne
Don't even stand the devil's chance to win my soul
(Beggin') beggin' you
Won't you give your hand out, baby
(Beggin') beggin' you
Put your loving hand out, baby
I'm fighting hard to hold my own
No, I just can't make it all alone
I'm holdin' on, I can't fall back
Now that big brass ring is a shade of black
(Beggin') I'm beggin' you
Won't you give your hand out, baby
(Beggin') beggin'
Put your loving hand out, baby
(Beggin') beggin' you
Won't you give your hand out, baby",Missing Genre Only
1960s,2017,"B-A-B-Y (From ""Baby Driver"")",Carla Thomas,"soul, classic soul, motown, northern soul",32,2.89,False,0.248,0.618,222,30.18,76.82,"Baby, oh, baby
I love to call you baby
Baby, oh, oh, baby
I love for you to call me baby
When you squeeze me real tight
You make wrong things right
And I can't stop loving you
And I won't stop calling you
Baby (Baby), oh baby
You look so good to me, baby
Baby (Baby), oh baby
You are so good to me, baby
Just one look in your eyes
And my temperature goes sky-high
I'm weak for you and can't help it
You know I really don't want to help it
B-A-B-Y, baby
B-A-B-Y, baby
Whenever the sun don't shine
You go out to light my hind
Then I get real close to you
And your sweet kisses see me through
I said, baby (Baby), oh baby
You look so good to me, baby
Baby (Baby), oh baby
How I love for you to call me baby
When you squeeze me real tight
You know you make wrong things right
And I can't stop loving you
And I won't stop calling you
Baby (Baby), oh baby
He's so sweet, he's my B-A-B-Y, baby
I like it, I like it, I like to call him B-A-B-Y, baby
I said I like it, I like it, I like to call him",Missing Lyrics Only
1960s,1969,Sugar Sugar,The Archies,,64,2.79,False,0.121,0.604,238,24.37,85.4,"Sugar
Ah, honey, honey
You are my candy girl
And you've got me wanting you
Honey
Ah, sugar, sugar
You are my candy girl
And you've got me wanting you
I just can't believe the loveliness of loving you
(I just can't believe it's true)
I just can't believe the wonder of this feeling, too
(I just can't believe it's true)
Ah sugar
Ah, honey, honey
You are my candy girl
And you've got me wanting you
Oh, honey
Ah, sugar, sugar
You are my candy girl
And you've got me wanting you
When I kissed you, girl, I knew how sweet a kiss could be
(I know how sweet a kiss can be)
Like the summer sunshine, pour your sweetness over me
(Pour your sweetness over me)
(Sugar) Pour a little sugar on it, honey
(Honey honey) Pour a little sugar on it, baby
I'm gonna make your life so sweet
, yeah, yeah, yeah
Pour a little sugar on it, oh, yeah
(Sugar) Pour a little sugar on it, honey
(Honey honey) Pour a little sugar on it, baby
I'm gonna make your life so sweet
, yeah, yeah, yeah
Pour a little sugar on it, honey
Ah, sugar
Ah, honey, honey
You are my candy girl
And you've got me wanting you
Oh, honey
Honey, sugar, sugar
You are my candy girl",Missing Genre Only
1960s,1964,Don't Worry Baby - Remastered 2001,The Beach Boys,baroque pop,65,2.83,False,0.114,0.56,250,35.6,88.34,"Well, it's been building up inside of me
For, oh, I don't know how long
I don't know why, but I keep thinking
Something's bound to go wrong
But she looks in my eyes
And makes me realize

When she says, ""Don't worry, baby""
Don't worry, baby (Don't worry, baby)
Everything will turn out all right (Don't worry, baby)
Don't worry, baby (Don't worry, baby)
Ooh

I guess I should've kept my mouth shut
When I started to brag about my car
But I can't back down now because
I pushed the other guys too far
She makes me come alive
And makes me wanna drive

When she says, ""Don't worry, baby""
Don't worry, baby (Don't worry, baby)
Everything will turn out all right (Don't worry, baby)
Don't worry, baby (Don't worry, baby)
Ooh

She told me, ""Baby, when you race today
Just take along my love with you
And if you knew how much I loved you, baby
Nothing could go wrong with you""
Oh, what she does to me
When she makes love to me

And she says, ""Don't worry, baby""
Don't worry, baby (Don't worry, baby)
Everything will turn out all right (Don't worry, baby)
Don't worry, baby (Don't worry baby)
Everything will turn out all right (Don't worry, baby)
Don't worry baby (Don't worry, baby)
Ooh, ooh, ooh-ooh",Missing Lyrics Only
1960s,1960,I Just Want To Make Love To You - Single Version,Etta James,"soul, jazz blues, soul blues, blues, vocal jazz",64,3.09,False,0.304,0.597,267,23.22,86.41,"I don't want you to be no slave
I don't want you to work all day
But I want you to be true
And I just wanna make love to you

Love to you, ooh
Love to you

All I want to do is wash your clothes
I don't want to keep you indoors
There is nothing for you to do
But keep me makin' love to you

Love to you, ooh
Love to you

And I can tell by the way you walk that walk
And I can hear by the way you talk that talk
And I can know by the way you treat your girl
That I could give you all the lovin' in the whole wide world

All I want you to do is bake your bread
Just to make sure that you're well-fed
I don't want you sad and blue
And I just wanna make love to you

Love to you, ooh
Love to you, ooh


And I can tell by the way you walk that walk
And I can hear by the way you talk that talk
And I can know by the way you treat your girl
That I could give you all the lovin' in the whole wide world

Oh, all I wanna do, all I wanna do is cook your bread
Just to make sure that you're well-fed
I don't want you sad and blue
And I just wanna make love to you

Love to you, ooh
Real love to you, ooh
Love to you, ooh…",Missing Lyrics Only
1970s,1979,Gimme! Gimme! Gimme! (A Man After Midnight),ABBA,,82,4.88,False,-0.026,0.501,313,27.16,64.18,"Half-past twelve
And I'm watchin' the late show in my flat, all alone
How I hate to spend the evening on my own
Autumn winds
Blowin' outside the window as I look around the room
And it makes me so depressed to see the gloom
There's not a soul out there
No one to hear my prayer
Gimme, gimme, gimme a man after midnight
Won't somebody help me chase the shadows away?
Gimme, gimme, gimme a man after midnight
Take me through the darkness to the break of the day
Movie stars
Find the end of the rainbow with a fortune to win
It's so different from the world I'm livin' in
Tired of TV
I open the window and I gaze into the night
But there's nothing there to see, no one in sight
There's not a soul out there
No one to hear my prayer
Gimme, gimme, gimme a man after midnight
Won't somebody help me chase the shadows away?
Gimme, gimme, gimme a man after midnight
Take me through the darkness to the break of the day
Gimme, gimme, gimme a man after midnight
Gimme, gimme, gimme a man after midnight
There's not a soul out there
No one to hear my prayer
Gimme, gimme, gimme a man after midnight
Won't somebody help me chase the shadows away?
Gimme, gimme, gimme a man after midnight
Take me through the darkness to the break of the day
Gimme, gimme, gimme a man after midnight
Won't somebody help me chase the shadows away?
Gimme, gimme, gimme a man after midnight
Take me through the darkness to the break of the day",Missing Genre Only
1970s,1975,Born to Run,Bruce Springsteen,,73,4.5,False,0.053,0.374,367,51.77,81.58,"In the day, we sweat it out on the streets
Of a runaway American dream
At night, we ride through mansions of glory
In suicide machines
Sprung from cages out on Highway 9
Chrome wheeled, fuel injected and steppin' out over the line
Oh, baby this town rips the bones from your back
It's a death trap, it's a suicide rap
We gotta get out while we're young
'Cause tramps like us, baby we were born to run
Yes, girl, we were
Wendy let me in, I wanna be your friend
I want to guard your dreams and visions
Just wrap your legs 'round these velvet rims
And strap your hands across my engines
Together we could break this trap
We'll run 'til we drop, baby we'll never go back
Oh, will you walk with me out on the wire?
'Cause baby I'm just a scared and lonely rider
But I gotta know how it feels
I want to know if love is wild, babe
I want to know if love is real
Oh, can you show me?
Beyond the palace, hemi-powered drones
Scream down the boulevard
The girls comb their hair in rearview mirrors
And the boys try to look so hard
The amusement park rises bold and stark
Kids are huddled on the beach in a mist
I wanna die with you, Wendy, on the streets tonight
In an everlasting kiss
Huh
(One, two, three, four)
The highways jammed with broken heroes
On a last chance power drive
Everybody's out on the run tonight
But there's no place left to hide
Together, Wendy, we can live with the sadness
I'll love you with all the madness in my soul
Oh, someday girl, I don't know when
We're gonna get to that place
Where we really want to go, and we'll walk in the sun
But 'til then, tramps like us
Baby, we were born to run
Oh honey, tramps like us
Baby, we were born to run
Come on Wendy, tramps like us
Baby, we were born to run
Woah-oh-woah
Hm-hm-hm
Oh-oh-oh-oh, oh-oh-oh
Woah-oh-oh-oh-oh-oh
Hm-hm-hm
Woah-oh-woah
Oh-oh-oh
Woah-oh-oh-oh-oh-oh",Missing Genre Only
1970s,1979,Voulez-Vous,ABBA,,72,5.15,False,0.082,0.365,369,23.85,71.61,"People everywhere
A sense of expectation hangin' in the air
Givin' out a spark
Across the room, your eyes are glowing in the dark
And here we go again, we know the start, we know the end
Masters of the scene
We've done it all before, and now we're back to get some more
You know what I mean
Voulez-vous, uh-huh
Take it now or leave it, uh-huh
Now is all we get, uh-huh
Nothing promised, no regrets
Voulez-vous, uh-huh
Ain't no big decision, uh-huh
You know what to do, uh-huh
La question c'est voulez-vous
Voulez-vous
I know what you think
The girl means business, so I'll offer her a drink
Lookin' mighty proud
I see you leave your table, pushin' through the crowd
I'm really glad you came, you know the rules, you know the game
Master of the scene
We've done it all before, and now we're back to get some more
You know what I mean
Voulez-vous, uh-huh
Take it now or leave it, uh-huh
Now is all we get, uh-huh
Nothing promised, no regrets
Voulez-vous, uh-huh
Ain't no big decision, uh-huh
You know what to do, uh-huh
La question c'est voulez-vous
And here we go again, we know the start, we know the end
Masters of the scene
We've done it all before, and now we're back to get some more
You know what I mean
Voulez-vous, uh-huh
Take it now or leave it, uh-huh
Now is all we get, uh-huh
Nothing promised, no regrets
Voulez-vous, uh-huh
Ain't no big decision, uh-huh
You know what to do, uh-huh
La question c'est voulez-vous
Voulez-vous
Voulez-vous, uh-huh, uh-huh, uh-huh
Voulez-vous, uh-huh, uh-huh, uh-huh
Voulez-vous, uh-huh, uh-huh, uh-huh
Voulez-vous, uh-huh, uh-huh, uh-huh
Voulez-vous, uh-huh
Take it now or leave it, uh-huh
Now is all we get, uh-huh
Nothing promised, no regrets
Voulez-vous, uh-huh
Ain't no big decision, uh-huh
You know what to do, uh-huh
La question c'est voulez-vous
Voulez-vous, uh-huh
Take it now or leave it, uh-huh
Now is all we get, uh-huh
Nothing promised, no regrets
Voulez-vous, uh-huh
Ain't no big decision, uh-huh
You know what to do, uh-huh
La question c'est voulez-vous
Voulez-vous",Missing Genre Only
1970s,1972,Alone Again (Naturally),Gilbert O'Sullivan,,72,3.69,False,0.075,0.467,292,59.59,79.14,"Oh, in a little while from now
If I'm not feeling any less sour
I promised myself
To treat myself
And visit a nearby tower
And climbing to the top
Will throw myself off
In an effort to
Make it clear to who-ever
What it's like when you're shattered
Left standing in the lurch, at a church
Where people saying
""My God, that's tough
She stood him up
No point in us remaining
We may as well go home""
As I did on my own
Alone again, naturally
To think that only yesterday
I was cheerful, bright and gay
Looking forward to
Well, who wouldn't do
The role I was about to play
But as if to knock me down
Reality came around
And without so much
As a mere touch
Cut me into little pieces
Leaving me to doubt
Talk about God in His mercy
For if He really does exist
Why did He desert me
In my hour of need?
I truly am indeed
Alone again, naturally
It seems to me that there are more hearts broken in the world
That can't be mended
Left unattended
What do we do?
What do we do?
Alone again, naturally
Now looking back over the years
And what ever else that appears
I remember I cried
When my father died
Never wishing to hide the tears
And at sixty-five years old
My mother, God rest her soul
Couldn't understand
Why the only man
She had ever loved had been taken
Leaving her to start
With a heart so badly broken
Despite encouragement from me
No words were ever spoken
And when she passed away
I cried and cried all day
Alone again, naturally
Alone again, naturally",Missing Genre Only
1970s,1975,Mamma Mia,ABBA,,79,3.55,False,0.039,0.413,334,32.04,93.97,"I've been cheated by you since I don't know when
So I made up my mind, it must come to an end
Look at me now, will I ever learn?
I don't know how, but I suddenly lose control
There's a fire within my soul
Just one look and I can hear a bell ring
One more look and I forget everything, woah
Mamma mia, here I go again
My, my, how can I resist you?
Mamma mia, does it show again?
My, my, just how much I've missed you
Yes, I've been broken-hearted
Blue since the day we parted
Why, why did I ever let you go?
Mamma mia, now I really know
My, my, I could never let you go
I've been angry and sad about things that you do
I can't count all the times that I've told you we're through
And when you go, when you slam the door
I think you know that you won't be away too long
You know that I'm not that strong
Just one look and I can hear a bell ring
One more look and I forget everything, woah
Mamma mia, here I go again
My, my, how can I resist you?
Mamma mia, does it show again
My, my, just how much I've missed you?
Yes, I've been broken-hearted
Blue since the day we parted
Why, why did I ever let you go?
Mamma mia, even if I say
Bye-bye, leave me now or never
Mamma mia, it's a game we play
""Bye-bye"" doesn't mean forever
Mamma mia, here I go again
My, my, how can I resist you?
Mamma mia, does it show again
My, my, just how much I've missed you?
Yes, I've been broken-hearted
Blue since the day we parted
Why, why did I ever let you go?
Mamma mia, now I really know
My, my, I could never let you go",Missing Genre Only
1970s,1976,Young Hearts Run Free,Candi Staton,,71,4.14,False,0.311,0.573,422,27.49,101.95,"What's the sense in sharing this one and only life
Ending up just another lost and lonely wife?
You count up the years
And they will be filled with tears
Love only breaks up to start over again
You'll get the babies
But you won't have your man
While he is busy loving every woman that he can, uh-huh
Say I'm gonna leave
A hundred times a day
It's easier said than done
When you just can't break away
(Just can't break away)
Oh! Young hearts run free
They'll never be hung up
Hung up like my man and me
My man and me
Oh! Young hearts
To yourself be true
Don't be no fool when love really don't love you
Don't love you
It's high time now, just one crack at life
Who wants to live in trouble and strife
My mind must be free to learn all I can about me, mmm
I'm gonna love me for the rest of my days
Encourage the babies every time they say
Self-preservation is what's really going on today
Say I'm gonna turn loose
A thousand times a day
How can I turn loose
When I just can't break away
(When I just can't break away)
Oh! Young hearts run free
They'll never be hung up
Hung up like my man and me
You and me
Oh! Young hearts
To yourself be true
Don't be no fool when love really don't love you
Don't love you
Young hearts run free
They'll never be hung up
Hung up like my man and me
My man and me
Oh! Young hearts
To yourself be true
Don't be no fool when love really don't love you
It don't love you
Oh! Young hearts run free
They'll never be hung up
Hung up like my man and me
My man and me
Oh! Young hearts
To yourself be true
Don't be no fool when love really don't love you
Don't love you
Oh! Young hearts run free
They'll never be hung up
Hung up like my man and me
My man and me
Oh! Young hearts
To yourself be true
Don't be no fool when love really don't love you
Don't love you
Oh! Young hearts run free
They'll never be hung up
Hung up like my man and me",Missing Genre Only
1970s,2006,Heart Of Glass,Blondie,,66,4.2,False,0.168,0.623,210,40.48,49.96,"Once I had a love, and it was a gas
Soon turned out had a heart of glass
Seemed like the real thing, only to find
Mucho mistrust, love's gone behind
Once I had a love and it was divine
Soon found out I was losing my mind
It seemed like the real thing, but I was so blind
Mucho mistrust, love's gone behind
In between, what I find is pleasing, and I'm feeling fine
Love is so confusing, there's no peace of mind
If I fear I'm losing you, it's just no good
You're teasing like you do
Once I had a love, and it was a gas
Soon turned out had a heart of glass
Seemed like the real thing, only to find
Mucho mistrust, love's gone behind
Lost inside, adorable illusion, and I cannot hide
I'm the one you're using, please don't push me aside
We could've made it cruising, yeah
Yeah, riding high on love's true bluish light
Once I had a love and it was a gas
Soon turned out to be a pain in the ass
Seemed like the real thing, only to find
Mucho mistrust, love's gone behind",Missing Genre Only
1970s,1979,Rock with You - Single Version,Michael Jackson,,82,3.67,False,0.233,0.578,279,29.03,76.12,"Girl, close your eyes
Let that rhythm get into you
Don't try to fight it
There ain’t nothin' that you can do
Relax your mind
Lay back and groove with mine
You gotta feel that heat
And we can ride the boogie
Share that beat of love
I wanna rock with you (All night)
Dance you into day (Sunlight)
I wanna rock with you (All night)
We're gonna rock the night away
Mhm
Out on the floor
There ain’t nobody there but us
Girl, when you dance
There's a magic that must be love
Just take it slow
'Cause we got so far to go
When you feel that heat
And we're gonna ride the boogie
Share that beat of love
I wanna rock with you (All night)
Dance you into day (Sunlight)
I wanna rock with you (All night)
We're gonna rock the night away
And when the groove is dead and gone, yeah
You know that love survives
So we can rock forever on
I wanna rock with you
I wanna groove with you
I wanna rock with you
I wanna groove with you
I wanna rock (All night) with you, girl (Sunlight)
Rock with you, rock with you, yeah (All night)
Dance the night away
I wanna rock with you, yeah (All night)
Rock you into day (Sunlight)
I wanna rock with you (All night)
Rock the night away
Feel the heat, feel the beat (All night)
Rock you into day (Sunlight)
I wanna rock (All night)
Rock the night away",Missing Genre Only
1970s,1978,Hopelessly Devoted To You - From “Grease”,Olivia Newton-John,,77,3.09,False,0.229,0.479,163,39.88,52.75,"Guess mine is not the first heart broken
My eyes are not the first to cry
I'm not the first to know
There's just no getting over you
You know, I'm just a fool who's willing
To sit around and wait for you
But baby, can't you see
There's nothing else for me to do?
I'm hopelessly devoted to you

But now there's nowhere to hide
Since you pushed my love aside
I'm out of my head
Hopelessly devoted to you
Hopelessly devoted to you
Hopelessly devoted to you

My head is saying, ""Fool, forget him""
My heart is saying, ""Don't let go
Hold on 'til the end""
And that's what I intend to do
I'm hopelessly devoted to you

But now there's nowhere to hide
Since you pushed my love aside
I'm out of my head
Hopelessly devoted to you
Hopelessly devoted to you
Hopelessly devoted to you",Both Missing
1970s,1979,Boogie Wonderland (with The Emotions),"Earth, Wind & Fire","funk, disco",80,4.81,False,0.22,0.684,470,18.94,97.71,"Dance, boogie wonderland, hah, hah
Dance, boogie wonderland

Midnight creeps so slowly into hearts of men
Who need more than they get
Daylight deals a bad hand to a woman
Who has 
laid too many bets
The mirror stares you in the face
And says ""Baby, uh, uh, it don't work""
You say your prayers though you don't care
You dance and shake the hurt

Dance, boogie wonderland, hah, hah
Dance, boogie wonderland (Ooh, ooh, ooh dance, yeah)

Sound fly through the night
I chase my vinyl dreams to boogie wonderland
I find romance when I start to dance in boogie wonderland
(Ooh, ooh, ooh, ooh, dance, ooh, ooh, ooh, ooh)
(Dance, ooh, ooh, ooh, dance)
I find romance when I start to dance in boogie wonderland
(Dance, ooh, ooh, ooh, dance, ooh, ooh, ooh, ooh)
(Dance, ooh, ooh, ooh, dance)

All the love in the world can't be gone
All the need to be loved can't be wrong
All the records are playing and my heart keeps saying
 (Oh)
""Boogie wonderland, wonderland""
 (Haaah, aaah-aaaaaah)

Dance, boogie wonderland, hah, hah
(Dance, ooh, ooh, ooh, dance, ooh, ooh, ooh, ooh)
(Dance, ooh, ooh, ooh, dance)
Dance, boogie wonderland, hah, hah
(Dance, ooh, ooh, ooh, dance, ooh, ooh, ooh, ooh)
(Dance, ooh, ooh, ooh, dance)

I find romance when I start to dance in boogie wonderland
I find romance when I start to dance in boogie wonderland

Dance, boogie wonderland, hah, hah
(Dance, ooh, ooh, ooh, dance, ooh, ooh, ooh, ooh)
(Dance, ooh, ooh, ooh, dance)
Dance, boogie wonderland
(Dance, ooh, ooh, ooh, dance, ooh, ooh, ooh, ooh)
(Dance, ooh, ooh, ooh, dance)

Hmm hmm hmm hmm, hmm hmm hmm hmm
Hmm hmm hmm hmm, wonderland
Hmm hmm hmm hmm, hmm hmm hmm hmm
Hmm hmm hmm hmm, wonderland
Hmm hmm hmm hmm, hmm hmm hmm hmm
Hmm hmm hmm hmm

All the love in the world can't be gone
(All the love in the world can't be gone)
All the need to be loved can't be wrong
(All the need to be loved can't be wrong)
All the records are playing and my heart keeps saying
(Oooh, haa-woah, haa-woah)
""Boogie wonderland, wonderland""
 (Wonderland, aaah)

Dance, boogie wonderland, hah, hah
Dance, boogie wonderland, hah, hah

I find romance when I start to dance in boogie wonderland
(Dance, dance, dance, dance)
(Dance, dance, dance, aah)
I find romance when I start to dance in boogie wonderland
(Dance, dance, dance, dance)
(Dance, dance, dance)Dance, boogie wonderland, hah, hah
(Dance, dance, dance, dance)
(Dance, dance, haa, aah)
(Dance, ooh, ooh, ooh, dance, ooh, ooh, ooh, ooh)
(Dance, ooh, ooh, ooh, dance)
Dance, boogie wonderland
(Dance, dance, dance, dance)
(Dance, dance, dance, aah)
(Dance, ooh, ooh, ooh, dance, ooh, ooh, ooh, ooh)
(Dance, ooh, ooh, ooh, dance)",Missing Lyrics Only
1970s,1972,Starman - 2012 Remaster,David Bowie,"glam rock, art rock",80,4.24,False,0.196,0.461,389,30.85,91.75,"Hey now, now
Goodbye, love

Didn't know what time it was; the lights were low
I leaned back on my radio
Some cat was layin' down some rock 'n' roll, ""Lotta soul,"" he said
Then the loud sound did seem to fade
Came back like a slow voice on a wave of phase
That weren't no DJ, that was hazy cosmic jive

There's a starman waitin' in the sky
He'd like to come and meet us
But he thinks he'd blow our minds
There's a starman waitin' in the sky
He's told us not to blow it
'Cause he knows it's all worthwhile

He told me
""Let the children lose it
Let the children use it
Let all the children boogie""

I had to phone someone, so I picked on you
Hey, that's far out, so you heard him too
Switch on the TV, we may pick him up on Channel Two
Look out your window, I can see his light
If we can sparkle, he may land tonight
Don't tell your poppa, or he'll get us locked up in fright

There's a starman waitin' in the sky
He'd like to come and meet us
But he thinks he'd blow our minds
There's a starman waitin' in the sky
He's told us not to blow it
'Cause he knows it's all worthwhile

He told me
""Let the children lose it
Let the children use it
Let all the children boogie""

Starman waitin' in the sky
He'd like to come and meet us
But he thinks he'd blow our minds
There's a starman waitin' in the sky
He's told us not to blow it
'Cause he knows it's all worthwhile

He told me
""Let the children lose it
Let the children use it
Let all the children boogie""

La, la, la, la-la
La, la, la-la, la, la, la-la
La, la, la-la, la, la, la-la
La, la, la-la, la, la, la-la
La, la, la-la, la, la, la-la
La, la, la-la, la, la, la-la
La, la, la-la, la, la, la-la
La, la, la-la, la, la, la-la
La, la, la-la, la, la, la-la
La, la, la-la, la, la, la-la
La, la, la-la, la, la, la-la
La, la, la-la, la, la, la-la",Missing Lyrics Only
1970s,1977,Dreams - 2004 Remaster,Fleetwood Mac,"classic rock, yacht rock, soft rock",89,4.3,False,0.077,0.766,267,31.84,62.09,"(Mmm)

Now, here you go again
You say you want your freedom
Well, who am I to keep you down?
It's only right that you should
Play the way you feel it
But listen carefully to the sound
Of your loneliness

Like a heartbeat, (Heart) drives you mad (beat)
In the stillness (Still-) of remembering (-ness)
What you had (Lonely) and what you lost (Ooh, ooh)
And what you had (Ooh, ooh) and what you lost (Ooh)

Oh, thunder only happens when it's rainin'Players only love you when they're playing
Say, ""Women, they will come and they will go""
When the rain washes you clean, you'll know
You'll know


Now, here I go again
I see the crystal visions
I keep my visions to myself
It's only me who wants to
Wrap around your dreams
And have you any dreams you'd like to sell?
Dreams of loneliness

Like a heartbeat, (Heart) drives you mad (beat)
In the stillness (Still-) of remembering (-ness)
What you had (Lonely) and what you lost (Ooh, ooh)
And what you had (Ooh, ooh) Ooh, what you lost (Ah, ah)

Thunder only happens when it's rainin'
Players only love you when they're playing
Women, they will come and they will go
When the rain washes you clean, you'll know
Oh, thunder only happens when it's rainin'
Players only love you when they're playing
Say, ""Women, they will come and they will go""
When the rain washes you clean, you'll know

You'll know
You will know
Oh, you'll know",Missing Lyrics Only
1970s,1979,Don't Stop 'Til You Get Enough,Michael Jackson,,80,6.07,False,0.142,0.543,786,12.72,129.4,"You know, I was, I was wondering, you know
If you could keep on because
The force has got a lot of power and it
It make me feel like a
It, it make me feel like, woo!
Lovely is the feeling now
Fever, temperature's rising now
Power is the force, the vow (Oh, power)
That makes it happen
It asks no questions why, ooh
So get closer to my body now (Closer now)
Just love me 'til ya don't know how, ooh
Keep on with the force, don't stop
Don't stop 'til you get enough
Keep on with the force, don't stop
Don't stop 'til you get enough
Keep on with the force, don't stop
Don't stop 'til you get enough
Keep on with the force, don't stop
Don't stop 'til you get enough
Touch me and I feel on fire
Ain't nothing like a love desire, ooh
I'm melting like hot candle wax (I'm melting, ah)
Sensation (Ah, sensation)
Lovely where we're at, ooh
So let love take us through the hours
I won't be complaining, ooh
'Cause this is love power, ooh
Keep on with the force, don't stop
Don't stop 'til you get enough
Keep on with the force, don't stop
Don't stop 'til you get enough
Keep on with the force, don't stop
Don't stop 'til you get enough
Keep on with the force, don't stop
Don't stop 'til you get enough
Ooh
Oh, baby, keep on, keep on
Heartbreak enemy despise
Eternal love shines in my eyes, ooh (Oh, eternal)
So let love take us through the hours (Oh, let love)
I won't be complaining, hoo (No, no)
'Cause your love is alright, alright, ooh
Keep on with the force, don't stop
Don't stop 'til you get enough
Keep on with the force, don't stop
Don't stop 'til you get enough
Keep on with the force, don't stop
Don't stop 'til you get enough
Keep on with the force, don't stop
Don't stop 'til you get enough
Keep on with the force, don't stop (Don't stop, baby)
Don't stop 'til you get enough
Keep on with the force, don't stop
Don't stop 'til you get enough (Oh, my baby)
Keep on with the force, don't stop
Don't stop 'til you get enough
Keep on with the force, don't stop
Don't stop 'til you get enough
Lovely is the feeling now
I won't be complaining, ooh, ooh
The force is love power
Keep on with the force, don't stop
Don't stop 'til you get enough
Keep on with the force, don't stop (Don't stop, darling)
Don't stop 'til you get enough
Keep on with the force, don't stop (Don't play, baby)
Don't stop 'til you get enough
Keep on with the force, don't stop (Keep on)
Don't stop 'til you get enough
Keep on with the force, don't stop (Keep on, darling)
Don't stop 'til you get enough
Keep on with the force, don't stop (Love power, yeah)
Don't stop 'til you get enough
Keep on with the force, don't stop (Keep on, darling)
Don't stop 'til you get enough
Keep on with the force, don't stop (Love power)
Don't stop 'til you get enough
Keep on with the force, don't stop (Keep on with the power, would ya, ooh)
Don't stop 'til you get enough ('Til you get enough, ooh)
Keep on with the force, don't stop
Don't stop 'til you get enough
Keep on with the force, don't stop (Keep on, yeah)
Don't stop 'til you get enough (Ah, ah now)
Keep on with the force, don't stop (Yeah)
Don't stop 'til you get enough
Keep on with the force, don't stop (Keep on, baby)
Don't stop 'til you get enough
Keep on with the force, don't stop ('Til you get enough)
Don't stop 'til you get enough
Keep on with the force, don't stop
Don't stop 'til you get enough
Keep on with the force, don't stop (Keep on, darling)
Don't stop 'til you get enough
Keep on with the force, don't stop (Alright, yeah)
Don't stop 'til you get enough
Keep on with the force, don't stop (Keep on, baby)
Don't stop 'til you get enough
Keep on with the force, don't stop (Don't stop)",Missing Genre Only
1970s,1976,Dancing Queen,ABBA,,85,3.84,False,0.169,0.58,219,38.36,57.03,"Ooh-ooh, you can dance, you can jive
Having the time of your life
Ooh, see that girl, watch that scene
Digging the dancing queen
Friday night and the lights are low
Looking out for a place to go
Mmm, where they play the right music
Getting in the swing
You come to look for a king
Anybody could be that guy
Night is young and the music's high
With a bit of rock music, everything is fine
You're in the mood for a dance
And when you get the chance
You are the dancing queen
Young and sweet, only seventeen
Dancing queen
Feel the beat from the tambourine, oh, yeah
You can dance, you can jive
Having the time of your life
Ooh, see that girl, watch that scene
Digging the dancing queen
You're a teaser, you turn 'em on
Leave 'em burning and then you're gone
Looking out for another, anyone will do
You're in the mood for a dance
And when you get the chance
You are the dancing queen
Young and sweet, only seventeen
Dancing queen
Feel the beat from the tambourine, oh, yeah
You can dance, you can jive
Having the time of your life
Ooh, see that girl, watch that scene
Digging the dancing queen
Digging the dancing queen",Missing Genre Only
1970s,1978,You're The One That I Want - From “Grease”,John Travolta,musicals,79,2.83,False,0.305,0.579,389,19.02,137.46,"I got chills, they're multiplying
And I'm losing control
'Cause the power you're supplying
It's electrifying

You better shape up, 'cause I need a man
And my heart is set on you (And my heart is set on you)
You better shape up, you better understand
To my heart, I must be true
Nothing left, nothing left for me to do

You're the one that I want (You are the one I want)
Ooh, ooh, ooh, honey
The one that I want (You are the one I want)
Ooh, ooh, ooh, honey
The one that I want (You are the one I want)
Ooh, ooh, ooh
The one I need (One I need)
Oh, yes, indeed (Yes, indeed)

If you're filled with affection
You're too shy to convey
Meditate in my direction
Feel your way

I better shape up, 'cause you need a man
I need a man who can keep me satisfied (Who can keep me satisfied)
I better shape up if I'm gonna prove
You better prove that my faith is justified
Are you sure?
Yes, I'm sure down deep inside

You're the one that I want (You are the one I want)
Ooh, ooh, ooh, honey
The one that I want (You are the one I want)
Ooh, ooh, ooh, honey
The one that I want (You are the one I want)
Ooh, ooh, ooh
The one I need (One I need)
Oh, yes, indeed (Yes, indeed)
You're the one that I want (You are the one I want)
Ooh, ooh, ooh, honey
The one that I want (You are the one I want)
Ooh, ooh, ooh, honey
The one that I want (You are the one I want)
Ooh, ooh, ooh
The one I need (One I need)
Oh, yes, indeed (Yes, indeed)
You're the one that I want (You are the one I want)
Ooh, ooh, ooh, honey
The one that I want (You are the one I want)
Ooh, ooh, ooh, honey
The one that I want (You are the one I want)
Ooh, ooh, ooh
The one I need (One I need)
Oh, yes, indeed (Yes, indeed)
You're the one that I want (You are the one I want)
Ooh, ooh, ooh, honey
The one that I want",Missing Lyrics Only
1970s,1979,Message In A Bottle,The Police,,78,4.84,False,0.241,0.577,356,26.97,73.58,"Just a castaway, an island lost at sea, oh
Another lonely day with no one here but me, oh
More loneliness than any man could bear
Rescue me before I fall into despair, oh
I'll send an SOS to the world
I'll send an SOS to the world
I hope that someone gets my
I hope that someone gets my
I hope that someone gets my
Message in a bottle, yeah
Message in a bottle, yeah
A year has passed since I wrote my note
I should have known this right from the start
Only hope can keep me together
Love can mend your life, but love can break your heart
I'll send an SOS to the world
I'll send an SOS to the world
I hope that someone gets my
I hope that someone gets my
I hope that someone gets my
Message in a bottle, yeah
Message in a bottle, yeah
Oh, message in a bottle, yeah
Message in a bottle, yeah
Walked out this morning, don't believe what I saw
Hundred billion bottles washed up on the shore
Seems I'm not alone in being alone
Hundred billion castaways looking for a home
I'll send an SOS to the world
I'll send an SOS to the world
I hope that someone gets my
I hope that someone gets my
I hope that someone gets my
Message in a bottle, yeah
Message in a bottle, yeah
Message in a bottle, oh
Message in a bottle, yeah
Sendin' out an SOS
Sendin' out an SOS
I'm sendin' out an SOS
I'm sendin' out an SOS
Sendin' out an SOS
Sendin' out an SOS
Sendin' out an SOS
Sendin' out an SOS
Sendin' out an SOS
Sendin' out an SOS
Sendin' out an SOS
Sendin' out an SOS
Sendin' out an SOS
Sendin' out an SOS
Sendin' out an SOS
Sendin' out an SOS
Sendin' out an SOS
Sendin' out an SOS
Sendin' out an SOS
Sendin' out an SOS
Sendin' out an SOS
Sendin' out an SOS
Sendin' out an SOS
Sendin' out an Esso Blue",Missing Genre Only
1970s,1979,Angeleyes,ABBA,,70,4.35,False,-0.006,0.417,382,29.84,87.85,"Ah-ha-ha
Ah-ha-ha, ha-ha-ha
Ah-ha-ha
Ah-ha-ha, ha-ha-ha
Ah-ha-ha
I keep thinking 'bout his angel eyes
I keep thinking, ah
Last night, I was taking a walk along the river
And I saw him together with a young girl
And the look that he gave her made me shiver
'Cause he always used to look at me that way
And I thought, maybe I should walk right up to her and say
""Ah-ha-ha, it's a game he likes to play""
Look into his angel eyes
One look and you're hypnotised
He'll take your heart and you must pay the price
Look into his angel eyes
You'll think you're in paradise
And one day, you'll find out he wears a disguise
Don't look too deep into those angel eyes
Oh no, no, no, no
Ah-ha-ha
Ah-ha-ha, ha-ha-ha
Ah-ha-ha
Ah-ha-ha, ha-ha-ha
Ah-ha-ha
I keep thinking 'bout his angel eyes
I keep thinking, ah
Sometimes when I'm lonely, I sit and think about him
And it hurts to remember all the good times
When I thought I could never live without him
And I wonder, does it have to be the same?
Every time when I see him, will it bring back all the pain?
Ah-ha-ha, how can I forget that name?
Look into his angel eyes
One look and you're hypnotised
He'll take your heart and you must pay the price
Look into his angel eyes
You'll think you're in paradise
And one day, you'll find out he wears a disguise
Don't look too deep into those angel eyes
Crazy 'bout his angel eyes
Angel eyes
He took my heart and now I pay the price
Look into his angel eyes
You'll think you're in paradise
And one day, you'll find out he wears a disguise
Don't look too deep into those angel eyes
Oh no, no, no, no
Ah-ha-ha
Ah-ha-ha, ha-ha-ha
Ah-ha-ha
Ah-ha-ha, ha-ha-ha
Ah-ha-ha
Keep thinking, ah-ha-ha, ha-ha-ha
Keep thinking about his angel eyes (Ah-ha-ha)
I keep thinking, ah-ha-ha, ha-ha-ha
Keep thinking, had to pay the price (Ah-ha-ha)
Keep thinking, ah-ha-ha, ha-ha-ha
Keep thinking about his angel eyes (Ah-ha-ha)
I keep thinking, ah-ha-ha, ha-ha-ha
Keep thinking, had to pay the price (Ah-ha-ha)
Keep thinking, ah-ha-ha, ha-ha-ha",Missing Genre Only
1970s,1978,Roxanne,The Police,,79,3.2,False,0.177,0.374,303,22.11,94.71,"Roxanne
You don't have to put on the red light
Those days are over
You don't have to sell your body to the night
Roxanne
You don't have to wear that dress tonight
Walk the streets for money
You don't care if it's wrong or if it's right
Roxanne
You don't have to put on the red light
Roxanne
You don't have to put on the red light
(Roxanne) Put on the red light
(Roxanne) Put on the red light
(Roxanne) Put on the red light
(Roxanne) Put on the red light
(Roxanne) Put on the red light, oh
I loved you since I knew you
I wouldn't talk down to ya
I have to tell you just how I feel
I won't share you with another boy
I know my mind is made up
So put away your makeup
Told you once, I won't tell you again
It's a bad way
Roxanne
You don't have to put on the red light
Roxanne
You don't have to put on the red light
(Roxanne) You don't have to put on the red light
(Roxanne) Put on the red light
(Roxanne) Put on the red light
(Roxanne) Put on the red light
(Roxanne) Put on the red light
(Roxanne) Put on the red light
(Roxanne) Put on the red light
(Roxanne) Put on the red light
(Roxanne) Put on the red light
(Roxanne) Put on the red light
(Roxanne) You don't have to put on the red light
(Roxanne) Put on the red light
(Roxanne) You don't have to put on the red light
(Roxanne) Put on the red light
(Roxanne) Put on the red light
(Roxanne) Put on the red light
(Roxanne) Put on the red light",Missing Genre Only
1970s,1973,Make Your Own Kind Of Music,Cass Elliot,,69,2.33,False,0.479,0.84,169,39.05,72.67,"Nobody can tell ya
There's only one song worth singin'
They may try and sell ya
'Cause it hangs them up to see someone like you
But you've gotta
Make your own kind of music
Sing your own special song
Make your own kind of music
Even if nobody else sings along
You're gonna be knowin'
The loneliest kind of lonely
It may be rough goin'
Just to do your thing's the hardest thing to do
But you've gotta
Make your own kind of music
Sing your own special song
Make your own kind of music
Even if nobody else sings along
So, if you cannot take my hand
And if you must be goin'
I will understand
You've gotta
Make your own kind of music
Sing your own special song
Make your own kind of music
Even if nobody else sings along
You've gotta
Make your own kind of music
Sing your own special song",Missing Genre Only
1970s,1975,Don't Go Breaking My Heart,Elton John,,80,4.59,False,0.154,0.564,389,17.99,84.74,"Don't go breaking my heart
I couldn't if I tried
Oh, honey, if I get restless
Baby, you're not that kind
Don't go breaking my heart
You take the weight off of me
Oh, honey, when you knocked on my door
Ooh, I gave you my key
Ooh, nobody knows it
When I was down, I was your clown
Ooh, nobody knows it (Nobody knows it)
Right from the start, I gave you my heart
Oh, I gave you my heart
So don't go breaking my heart
I won't go breaking your heart
Don't go breaking my heart
Nobody told us
'Cause nobody showed us
And now it's up to us, babe
Oh, I think we can make it
So don't misunderstand me
You put the light in my life
Oh, you put the spark to the flame
I've got your heart in my sights
Ooh, nobody knows it
When I was down, I was your clown
Ooh, nobody knows it (Nobody knows it)
Right from the start, I gave you my heart
Oh, I gave you my heart
Don't go breaking my heart
I won't go breaking your heart
Don't go breaking my heart
Ooh, nobody knows it
When I was down, I was your clown
Right from the start, I gave you my heart
Oh, I gave you my heart
Don't go breaking my heart
I won't go breaking your heart
Don't go breaking my, don't go breaking my
Don't go breaking my heart
Don't go breaking my, don't go breaking my
I won't go breaking your heart
Don't go breaking my heart (Don't go breaking my)
I won't go breaking your heart
Don't go breaking my heart (Don't go breaking my)
I won't go breaking your heart
Don't go breaking my heart (Don't go breaking my)
I won't go breaking your heart
Don't go breaking my heart (Don't go breaking my)
I won't go breaking your heart
Don't go breaking my heart (Don't go breaking my)
I won't go breaking your heart
Don't go breaking my heart (Don't go breaking my)
I won't go breaking your heart…",Missing Genre Only
1970s,1978,Don't Stop Me Now - Remastered 2011,Queen,"classic rock, rock, glam rock",83,3.49,False,0.515,0.589,463,25.27,132.66,"Tonight, I'm gonna have myself a real good time
I feel alive
And the world, I'll turn it inside out, yeah
I'm floatin' around in ecstasy
So don't stop me now
Don't stop me
'Cause I'm havin' a good time
Havin' a good time

I'm a shootin' star, leapin' through the sky like a tiger
Defyin' the laws of gravity
I'm a racin' car, passin' by like Lady Godiva
I'm gonna go, go, go, there's no stoppin' me

I'm burnin' through the sky, yeah
Two hundred degrees, that's why they call me Mister Fahrenheit
I'm travelling at the speed of light
I wanna make a supersonic man outta you

Don't stop me now
I'm havin' such a good time, I'm havin' a ball
Don't stop me now
If you wanna have a good time, just give me a call
(
Don't stop me now
) 'Cause I'm havin' a good time
(
Don't stop me now
) Yes, I'm havin' a good time
I don't wanna stop at all, yeah

I'm a rocket ship on my way to Mars on a collision course
I am a satellite, I'm out of control
I'm a sex machine, ready to reload like an atom bomb
About to oh, oh, oh, oh, oh, explode

I'm burnin' through the sky, yeah
Two hundred degrees, that's why they call me Mister Fahrenheit
I'm travellin' at the speed of light
I wanna make a supersonic woman of you

(Don't stop me, don't stop me, don't stop me) Hey, hey, hey
(Don't stop me, don't stop me, ooh, ooh, ooh) I like it
(Don't stop me, don't stop me, hey, alright) Have a good time, good time
(Don't stop me, don't stop me) Woah
Let loose, honey, alright


Oh, I'm burnin' through the sky, yeah
Two hundred degrees, that's why they call me Mister Fahrenheit, hey
Travellin' at the speed of light
I wanna make a supersonic man outta you, hey, hey

Don't stop me now
I'm havin' such a good time, I'm havin' a ball
Don't stop me now
(Ooh) If you wanna have a good time (Alright), just give me a call
(
Don't stop me now
) 'Cause I'm havin' a good time (Hey, hey)
(
Don't stop me now
) Yes, I'm havin' a good time
I don't wanna stop at all

Ah, da, da, da, da
Da, da, ah, ah
Ah, da, da, ah, ah, ah
Ah, da, da
Ah, da, da, ah, ah
Ooh, ooh-ooh, ooh-ooh",Missing Lyrics Only
1970s,1973,Come and Get Your Love - Single Version,Redbone,native american music,81,3.43,False,0.47,0.583,403,17.62,117.49,"Come and get your love
Come and get your love
Come and get your love
Come and get your love

Hail (
Hail
)
What's the matter with your head? Yeah
Hail (
Hail
)
What's the matter with your mind
And your sign and-a, oh-oh-oh
Hail (
Hail
)
Nothing the matter with your head, baby, find it
Come on and find it
Hail
With it, baby, 'cause you're fine
And you're mine and you look so divine

Come and get your love
Come and get your love
Come and get your love
Come and get your love

Hail (Hail)
What's the matter with you?
Feel right, don't you feel right, baby?
Hail, oh yeah
Get it from the main vine, alright
I said a-find it, find it
Go on and love it if you like it, yeah
Hail (Hail)
It's your business if you want some, take some
Get it together, baby

Come and get your love
Come and get your love
Come and get your love
Come and get your love

Come and get your love, come and get your love, come and get your love now
Come and get your love, come and get your love, come and get your love now
Come and get your love, come and get your love, come and get your love now
Come and get your love, come and get your love, come and get your love now

Come and get your love
Come and get your love
Come and get your love
Come and get your love

Hail (Hail)
What's the matter with you?
Feel right, don't you feel right, baby?
Hail, oh yeah
Get it from the main vine, alright

La-la-la-la-la-la-la-la-la-la, come and get your love
La-la-la-la-la-la-la-la-la, woo, come and get your love
La-la-la-la-la-la-la-la-la-la, come and get your love
La-da-da-da-da-da-da-boom, come and get your love
La-da-ba-boom, ba-boom-boom, ba-daba, boom-boom, come and get your love
La-la-la-la-la-la-la-la-la, woo-hoo (Come and get your love)
La-la-la-la-la-la-la-la-la-la, come and get your love
La-la-la-la-la-la-la-la-la-la, come and get your love
La-la-la-la-la-la-la-la-la-la, come and get your love
La-la-la-la-la-la-la-la-la, woo-hoo (Come and get your love)
La-la-la-la-la-la-la-la-la-la, come and get your love
La-la-la-la-la-la-la-la-la-la, come and get your love
La-ba-da-boom, ba-la-ta-daba, boom-la-ka-boom, come and get your love
La-ba-da-boom, boom-boom-boom, ba-la-daba-boom-boom, come and get your love
La-ka-da-boom, la-ka-ka, boom, doom come and get your love
La-boom-boom-boom, la-ka-ka, doom-la-doom, come and get your love
La-la-la-la-la-la-la-la-la-la, come and get your love
La-la-la-la-la-la-la-la-la",Missing Lyrics Only
1970s,1979,"Stayin' Alive - From ""Saturday Night Fever"" Soundtrack",Bee Gees,disco,80,4.76,False,0.147,0.437,444,20.95,93.28,"Well, you can tell by the way I use my walk
I'm a woman's man, no time to talk
The music loud and the women warm
I've been kicked around since I was born

And now it's alright, it's okay
And you may look the other way
But we can try to understand
The New York Times' effect on man

Whether you're a brother or whether you're a mother
You're stayin' alive, stayin' alive
Feel the city breakin' and everybody shakin'
And we're stayin' alive, stayin' alive
Ah, ah, ah, ah
Stayin' alive, stayin' alive
Ah, ah, ah, ah
Stayin' alive
Oh, when you walk

Well now, I get low and I get high
And if I can't get either, I really try
Got the wings of Heaven on my shoes
I'm a dancin' man and I just can't lose

You know it's alright, it's okay
I'll live to see another day
But we can try to understand
The New York Times' effect on man

Whether you're a brother or whether you're a mother
You're stayin' alive, stayin' alive
Feel the city breakin' and everybody shakin'
And we're stayin' alive, stayin' alive
Ah, ah, ah, ah
Stayin' alive, stayin' alive
Ah, ah, ah, ah
Stayin' alive
(Hey, yeah)

Life goin' nowhere
Somebody help me
Somebody help me, yeah
Life goin' nowhere
Somebody help me, yeah
I'm stayin' alive

Well, you can tell by the way I use my walk
I'm a woman's man, no time to talk
The music loud and the women warm
I've been kicked around since I was born

And now it's alright, it's okay
And you may look the other way
But we can try to understand
The New York Times' effect on man

Whether you're a brother or whether you're a mother
You're stayin' alive, stayin' alive
Feel the city breakin' and everybody shakin'
And we're stayin' alive, stayin' alive
Ah, ah, ah, ah
Stayin' alive, stayin' alive
Ah, ah, ah, ah
Stayin' alive
(Hey, yeah)

Life goin' nowhere
Somebody help me
Somebody help me, yeah
Life goin' nowhere
Somebody help me, yeah
I'm stayin' alive
Life goin' nowhere
Somebody help me
Somebody help me, yeah
Life goin' nowhere
Somebody help me, yeah
I'm stayin' alive
Life goin' nowhere
Somebody help me
Somebody help me, yeah
Life goin' nowhere
Somebody help me, yeah
I'm stayin' alive
Life goin' nowhere
Somebody help me
Somebody help me, yeah
Life goin' nowhere
Somebody help me, yeah
I'm stayin' alive",Missing Lyrics Only
1970s,1980,Video Killed The Radio Star,The Buggles,,64,4.23,False,-0.113,0.131,324,29.01,76.6,"Debi Doss & Linda Jardim
]
I heard you on the wireless back in '52
Lying awake, intently tuning in on you
If I was young, it didn't stop you coming through
Oh-a, oh-a
They took the credit for your second symphony
Rewritten by machine on new technology
And now I understand the problems you could see
Oh-a, oh-a
I met your children
Oh-a, oh-a
What did you tell them?
Video killed the radio star
Video killed the radio star
Pictures came and broke your heart
Oh-a-a-a-oh
And now we meet in an abandoned studio (
Oh-a
)
We hear the playback and it seems so long ago (
Oh-oh-oh-oh-a
)
And you remember the jingles used to go
Oh-a, oh-a
You were the first one
Oh-a, oh-a
You were the last one
Video killed the radio star
Video killed the radio star
In my mind and in my car
We can't rewind, we've gone too far
Oh-a-a-a-oh
Oh-a-a-a-oh
Video killed the radio star
Video killed the radio star
In my mind and in my car
We can't rewind, we've gone too far
Pictures came and broke your heart
Put the blame on VCR
You are a radio star
You are a radio star
(You are) Video killed the radio star (A, a radio star)
(A radio star) Video killed the radio star
(You are) Video killed the radio star (A, a radio star)
(A radio star) Video killed the radio star
(You are) Video killed the radio star (A, a radio star)
(A radio star) Video killed the radio star
(You are) Video killed the radio star (A, a radio star)
(A radio star) Video killed the radio star
(You are) Video killed the radio star (A, a radio star)
(A radio star) Video killed the radio star
(You are) Video killed the radio star (A, a radio star)
(A radio star) Video killed the radio star
(You are) Video killed the radio star",Missing Genre Only
1970s,1977,Heroes - 2017 Remaster,David Bowie,"glam rock, art rock",76,6.19,False,0.016,0.416,268,29.1,43.3,"I, I will be king
And you, you will be queen

Though nothing will drive them away
We can beat them, just for one day
We can be heroes, just for one day

And you, you can be mean
And I, I'll drink all the time
'Cause we're lovers, and that is a fact
Yes, we're lovers, and that is that

Though nothing will keep us together
We could steal time, just for one day
We can be heroes, forever and ever
What d'ya say?

I, I wish you could swim
Like the dolphins, like dolphins can swim

Though nothing, nothing will keep us together
We can beat them forever and ever
Oh, we can be heroes, just for one day

I, I will be king
And you, you will be queen

Though nothing will drive them away
We can be heroes, just for one day
We can be us, just for one day

I, I can remember (I remember)
Standing by the wall (By the wall)
And the guns shot above our heads (Over our heads)
And we kissed as though nothing could fall (Nothing could fall)

And the shame was on the other side
Oh, we can beat them forever and ever
Then we can be heroes, just for one day

We can be heroes
We can be heroes
We can be heroes, just for one day
We can be heroes

We are nothing, and nothing will help us
Maybe we're lying, then you better not stay
But we could be safer, just for one day

Oh-oh-oh-oh
Oh-oh-oh-oh
Just for one day",Missing Lyrics Only
1970s,1978,One Way Or Another - Remastered 2001,Blondie,,73,3.59,False,0.148,0.233,534,12.92,148.75,"One way or another, I'm gonna find ya
I'm gonna get ya, get ya, get ya, get ya
One way or another, I'm gonna win ya
I'm gonna get ya, get ya, get ya, get ya
One way or another, I'm gonna see ya
I'm gonna meet ya, meet ya, meet ya, meet ya
One day, maybe next week, I'm gonna meet ya
I'm gonna meet ya, I'll meet ya

I will drive past your house
And if the lights are all down
I'll see who's around

One way or another, I'm gonna find ya
I'm gonna get ya, get ya, get ya, get ya
One way or another, I'm gonna win ya
I'll get ya, I'll get ya
One way or another, I'm gonna see ya
I'm gonna meet ya, meet ya, meet ya, meet ya
One day, maybe next week, I'm gonna meet ya
I'll meet ya

And if the lights are all out
I'll follow your bus downtown
See who's hangin' out


One way or another, I'm gonna lose ya
I'm gonna give you the slip
A slip of the hip or another, I'm gonna lose you
I'm gonna trick ya, I'll trick ya
One way or another, I'm gonna lose ya
I'm gonna trick ya, trick ya, trick ya, trick ya
One way or another, I'm gonna lose ya
I'm gonna give you the slip

I'll walk down the mall, stand over by the wall
Where I can see it all, find out who you call
Lead you to the supermarket checkout
Some specials and rat food, get lost in the crowd

One way or another, I'm gonna get ya
(Where I can see it all, find out who you call)
I'll get ya, I'll get ya, get ya, get ya, get ya
One way or another, I'm gonna get ya
(Where I can see it all, find out who you call)
I'll get ya, I'll get ya, get ya, get ya, get ya
One way or another, I'm gonna get ya
(Where I can see it all, find out who you call)
I'll get ya, I'll get ya, get ya, get ya, get ya
One way or another, I'm gonna get ya
(Where I can see it all, find out who you call)
I'll get ya, I'll get ya, get ya, get ya, get ya
One way or another, I'm gonna get ya
(Where I can see it all, find out who you call)
I'll get ya, I'll get ya, get ya, get ya, get ya
One way or another, I'm gonna get ya
(Where I can see it all, find out who you call)
I'll get ya, I'll get ya, get ya, get ya, get ya
One way or another–",Both Missing
1970s,1971,Imagine - Remastered 2010,John Lennon,christmas,78,3.13,False,0.04,0.711,140,47.14,44.73,"Imagine there's no heaven
It's easy if you try
No hell below us
Above us, only sky
Imagine all the people
Living for today
I

Imagine there's no countries
It isn't hard to do
Nothing to kill or die for
And no religion too
Imagine all the people
Living life in peace
You

You may say I'm a dreamer
But I'm not the only one
I hope someday you'll join us
And the world will be as one

Imagine no possessions
I wonder if you can
No need for greed or hunger
A brotherhood of man
Imagine all the people
Sharing all the world
You

You may say I'm a dreamer
But I'm not the only one
I hope someday you'll join us
And the world will live as one",Missing Lyrics Only
1970s,1979,Breakfast In America - Remastered 2010,Supertramp,"progressive rock, classic rock",74,2.66,False,0.143,0.6,185,38.38,69.55,"Take a look at my girlfriend
She's the only one I got
Not much of a girlfriend
I never seem to get a lot
Take a jumbo across the water
Like to see America
See the girls in California

I'm hoping it's going to come true
But there's not a lot I can do, hey

Could we have kippers for breakfast
Mummy dear, Mummy dear?
They gotta' have 'em in Texas
'Cause everyone's a millionaire
I'm a winner, I'm a sinner
Do you want my autograph?
I'm a loser, what a joker
I'm playing my jokes upon you
While there's nothing better to do, hey


Don't you look at my girlfriend (
Girlfriend
)
She's the only one I got
Not much of a girlfriend (
Girlfriend
)
I never seem to get a lot (
What she's got? Not a lot
)
Take a jumbo across the water
Like to see America
See the girls in California

I'm hoping it's going to come true
But there's not a lot I can do, hey",Missing Lyrics Only
1970s,1971,American Pie,Don McLean,,79,8.61,False,0.153,0.459,947,34.53,109.93,"A long, long time ago
I can still remember how that music
Used to make me smile
And I knew if I had my chance
That I could make those people dance
And maybe they'd be happy for a while
But February made me shiver
With every paper I'd deliver
Bad news on the doorstep
I couldn't take one more step
I can't remember if I cried
When I read about his widowed bride
But something touched me deep inside
The day the music died
So, bye-bye, Miss American Pie
Drove my Chevy to the levee, but the levee was dry
And them good ol' boys were drinkin' whiskey and rye
Singin', ""This'll be the day that I die
This'll be the day that I die""
Did you write the book of love?
And do you have faith in God above
If the Bible tells you so?
Now, do you believe in rock 'n' roll?
Can music save your mortal soul?
And can you teach me how to dance real slow?
Well, I know that you're in love with him
'Cause I saw you dancin' in the gym
You both kicked off your shoes
Man, I dig those rhythm and blues
I was a lonely teenage broncin' buck
With a pink carnation and a pickup truck
But I knew I was out of luck
The day the music died
I started singin' bye-bye, Miss American Pie
Drove my Chevy to the levee, but the levee was dry
Them good ol' boys were drinkin' whiskey and rye
And singin', ""This'll be the day that I die
This'll be the day that I die""
Now, for ten years we've been on our own
And moss grows fat on a rollin' stone
But that's not how it used to be
When the jester sang for the king and queen
In a coat he borrowed from James Dean
And a voice that came from you and me
Oh, and while the king was looking down
The jester stole his thorny crown
The courtroom was adjourned
No verdict was returned
And while Lenin read a book on Marx
The quartet practiced in the park
And we sang dirges in the dark
The day the music died
We were singin' bye-bye, Miss American Pie
Drove my Chevy to the levee, but the levee was dry
Them good ol' boys were drinkin' whiskey and rye
And singin', ""This'll be the day that I die
This'll be the day that I die""
Helter skelter in a summer swelter
The birds flew off with a fallout shelter
Eight miles high and fallin' fast
It landed foul on the grass
The players tried for a forward pass
With the jester on the sidelines in a cast
Now, the halftime air was sweet perfume
While sergeants played a marching tune
We all got up to dance
Oh, but we never got the chance
'Cause the players tried to take the field
The marching band refused to yield
Do you recall what was revealed
The day the music died?
We started singin' bye-bye, Miss American Pie
Drove my Chevy to the levee, but the levee was dry
Them good ol' boys were drinkin' whiskey and rye
Singin', ""This'll be the day that I die
This'll be the day that I die""
Oh, and there we were all in one place
A generation lost in space
With no time left to start again
So, come on, Jack be nimble, Jack be quick
Jack Flash sat on a candlestick
'Cause fire is the Devil's only friend
Oh, and as I watched him on the stage
My hands were clenched in fists of rage
No angel born in Hell
Could break that Satan spell
And as the flames climbed high into the night
To light the sacrificial rite
I saw Satan laughing with delight
The day the music died
He was singin' bye-bye, Miss American Pie
Drove my Chevy to the levee, but the levee was dry
Them good ol' boys were drinkin' whiskey and rye
Singin', ""This'll be the day that I die
This'll be the day that I die""
I met a girl who sang the blues
And I asked her for some happy news
But she just smiled and turned away
I went down to the sacred store
Where I'd heard the music years before
But the man there said the music wouldn't play
And in the streets, the children screamed
The lovers cried and the poets dreamed
But not a word was spoken
The church bells all were broken
And the three men I admire most
The Father, Son, and the Holy Ghost
They caught the last train for the coast
The day the music died
And there I stood alone and afraid
I dropped to my knees and there I prayed
And I promised Him everything I could give
If only He would make the music live
And He promised it would live once more
But this time one would equal four
And in five years four had come to mourn
And the music was reborn
And they were singin' bye-bye, Miss American Pie
Drove my Chevy to the levee, but the levee was dry
Them good ol' boys were drinkin' whiskey and rye
Singin', ""This'll be the day that I die
This'll be the day that I die""
They were singin' bye-bye, Miss American Pie
Drove my Chevy to the levee, but the levee was dry
Them good ol' boys were drinkin' whiskey and rye
Singin', ""This'll be the day that I die""",Missing Genre Only
1970s,1970,Love Grows (Where My Rosemary Goes),Edison Lighthouse,,73,2.91,False,0.274,0.679,240,34.58,82.4,"She ain't got no money
Her clothes are kinda funny
Her hair is kinda wild and free
Oh, but love grows
Where my Rosemary goes
And nobody knows like me
She talks kinda lazy
And people say she's crazy
And her life's a mystery
Oh, but love grows
Where my Rosemary goes
And nobody knows like me
There's something about
Her hand holding mine
It's a feeling that's fine
And I just gotta say, hey!
She's really got a magical spell
And it's working so well
That I can't get away
I'm a lucky fella
And I just got to tell her
That I love her endlessly
Because love grows
Where my Rosemary goes
And nobody knows like me
There's something about
Her hand holding mine
It's a feeling that's fine
And I just gotta say, hey!
She's really got a magical spell
And it's working so well
That I can't get away
I'm a lucky fella
And I just got to tell her
That I love her endlessly
Because love grows
Where my Rosemary goes
And nobody knows like me
It keeps growing every place she's been
And nobody knows like me
If you've met her, you'll never forget her
Nobody knows like me
La-la, believe it when you've seen it
(Nobody knows like me) No...",Missing Genre Only
1970s,1978,Grease - From “Grease”,Frankie Valli,,61,3.43,False,0.187,0.702,364,25.55,106.12,"I saw my problems, and I'll see the light
We got a lovin' thing, we gotta feed it right
There ain't no danger, we can go too far
We start believin' now that we can be who we are
Grease is the word

They think our love is just a growin' pain
Why don't they understand? It's just a cryin' shame
Their lips are lyin', only real is real
We stop the fight right now, we got to be what we feel
Grease is the word

Grease is the word, is the word that you heard
It's got a groove, it's got a meaning
Grease is the time, is the place, is the motion
Grease is the way we are feeling

We take the pressure and we throw away
Conventionality belongs to yesterday
There is a chance that we can make it so far
We start believin' now that we can be who we are
Grease is the word

Grease is the word, is the word that you heard
It's got a groove, it's got a meaning
Grease is the time, is the place, is the motion
Now, grease is the way we are feeling

This is a life of illusion, wrapped up in trouble
Laced with confusion, what're we doin' here?

We take the pressure and we throw away
Conventionality belongs to yesterday
There is a chance that we can make it so far
We start believin' now that we can be who we are
Grease is the word

Grease is the word, is the word that you heard
It's got a groove, it's got a meaning
Grease is the time, is the place, is the motion
Now, grease is the way we are feeling


Grease is the word, is the word that you heard
It's got a groove, it's got a meaning
Grease is the time, is the place, is the motion
Now, grease is the way we are feeling

Grease is the word
Is the word, is the word
Is the word, is the word
Is the word, is the word
Is the word, is the word",Both Missing
1970s,1978,Summer Nights - From “Grease”,John Travolta,musicals,72,3.62,False,0.268,0.542,428,36.45,118.23,"Summer lovin', had me a blast

Summer lovin', happened so fast

I met a girl crazy for me

Met a boy cute as can be

Summer days driftin' away
To, uh oh, those summer nights

Well-a, well-a, well-a, uh
Tell me more, tell me more

Did you get very far?

Tell me more, tell me more

Like does he have a car?

Ah-ha / doo-do
Ah-ha / doo-do
Ah-ha / doo-do, doo-doo-doo

She swam by me, she got a cramp (Ah-ha, ah-ha, ah-ha / doo-do, doo-do, doo-do, doo-doo-doo)

He ran by me, got my suit damp (Ah-ha, ah-ha, ah-ha / doo-do, doo-do, doo-do, doo-doo-doo)

I saved her life, she nearly drowned (Ah-ha, ah-ha, ah-ha / doo-do, doo-do, doo-do, doo-doo-doo)

He showed off splashin' around (Doo-ba-ba-ba, doo-ba-ba-ba)

Summer sun, something's begun
But, uh oh, those summer nights

Well-a, well-a, well-a, uh

Tell me more, tell me more

Was it love at first sight?

Tell me more, tell me more

Did she put up a fight?

Down doobie-doo, doobie-doo  / Uh-huh, uh-huh
Doobie doobie doobie-down / Uh-huh, Uhhh-huh
Down doobie-doo, doobie-doo  / Uh-huh, uh-huh
Doobie doobie doobie-down / Uh-huh, Uhhh-huh

Took her bowlin' in the arcade (Down doobie-doo, doobie-doo, doobie doobie doobie-down / Uh-huh, uh-huh, uh-huh, uhhh-huh)

We went strollin', drank lemonade (Doobie-doo, doobie-doo, doobie doobie doobie-down / Uh-huh, uh-huh, uh-huh, uhhh-huh)

We made out under the dock (Doobie-doo, doobie-doo, doobie doobie doobie-down / Uh-huh, uh-huh, uh-huh, uhhh-huh)

We stayed out till ten o'clock (Doo-ra-ra, doo-ra-ra, doo-ra-ra)

Summer fling don't mean a thing
But, uh oh, those summer nights

Woah, woah, woah

Tell me more, tell me more

But you don't gotta brag

Tell me more, tell me more

'Cause he sounds like a drag

Shooda-bop bop
Shooda-bop bop
Shooda-bop bop
Shooda-bop bop
Shooda-bop bop
Shooda-bop bop
Shooda-bop bop
Yeah

He got friendly holding my hand (Shooda-bop bop, shooda-bop bop, shooda-bop bop)

Well, she got friendly down in the sand (Shooda-bop bop, shooda-bop bop, shooda-bop bop)

He was sweet, just turned eighteen (Shooda-bop bop, shooda-bop bop, shooda-bop bop, yeah)

Well, she was good, you know what I mean (Wow, wow, ooo, wow, wow)

Summer heat, boy and girl meet
But, uh oh, those summer nights

Woah, woah, woah

Tell me more, tell me more

How much dough did he spend?

Tell me more, tell me more

Could she get me a friend?

It turned colder, that's where it ends

So I told her we'd still be friends

Then we made our true love vow

Wonder what she's doin' now

Summer dreams ripped at the seams
But, oh, those summer nights

Tell me more, tell me more",Missing Lyrics Only
1970s,1974,Hooked On A Feeling,Blue Swede,,74,2.88,False,0.331,0.546,246,32.11,85.38,"Ooga-Chaka, Ooga-Ooga
Ooga-Chaka, Ooga-Ooga
Ooga-Chaka, Ooga-Ooga
Ooga-Chaka, Ooga-Ooga
I can't stop this feelin' (Ooga-Chaka, Ooga-Ooga)
Deep inside of me (Ooga-Chaka, Ooga-Ooga)
Girl, you just don't realize (Ooga-Chaka, Ooga-Ooga)
What you do to me (Ooga-Chaka, Ooga-Ooga)
When you hold me (Ooga-Chaka, Ooga-Ooga)
In your arms so tight (Ooga-Chaka, Ooga-Ooga)
You let me know (Ooga-Chaka, Ooga-Ooga)
Everything's alright (Ooga-Chaka, Ooga-Ooga)
I'm hooked on a feelin'
I'm high on believin'
That you're in love with me
Lips as sweet as candy
Its taste is on my mind
Girl, you got me thirsty
For another cup of wine
Got a bug from you, girl
But I don't need no cure
I just stay a victim
If I can for sure
All the good love (Ooga-Chaka, Ooga-Ooga)
When we're all alone (Ooga-Chaka, Ooga-Ooga)
Keep it up, girl (Ooga-Chaka, Ooga-Ooga)
Yeah, you turn me on (Ooga-Chaka, Ooga-Ooga)
I'm hooked on a feelin'
I'm high on believin'
That you're in love with me
All the good love
When we're all alone
Keep it up, girl
Yeah, you turn me on
I'm hooked on a feelin'
I'm high on believin'
That you're in love with me
I'm hooked on a feelin'
I'm high on believin'
That you're in love with me
I said I'm hooked on a feelin'
And I'm high on believin'
That you're in love with me
Hooked on a feelin'",Missing Genre Only
1970s,1973,Goodbye Yellow Brick Road - Remastered 2014,Elton John,,77,3.21,False,0.004,0.216,252,44.44,78.5,"When are you gonna come down?
When are you going to land?
I should have stayed on the farm
I should have listened to my old man
You know you can't hold me forever
I didn't sign up with you
I'm not a present for your friends to open
This boy's too young to be singin' the blues

Ah, ah-ah, ah, ah
Ah-ah-ah, ah

So goodbye yellow brick road
Where the dogs of society howl
You can't plant me in your penthouse
I'm goin' back to my plough
Back to the howlin' old owl in the woods
Huntin' the horny-back toad
Oh, I've finally decided my future lies
Beyond the yellow brick road

Ah, ah-ah, ah, ah
Ah-ah-ah, ah

What do you think you'll do, then?
I bet they shoot down the plane
It'll take you a couple of vodka and tonics
To set you on your feet again
Maybe you'll get a replacement
There's plenty like me to be found
Mongrels who ain't got a penny
Sniffin' for tidbits like you on the ground

Ah, ah-ah, ah, ah
Ah-ah-ah, ah

So goodbye yellow brick road
Where the dogs of society howl
You can't plant me in your penthouse
I'm goin' back to my plough
Back to the howlin' old owl in the woods
Huntin' the horny-back toad
Oh, I've finally decided my future lies
Beyond the yellow brick road

Ah, ah-ah, ah, ah
Ah-ah-ah, ah",Both Missing
1970s,1972,"Rocket Man (I Think It's Going To Be A Long, Long Time)",Elton John,,83,4.69,False,-0.05,0.43,401,22.94,85.44,"She packed my bags last night, pre-flight
Zero hour, 9 a.m.​​
And I'm gonna be high as a kite by then
I miss the Earth so much, I miss my wife
It's lonely out in space
On such a timeless flight
And I think it's gonna be a long, long time
'Til touchdown brings me 'round again to find
I'm not the man they think I am at home
Oh, no, no, no
I'm a rocket man
Rocket man burnin' out his fuse up here alone
And I think it's gonna be a long, long time
'Til touchdown brings me 'round again to find
I'm not the man they think I am at home
Oh, no, no, no
I'm a rocket man
Rocket man burnin' out his fuse up here alone
Mars ain't the kind of place to raise your kids
In fact, it's cold as hell
And there's no one there to raise them if you did
And all the science, I don't understand
It's just my job five days a week
A rocket man
A rocket man
And I think it's gonna be a long, long time
'Til touchdown brings me 'round again to find
I'm not the man they think I am at home
Oh, no, no, no
I'm a rocket man
Rocket man burnin' out his fuse up here alone
And I think it's gonna be a long, long time
'Til touchdown brings me 'round again to find
I'm not the man they think I am at home
Oh, no, no, no
I'm a rocket man
Rocket man burnin' out his fuse up here alone
And I think it's gonna be a long, long time
And I think it's gonna be a long, long time
And I think it's gonna be a long, long time
And I think it's gonna be a long, long time
And I think it's gonna be a long, long time
And I think it's gonna be a long, long time
And I think it's gonna be a long, long time
And I think it's gonna be a long, long time
And I think it's gonna be a long, long time",Missing Genre Only
1970s,1978,Le Freak - 2018 Remaster,CHIC,"disco, funk",69,5.52,False,0.308,0.433,384,24.22,69.57,"One, two, three

Ah, freak out
Le freak, c'est chic
Freak out
Ah, freak out
Le freak, c'est chic
Freak out
Ah, freak out
Le freak, c'est chic
Freak out
Ah, freak out
Le freak, c'est chic
Freak out

Have you heard about the new dance craze?
Listen to us, I'm sure you'll be amazed
Big fun to be had by everyone
It's up to you, it surely can be done
Young and old are doing it, I'm told
Just one try, and you too will be sold
It's called Le Freak, they're doing it night and day
Allow us, we'll show you the way

Ah, freak out
Le freak, c'est chic
Freak out
Ah, freak out
Le freak, c'est chic
Freak out
Ah, freak out
Le freak, c'est chic
Freak out
Ah, freak out
Le freak, c'est chic
Freak out

All that pressure got you down
Has your head spinning all around
Feel the rhythm, chant the rhyme
Come on along and have a real good time
Like the days of ""Stompin' at the Savoy""
Now we freak, oh what a joy
Just come on down to the 54
And find a spot out on the floor

Ah, freak out
Le freak, c'est chic
Freak out
Ah, freak out
Le freak, c'est chic
Freak out
Ah, freak out
Le freak, c'est chic
Freak out
Ah, freak out
Le freak, c'est chic
Freak out

Now freak
I said freak
Now freak

All that pressure got you down
Has your head spinning all around
Feel the rhythm, chant the rhyme
Come on along and have a real good time
Like the days of ""Stompin' at the Savoy""
Now we freak, oh what a joy
Just come on down to the 54
And find a spot out on the floor

Ah, freak out
Le freak, c'est chic
Freak out
Ah, freak out
Le freak, c'est chic
Freak out
Ah, freak out
Le freak, c'est chic
Freak out
Ah, freak out
Le freak, c'est chic
Freak out
Ah, freak out
Le freak, c'est chic
Freak out
Ah, freak out
Le freak, c'est chic
Freak out

Ah, freak out
Le freak, c'est chic
Freak out
Ah, freak out
Le freak, c'est chic
Freak out
Ah, freak out
Le freak, c'est chic",Missing Lyrics Only
1970s,1978,Can't Stand Losing You,The Police,,66,2.98,False,0.062,0.396,430,22.56,144.33,"I've called you so many times today
And I guess it's all true what your girlfriends say
That you don't ever want to see me again
And your brother's gonna kill me and he's six feet ten
I guess you'd call it cowardice
But I'm not prepared to go on like this
I can't, I can't, I can't stand losing
I can't, I can't, I can't stand losing
I can't, I can't, I can't
I can't stand losing you
I can't stand losing you
I can't stand losing you
I can't stand losing you
I see you've sent my letters back
And my LP records and they're all scratched
I can't see the point in another day
When nobody listens to a word I say
You can call it lack of confidence
But to carry on living doesn't make no sense
I can't, I can't, I can't stand losing
I can't, I can't, I can't stand losing
I can't, I can't, I can't stand losing
I can't, I can't, I can't stand losing
I can't, I can't, I can't stand losing
I can't, I can't, I can't stand losing
I guess this is our last goodbye
And you don't care, so I won't cry
And you'll be sorry when I'm dead
And all this guilt will be on your head
I guess you'd call it suicide
But I'm too full to swallow my pride
I can't, I can't, I can't stand losing
I can't, I can't, I can't stand losing
I can't, I can't, I can't stand losing
I can't, I can't, I can't stand losing
I can't, I can't, I can't stand losing
I can't, I can't, I can't stand losing
I can't, I can't, I can't stand losing
I can't, I can't, I can't stand losing
I can't, I can't, I can't stand losing
I can't, I can't, I can't stand losing
I can't, I can't, I can't stand losing
I can't, I can't, I can't stand losing
I can't, I can't, I can't stand
Can't stand losing you",Missing Genre Only
1970s,1978,Live And Let Die,Wings,,49,3.23,False,0.105,0.485,144,32.64,44.57,"When you were young
And your heart was an open book
You used to say, ""Live and let live""
(You know you did
You know you did
You know you did)
But if this ever-changing world in which we're livin'
Makes you give in and cry
Say live and let die
(Live and let die)
Live and let die
(Live and let die)
What does it matter to ya?
When you got a job to do
You got to do it well
You gotta give the other fella hell!
You used to say live and let live
(You know you did
You know you did
You know you did)
But if this ever-changing world in which we're livin'
Makes you give in and cry
Say live and let die
(Live and let die)
Live and let die
(Live and let die)",Missing Genre Only
1970s,1978,Born to Be Alive - The Original,Patrick Hernandez,"disco, hi-nrg",74,3.14,False,0.123,0.4,241,21.58,76.75,"We were born to be—
Alive!
We were born to be—
Alive!
Born, born to be alive
(Born to be alive)
Yes, we were
Born, born, born
(Born to be alive)

People asked me why I never
Find a place to stop and settle
Down, down, down
But I never wanted all those things
People need to justify their
Lives, lives, lives

Yes, we were born
Born, born to be alive
(Born to be alive)
Yes, we were
Born, born, born
(Born to be alive)
It's good to be alive
To be alive
To be alive
It's good to be alive
To be alive
To be alive
It's good to be alive

Time was on my side when I was
Running down the street, it was no
Bind, bind, bind
A suitcase and an old guitar and
Something new to occupy my
Mind, mind, mind

Yes, we were born
Born, born to be alive
(Born to be alive)
Yes, we were
Born, born, born
(Born to be alive)
Yes, we were born
Born, born to be alive
(Born to be alive)
Yes, we were
Born, born, born
(Born to be alive)
Yes, we were born
Born, born to be alive
(Born to be alive)
Yes, we were
Born, born, born
(Born to be alive)
Born, born to be alive
(Born to be alive)
Yes, we were
Born, born, born
(Born to be alive)
Born, born to be alive",Missing Lyrics Only
1970s,1971,Stairway to Heaven - Remaster,Led Zeppelin,"classic rock, rock, hard rock, rock and roll",81,8.05,False,0.098,0.412,360,44.72,44.72,"There's a lady who's sure all that glitters is gold
And she's buying a stairway to Heaven
When she gets there, she knows if the stores are all closed
With a word, she can get what she came for
Ooh, and she's buying a stairway to Heaven

There's a sign on the wall, but she wants to be sure
'Cause you know sometimes words have two meanings
In a tree by the brook, there's a songbird who sings
Sometimes all of our thoughts are misgiven

Ooh, it makes me wonder
Ooh, makes me wonder

There's a feeling I get when I look to the west
And my spirit is crying for leaving
In my thoughts, I have seen rings of smoke through the trees
And the voices of those who stand looking

Ooh, it makes me wonder
Ooh, really makes me wonder

And it's whispered that soon if we all call the tune
Then the piper will lead us to reason
And a new day will dawn for those who stand long
And the forests will echo with laughter

Oh-oh-oh-oh-woah-ho

If there's a bustle in your hedgerow, don't be alarmed now
It's just a spring clean for the May queen
Yes, there are two paths you can go by, but in the long run
There's still time to change the road you're on

And it makes me wonder
Ohh, oh-oh

Your head is humming and it won't go, in case you don't know
The piper's calling you to join him
Dear lady, can you hear the wind blow?
And did you know
Your stairway lies on the whispering wind? Oh


And as we wind on down the road
Our shadows taller than our soul
There walks a lady we all know
Who shines white light and wants to show
How everything still turns to gold
And if you listen very hard
The tune will come to you at last
When all are one, and one is all, yeah
To be a rock and not to roll

And she's buying a stairway to Heaven",Missing Lyrics Only
1970s,1979,The Logical Song - Remastered 2010,Supertramp,"progressive rock, classic rock",77,4.19,False,0.113,0.658,252,46.43,60.14,"When I was young, it seemed that life was so wonderful
A miracle, oh, it was beautiful, magical
And all the birds in the trees, well, they'd be singing so happily
Oh, joyfully, oh, playfully watching me
But then they sent me away to teach me how to be sensible
Logical, oh, responsible, practical
And then they showed me a world where I could be so dependable
Oh, clinical, oh, intellectual, cynical

There are times when all the world's asleep
The questions run too deep
For such a simple man
Won't you please, please tell me what we've learned?
I know it sounds absurd
Please tell me who I am

I said, watch what you say or they'll be calling you a radical
A liberal, oh, fanatical, criminal
Oh, won't you sign up your name? We'd like to feel you're acceptable
Respectable, oh, presentable, a vegetable
Oh, take, take, take it, yeah


But at night, when all the world's asleep
The questions run so deep
For such a simple man
Won't you please (Won't you tell me)
Please tell me what we've learned?
(Can you hear me?) I know it sounds absurd
(Won't you help me?) But please, tell me who I am
Who I am
Who I am
Who I am
Ooh
Hey

'Cause I was feeling so illogical, yeah
D-d-d-d-d-d-digital
Yeah, one, two, three, five
Oh, oh, oh, oh, ooh yeah
Ooh, it's getting unbelievable
Yeah",Missing Lyrics Only
1970s,1975,Low Rider,War,,72,3.18,False,-0.045,0.411,88,43.18,27.67,"All my friends know the low rider
(Yeah)
The low rider is a little higher
(Yeah)
The low rider drives a little slower
Low rider is a real goer
Hey
Low rider knows every street, yeah
Low rider is the one to meet, yeah
Low rider don't use no gas now
The low rider don't drive too fast
Take a little trip, take a little trip
Take a little trip and see
Take a little trip, take a little trip
Take a little trip with me",Missing Genre Only
1970s,1996,I'm Every Woman,Chaka Khan,,54,4.16,False,0.214,0.45,346,28.03,83.17,"I'm every woman, it's all in me
Anything you want done, baby, I'll do it naturally (Mh-mh-mh)
I'm every woman, it's all in me
I can read your thoughts right now, every one from A to Z
Whoah whoah whoah (Whoah whoah)
Whoah whoah whoah
I can cast a spell
With secrets you can't tell
Mix a special brew
Put fire inside of you
But anytime you feel danger or fear
Instantly I will appear
'Cause...
I'm every woman, it's all in me
Anything you want done, baby, I'll do it naturally
Whoah whoah whoah
Whoah whoah whoah
I can sense your needs
Like rain on to the seeds
I can make a rhyme
Of confusion in your mind
And when it comes down to some good old fashioned love
That's what I've got plenty of
'Cause...
I'm every woman, it's all in me
Anything you want done, baby, I'll do it naturally
I'm every woman, it's all in me
I can read your thoughts right now, every one from A to Z
Whoah whoah whoah (Whoah whoah)
Whoah whoah whoah
I ain't braggin' cause I'm the one
You just ask me, uh, and it shall be done
And don't bother to compare
'Cause I've got it (I've got it)
Whoah whoah whoah (Whoah whoah)
Whoah whoah whoah
Aah, aah, aah, aah
I'm every woman, I'm every woman
(Tell 'em all about it, child)
I'm every woman, I'm every woman
(Wanna really tell 'em all... about it)
I'm every woman, I'm every woman
(Want 'em to know, want 'em  to know that...)
I'm every woman, I'm every woman
I'm every woman, I'm every woman
I'm every woman, I'm every woman
I'm every woman, I'm every woman
I'm every woman, I'm every woman
I'm every woman, I'm every woman
I'm every woman, I'm every woman",Missing Genre Only
1970s,1972,You're So Vain,Carly Simon,,76,4.31,False,0.107,0.636,378,29.89,87.77,"Son of a gun
You walked into the party like you were walking onto a yacht
Your hat strategically dipped below one eye
Your scarf it was apricot
You had one eye in the mirror, as you watched yourself gavotte
And all the girls dreamed that they'd be your partner
They'd be your partner and
You're so vain
You probably think this song is about you
You're so vain (you're so vain)
I'll bet you think this song is about you
Don't you? Don't you?
You had me several years ago when I was still quite naive
Well, you said that we made such a pretty pair and that you would never leave
But you gave away the things you loved
And one of them was me
I had some dreams, they were clouds in my coffee
Clouds in my coffee and
You're so vain
You probably think this song is about you
You're so vain (you're so vain)
I'll bet you think this song is about you
Don't you? Don't you? Don't you?
I had some dreams, they were clouds in my coffee
Clouds in my coffee and
You're so vain
You probably think this song is about you
You're so vain (you're so vain)
I'll bet you think this song is about you
Don't you? Don't you?
Well, I hear you went up to Saratoga
And your horse naturally won
Then you flew your Learjet up to Nova Scotia
To see the total eclipse of the sun
Well, you're where you should be all the time
And when you're not
You're with some underworld spy or the wife of a close friend
Wife of a close friend and
You're so vain
You probably think this song is about you
You're so vain (so vain)
I'll bet you think this song is about you
Don't you? Don't you? Don't you now?
You're so vain
You probably think this song is about you
You're so vain
You probably think this song is about you
You're so vain
You probably think this song is about you",Missing Genre Only
1970s,1970,Let It Be - Remastered 2009,The Beatles,"classic rock, psychedelic rock",79,4.05,False,0.221,0.459,267,23.6,65.93,"When I find myself in times of trouble
Mother Mary comes to me
Speaking words of wisdom
Let it be
And in my hour of darkness
She is standing right in front of me
Speaking words of wisdom
Let it be

Let it be, let it be
Let it be, let it be
Whisper words of wisdom
Let it be

And when the broken-hearted people
Living in the world agree
There will be an answer
Let it be
For though they may be parted
There is still a chance that they will see
There will be an answer
Let it be

Let it be, let it be
Let it be, let it be
Yeah, there will be an answer
Let it be
Let it be, let it be
Let it be, let it be
Whisper words of wisdom
Let it be


Let it be, let it be
Let it be, yeah, let it be
Whisper words of wisdom
Let it be

And when the night is cloudy
There is still a light that shines on me
Shine until tomorrow
Let it be
I wake up to the sound of music
Mother Mary comes to me
Speaking words of wisdom
Let it be, yeah

Let it be, let it be
Let it be, yeah, let it be
Oh, there will be an answer
Let it be
Let it be, let it be
Let it be, yeah, let it be
Oh, there will be an answer
Let it be
Let it be, let it be
Let it be, yeah, let it be
Whisper words of wisdom
Let it be",Missing Lyrics Only
1980s,1984,Born in the U.S.A.,Bruce Springsteen,,76,4.66,False,0.009,0.296,266,43.98,57.04,"Born down in a dead man's town
The first kick I took was when I hit the ground
End up like a dog that's been beat too much
'Til you spend half your life just coverin' up, now
Born in the U.S.A.​ 
I was born in the U.S.A.​ 
I was born in the U.S.A.​ 
Born in the U.S.A. now
Got in a little hometown jam
So they put a rifle in my hand
Sent me off to a foreign land
To go and kill the yellow man
Born in the U.S.A.​ 
I was born in the U.S.A.​ 
I was born in the U.S.A.​ 
I was born in the U.S.A.​ 
Come back home to the refinery
Hirin' man says, ""Son, if it was up to me""
Went down to see my V.A. man
He said, ""Son, don't you understand now?""
Oh, yeah
No, no
No, no, no
I had a brother at Khe Sanh
Fightin' off them Viet Cong
They're still there, he's all gone
He had a woman he loved in Saigon
I got a picture of him in her arms, now
Down in the shadow of the penitentiary
Out by the gas fires of the refinery
I'm ten years burnin' down the road
Nowhere to run, ain't got nowhere to go
Born in the U.S.A.​ 
I was born in the U.S.A. now
Born in the U.S.A. 
I'm a long gone Daddy in the U.S.A. now
Born in the U.S.A.​ 
Born in the U.S.A.​ 
Born in the U.S.A.​ 
I'm a cool rocking Daddy in the U.S.A. now",Missing Genre Only
1980s,1987,"Heaven Is a Place on Earth - Promo 7"" Edit",Belinda Carlisle,,76,3.89,False,0.202,0.435,305,28.52,78.32,"Ooh, baby, do you know what that's worth?
Ooh, Heaven is a place on Earth
They say in Heaven, love comes first
We'll make Heaven a place on Earth
Ooh, Heaven is a place on Earth
When the night falls down
I wait for you and you come around
And the world's alive
With the sound of kids on the street outside
When you walk into the room
You pull me close and we start to move
And we're spinnin' with the stars above
And you lift me up in a wave of love
Ooh, baby, do you know what that's worth?
Ooh, Heaven is a place on Earth
They say in Heavеn, love comes first
We'll makе Heaven a place on Earth
Ooh, Heaven is a place on Earth
When I feel alone
I reach for you and you bring me home
When I'm lost at sea
I hear your voice and it carries me
In this world, we're just beginnin'
To understand the miracle of livin'
Baby, I was afraid before
But I'm not afraid anymore
Ooh, baby, do you know what that's worth?
Ooh, Heaven is a place on Earth
They say in Heaven, love comes first
We'll make Heaven a place on Earth
Ooh, Heaven is a place on Earth
(Heaven)
(Heaven)
(Heaven)
In this world, we're just beginnin'
To understand the miracle of livin'
Baby, I was afraid before
But I'm not afraid anymore
(Heaven)
Ooh, baby, do you know what that's worth?
Ooh, Heaven is a place on Earth
They say in Heaven, love comes first
We'll make Heaven a place on Earth
Ooh, Heaven is a place on Earth
Ooh, Heaven is a place on Earth
Ooh, Heaven is a place on Earth",Missing Genre Only
1980s,1981,Bette Davis Eyes,Kim Carnes,,80,3.8,False,0.286,0.529,262,32.06,68.95,"Her hair is Harlow gold
Her lips sweet surprise
Her hands are never cold
She's got Bette Davis eyes
She'll turn her music on you
You won't have to think twice
She's pure as New York snow
She got Bette Davis eyes
And she'll tease you
She'll unease you
All the better just to please you
She's precocious and she knows just
What it takes to make a pro blush
She got Greta Garbo standoff sighs
She's got Bette Davis eyes
She'll let you take her home
It whets her appetite
She'll lay you on her throne
She got Bette Davis eyes
She'll take a tumble on you
Roll you like you were dice
Until you come up blue
She's got Bette Davis eyes
She'll expose you
When she snows you
Off your feet with the crumbs she throws you
She's ferocious and she knows just
What it takes to make a pro blush
All the boys think she's a spy
She's got Bette Davis eyes
And she'll tease you
She'll unease you
All the better just to please you
She's precocious and she knows just
What it takes to make a pro blush
All the boys think she's a spy
She's got Bette Davis eyes
She'll tease you
She'll unease you
Just to please ya
She's got Bette Davis eyes
She'll expose you
When she snows you
She knows ya
She's got Bette Davis eyes",Missing Genre Only
1980s,1987,Father Figure - Remastered,George Michael,,72,5.61,False,0.324,0.549,463,29.59,82.53,"That's all I wanted, something special
Something sacred in your eyes
For just one moment to be bold and naked
At your side

Sometimes I think that you'll never
Understand me (Understand me)
Maybe this time is forever
Say it can be, woah-woah, oh

That's all you wanted, somethin' special
Someone sacred in your life
Just for one moment, to be warm and naked
At my side

Sometimes I think that you'll never
Understand me (Understand me)
But somethin' tells me together
We'd be happy, woah-woah, baby

I will be your father figure (Oh, baby)
Put your tiny hand in mine (I'd love to)
I will be your preacher, teacher (Be your daddy)
Anything you have in mind (It would make me)
I will be your father figure (Very happy)
I have had enough of crime (Please let me)
I will be the one who loves you
'Til the end of time (Of time)

That's all I wanted, but sometimes love can be mistaken
For a crime
That's all I wanted, just to see my baby's
Blue eyes shine

This time I think that my lover
Understands me (Understands me), hee
If we have faith in each other
Then we can be strong, baby

I will be your father figure
Put your tiny hand in mine (My baby)
I will be your preacher, teacher
Anything you have in mind (Hee)
I will be your father figure
I have had enough of crime
I will be the one who loves you
'Til the end of time

If you are the desert, I'll be the sea
If you ever hunger, hunger for me
Whatever you ask for, that's what I'll be
So when you remember the ones who have lied
Who said that they cared, but then laughed as you cried
Beautiful darling, don't think of me, because all I ever wanted
It's in your eyes
Baby (Baby, baby)
And love can't lie, no
Greet me with the eyes of a child
My love is always tellin' me so
Heaven is a kiss and a smile
Just hold on, hold on, and I won't let you go, my baby

I will be your father figure
Put your tiny hand in mine
I will be your preacher, teacher
I'm everything you have in mind, baby
I will be your father figure
And I have had enough of crime
So I am gonna love you
'Til the end of time

I will be your father (I will be your)
I will be your preacher (Father)
I will be your father (I'll be your daddy, oh)
I will be the one who loves you
'Til the end of time",Both Missing
1980s,1985,Material Girl - 2024 Remaster,Madonna,,65,4.04,False,0.102,0.595,351,25.07,86.9,"Some boys kiss me, some boys hug me
I think they're okay
If they don't give me proper credit, I just walk away
They can beg and they can plead
But they can't see the light (That's right)
'Cause the boy with the cold hard cash is always Mister Right
'Cause we are living in a material world
And I am a material girl
You know that we are living in a material world
And I am a material girl
Some boys romance, some boys slow dance
That's all right with me
If they can't raise my interest, then I have to let thеm be
Some boys try and some boys liе
But I don't let them play (No way)
Only boys that save their pennies make my rainy day
'Cause we are living in a material world
And I am a material girl
You know that we are living in a material world
And I am a material girl
Living in a material world
And I am a material girl
You know that we are living in a material world
And I am a material girl
Living in a material world (Material)
Living in a material world
Living in a material world (Material)
Living in a material world
Boys may come and boys may go
And that's all right, you see
Experience has made me rich and now they're after me
'Cause everybody's living in a material world
And I am a material girl
You know that we are living in a material world
And I am a material girl
Living in a material world
And I am a material girl
You know that we are living in a material world
And I am a material girl
A material, a material, a material, a material world
Living in a material world (Material)
Living in a material world
Living in a material world (Material-al)
Living in a material world
Living in a material world (Material)
Living in a material world
Living in a material world (Material-al)
Living in a material world",Missing Genre Only
1980s,1989,If I Could Turn Back Time,Cher,,72,4.0,False,0.07,0.336,387,23.51,96.82,"If I could turn back time
If I could find a way
I'd take back those words that've hurt you and you'd stay
I don't know why I did the things I did
I don't know why I said the things I said
Pride's like a knife, it can cut deep inside
Words are like weapons, they wound sometimes
I didn't really mean to hurt you
I didn't wanna see you go
I know I made you cry, but baby
If I could turn back time, if I could find a way
I'd take back those words that've hurt you, you'd stay
If I could reach the stars, I'd give 'em all to you
Then you'd love me, love me, like you used to do
If I could turn back time
My world was shattered, I was torn apart
Like someone took a knife and drove it deep in my heart
When you walked out that door I swore that I didn't care
But I lost everything, darlin', then and there
Too strong to tell you I was sorry
Too proud to tell you I was wrong
I know that I was blind and darlin'
If I could turn back time, if I could find a way
I'd take back those words that've hurt you and you'd stay
If I could reach the stars, I'd give 'em all to you
Then you'd love me, love me, like you used to do
If I could turn back time
(If I could turn back time)
If I could turn back time
(If I could turn back time)
If I could turn back time
Oh, baby
I didn't really mean to hurt you
I didn't wanna see you go
I know I made you cry, but
If I could turn back time, if I could find a way
I'd take back those words that hurt you
If I could reach the stars, I'd give 'em all to you
Then you'd love me, love me, like you used to do
If I could turn back time, if I could find a way
And maybe, maybe, maybe you'd stay
If I could reach the stars",Missing Genre Only
1980s,1983,Every Breath You Take,The Police,,92,4.23,False,-0.2,0.486,383,18.8,90.5,"Every breath you take
And every move you make
Every bond you break, every step you take
I'll be watching you
Every single day
And every word you say
Every game you play, every night you stay
I'll be watching you
Oh, can't you see?
You belong to me
How my poor heart aches
With every step you take
Every move you make
And every vow you break
Every smile you fake, every claim you stake
I'll be watching you
Since you've gone, I've been lost without a trace
I dream at night, I can only see your face
I look around, but it's you I can't replace
I feel so cold, and I long for your embrace
I keep crying, baby, baby, please
Mmm, mmm, mmm, mmm
Mmm, mmm, mmm
Oh, can't you see?
You belong to me
How my poor heart aches
With every step you take
Every move you make
And every vow you break
Every smile you fake, every claim you stake
I'll be watching you
Every move you make, every step you take
I'll be watching you (250)
I'll be watching you
(Every breath you take, every move you make)
(Every bond you break, every step you take)
I'll be watching you
(Every single day, every word you say)
(Every game you play, every night you stay)
I'll be watching you
(Every move you make, every vow you break)
(Every smile you fake, every claim you stake)
I'll be watching you
(Every single day, every word you say)
(Every game you play, every night you stay)
I'll be watching you
(Every breath you take, every move you make)
(Every bond you break, every step you take)
I'll be watching you
(Every single day, every word you say)
(Every game you play, every night you stay)
I'll be watching you
(Every move you make, every vow you break)
(Every smile you fake, every claim you stake)
I'll be watching you
(Every single day, every word you say)
(Every game you play, every night you stay)
I'll be watching you
(Every breath you take, every move you make)
(Every bond you break, every step you take)
I'll be watching...",Missing Genre Only
1980s,2025,"Maniac - From ""Flashdance""",Michael Sembello,,74,4.1,False,-0.075,0.775,312,35.26,76.1,"Just a steel town girl on a Saturday night
Lookin' for the fight of her life
In the real-time world, no one sees her at all
They all say she's crazy
Locking rhythms to the beat of her heart
Changing movement into light
She has danced into the danger zone
When the dancer becomes the dance

It can cut you like a knife
If the gift becomes the fire
On the wire between will and what will be

She's a maniac, maniac on the floor
And she's dancing like she's never danced before
She's a maniac, maniac on the floor
And she's dancing like she's never danced before

On the ice-blue line of insanity
Is a place most never see
It's a hard-won place of mystery
Touch it, but can't hold it
You work all your life for that moment in time
It could come or pass you by
It's a push-shove world, but there's always a chance
If the hunger stays the night

There's a cold kinetic heat
Struggling, stretching for the peak
Never stopping with her head against the wind

She's a maniac, maniac at your door
And she's dancing like she's never danced before
She's a maniac, maniac at your door
And she's dancing like she's never danced before

Ooh, oh
Oh


It can cut you like a knife
If the gift becomes the fire
On the wire between will and what will be

She's a maniac, maniac at your door (At your door)
And she's dancing like she's never danced before
She's a maniac, maniac at your door (Maniac)
And she's dancing like she's never danced before
Maniac, maniac at your door (Ooh-ooh, ooh-ooh)
And she's dancing like she's never danced before",Both Missing
1980s,1980,The Winner Takes It All,ABBA,,85,4.91,False,-0.178,0.437,331,44.41,67.39,"I don't wanna talk about things we've gone through
Though it's hurting me, now it's history
I've played all my cards
And that's what you've done, too
Nothing more to say, no more ace to play
The winner takes it all
The loser standing small
Beside the victory
That's her destiny
I was in your arms, thinkin' I belonged there
I figured it made sense building me a fence
Building me a home, thinking I'd be strong there
But I was a fool playing by the rules
The gods may throw a dice
Their minds as cold as ice
And someone way down here
Loses someone dear
The winner takes it all (
Takes it all
)
The loser has to fall (
Has to fall
)
It's simple and it's plain (Yes, it's plain)
Why should I complain? (Why complain?)
But tell me, does she kiss like I used to kiss you?
Does it feel the same when she calls your name?
Somewhere deep inside, you must know I miss you
But what can I say? Rules must be obeyed
The judges will decide (
They decide
)
The likes of me abide (
We abide
)
Spectators of the show (
Of the show
)
Always stayin' low (
Staying low
)
The game is on again (
On again
)
A lover or a friend (
Or a friend
)
A big thing or a small (
Big or small
)
The winner takes it all (
Takes it all
)
I don't wanna talk if it makes you feel sad
And I understand, you've come to shake my hand
I apologise if it makes you feel bad
Seeing me so tense, no self-confidence
But you see, the winner takes it all
The winner takes it all
So the winner takes it all
And the loser has to fall
Throw a dice, cold as ice
Way down here, someone dear
Takes it all, has to fall
Yes, it's plain, why complain?",Missing Genre Only
1980s,1983,I'm Still Standing,Elton John,,84,3.06,False,0.113,0.523,326,31.9,106.63,"You could never know what it's like
Your blood, like winter, freezes just like ice
And there's a cold, lonely light that shines from you
You'll wind up like the wreck you hide behind that mask you use
And did you think this fool could never win?
Well, look at me, I'm a-comin' back again
I got a taste of love in a simple way
And if you need to know while I'm still standin', you just fade away
Don't you know, I'm still standin' better than I ever did?
Lookin' like a true survivor, feelin' like a little kid
And I'm still standin' after all this time
Pickin' up the pieces of my life without you on my mind
I'm still standin' (Yeah, yeah, yeah)
I'm still standin' (Yeah, yeah, yeah)
Once, I never coulda hoped to win
You're startin' down the road, leavin' me again
The threats you made were meant to cut me down
And if our love was just a circus, you'd be a clown by now
You know, I'm still standin' better than I ever did
Lookin' like a true survivor, feelin' like a little kid
And I'm still standin' after all this time
Pickin' up the pieces of my life without you on my mind
I'm still standin' (Yeah, yeah, yeah)
I'm still standin' (Yeah, yeah, yeah)
Don't you know that I'm still standin' better than I ever did?
Lookin' like a true survivor, feelin' like a little kid
And I'm still standin' after all this time
Pickin' up the pieces of my life without you on my mind
I'm still standin' (Yeah, yeah, yeah)
I'm still standin' (Yeah, yeah, yeah)
I'm still standin' (Yeah, yeah, yeah)
I'm still standin' (Yeah, yeah, yeah)
I'm still standin' (Yeah, yeah, yeah)
I'm still standin' (Yeah, yeah, yeah)",Missing Genre Only
1980s,2012,The Way You Make Me Feel - 2012 Remaster,Michael Jackson,,72,4.97,False,0.155,0.513,620,18.39,124.75,"Hee-hee, ooh
Go on, girl, aaow!
Hee

Hey, pretty baby with the high heels on
You give me fever like I've never ever known
You're just a product of loveliness
I like the groove of your walk, your talk, your dress
I feel your fever from miles around
I'll pick you up in my car and we'll paint the town
Just kiss me, baby, and tell me twice
That you're the one for me

The way you make me feel (The way you make me feel)
You really turn me on (You really turn me on)
You knock me off of my feet (You knock me off of my feet)
My lonely days are gone (My lonely days are gone)
Uh, uh

I like this feelin' you're givin' me
Just hold me, baby, and I'm in ecstasy
Oh, I'll be workin' from nine to five
To buy you things to keep you by my side
I've never felt so in love before
Just promise, baby, you'll love me forever more
I swear I'm keepin' you satisfied
'Cause you're the one for me

The way you make me feel (The way you make me feel)
You really turn me on (You really turn me on)
You knock me off of my feet now, baby (You knock me off of my feet)
My lonely days are gone (My lonely days are gone)

Acha-ooh
Go on, girl, go on
Hee-hee, aaow
Go on, girl

I've never felt so in love before
Just promise, baby, you'll love me forevermore
I swear I'm keepin' you satisfied
'Cause you're the one for me

The way you make me feel (The way you make me feel)
You really turn me on (You really turn me on)
You knock me off of my feet now, baby, hee (You knock me off of my feet)
My lonely days are gone, ah, ah (My lonely days are gone)
The way you make me feel (The way you make me feel)
You really turn me on (You really turn me on)
You knock me off of my feet now, baby, hee (You knock me off of my feet)
My lonely days are gone (My lonely days are gone)

Ain't nobody's business (The way you make me feel)
Ain't nobody's business
Ain't nobody's business (You really turn me on)
Ain't nobody's business
But mine and my baby, hee-hee (You knock me off of my feet)
Hee-hee, ooh (My lonely days are gone)
Give it to me (The way you make me feel)
Give me some time
Come on, be my girl (You really turn me on)
I wanna be with mine
Ain't nobody's business (You knock me off of my feet)
Ain't nobody's business
But mine and my baby (My lonely days are gone)
Go on, girl, aaow

Hee-hee, ooh
Choo-coo, choo-coo
Choo-coo, choo-coo, choo-coo
Go on, girl!

The way you make me feel (Hee-hee, hee-hee-hee)
You really turn me on
You knock me off of my feet
My lonely days are gone

Give it to me (The way you make me feel)
Give me some time
Come on, be my girl (You really turn me on)
I wanna be with mine
Ain't nobody's business (You knock me off of my feet)
Ain't nobody's business
But mine and my baby (My lonely days are gone)
Go on, girl
Give it to me (The way you make me feel)
Give me some time
Come on, be my girl (You really turn me on)
I wanna be with mine",Both Missing
1980s,1980,Lay All Your Love On Me,ABBA,,80,4.57,False,0.26,0.584,264,39.39,57.71,"I wasn't jealous before we met
Now every woman I see is a potential threat
And I'm possessive, it isn't nice
You've heard me saying that smoking was my only vice
But now it isn't true
Now everything is new
And all I've learned has overturned
I beg of you
Don't go wasting your emotion
Lay all your love on me
It was like shooting a sitting duck
A little small talk, a smile, and baby, I was stuck
I still don't know what you've done with me
A grown-up woman should never fall so easily
I feel a kind of fear
When I don't have you near
Unsatisfied, I skip my pride
I beg you, dear
Don't go wasting your emotion
Lay all your love on me
Don't go sharing your devotion
Lay all your love on me
I've had a few little love affairs
They didn't last very long and they've been pretty scarce
I used to think that was sensible
It makes the truth even more incomprehensible
'Cause everything is new
And everything is you
And all I've learned has overturned
What can I do?
Don't go wasting your emotion
Lay all your love on me
Don't go sharing your devotion
Lay all your love on me
Don't go wasting your emotion
Lay all your love on me
Don't go sharing your devotion
Lay all your love on me
Don't go wasting your emotion
Lay all your love on me",Missing Genre Only
1980s,1989,Another Day in Paradise - 2016 Remaster,Phil Collins,soft rock,82,5.37,False,0.02,0.5,339,25.07,63.13,"She calls out to the man on the street
""Sir, can you help me?
It's cold and I've nowhere to sleep
Is there somewhere you can tell me?""
He walks on, doesn't look back
He pretends he can't hear her
Starts to whistle as he crosses the street
Seems embarrassed to be there

Oh, think twice
'Cause it's another day
For you and me in paradise
Oh, think twice
'Cause it's another day for you
You and me in paradise

Think about it

She calls out to the man on the street
He can see she's been crying
She's got blisters on the soles of her feet
She can't walk, but she's trying

Oh, think twice
'Cause it's another day
For you and me in paradise
Oh, think twice
It's just another day for you
You and me in paradise

Just think about it

Oh, Lord
Is there nothing more anybody can do?
Oh, Lord
There must be something You can say

You can tell from the lines on her face
You can see that she's been there
Probably been moved on from every place
'Cause she didn't fit in there

Oh, think twice
'Cause it's another day
For you and me in paradise
Oh, think twice
It's just another day for you
You and me in paradise

Just think about it
Mhm, think about it
It's just another day
For you and me in paradise
It's just another day
For you and me in paradise (Para—, paradise)
Paradise (It's just another day for you and me)
Uh, just think about it (In paradise)
Paradise (It's just another day for you and me)
Just think about it (In paradise, para—, paradise)
It's just in paradise (It's just another day for you and me)
Mhm, paradise (In paradise)
Paradise, just another day (It's just another day for you and me)
Think about it (In paradise, para—, paradise)",Missing Lyrics Only
1980s,1989,Like a Prayer,Madonna,,74,5.68,False,-0.141,0.39,586,15.02,103.15,"Life is a mystery
Everyone must stand alone
I hear you call my name
And it feels like home
When you call my name
It's like a little prayer
I'm down on my knees
I want to take you there
In the midnight hour
I can feel your power
Just like a prayer
You know I'll take you there
I hear your voice
It's like an angel sighing
I have no choice
I hear your voice
Feels like flying
I close my eyes
Oh God, I think I'm falling
Out of the sky
I close my eyes
Heaven, help me
When you call my name
It's like a little prayer
I'm down on my knees
I want to take you there
In the midnight hour
I can feel your power
Just like a prayer
You know I'll take you there
Like a child
You whisper softly to me
You're in control
Just like a child
Now I'm dancing
It's like a dream
No end and no beginning
You're here with me
It's like a dream
Let the choir sing
When you call my name
It's like a little prayer
I'm down on my knees
I wanna take you there
In the midnight hour
I can feel your power
Just like a prayer
You know I'll take you there
When you call my name
It's like a little prayer
I'm down on my knees
I wanna take you there
In the midnight hour
I can feel your power
Just like a prayer
You know I'll take you there
Life is a mystery
Everyone must stand alone
I hear you call my name
And it feels like home
Just like a prayer
Your voice can take me there
Just like a muse to me
You are a mystery
Just like a dream
You are not what you seem
Just like a prayer, no choice
Your voice can take me there
Just like a prayer, I'll take you there
It's like a dream to me (Mm, mm-mm)
Just like a prayer, I'll take you there (I'll take you there)
It's like a dream to me (Oh, oh-oh-oh yeah)
Just like a prayer, I'll take you there (I'll take you there)
It's like a dream to me (Oh yeah, yeah, yeah yeah yeah yeah)
Just like a prayer, I'll take you there (Oh, yeah)
It's like a dream to me (Oh, oh)
Just like a prayer
Your voice can take me there
Just like a muse to me
You are a mystery
Just like a dream
You are not what you seem
Just like a prayer, no choice
Your voice can take me there
Just like a prayer
Your voice can take me there
Just like a muse to me
You are a mystery
Just like a dream
You are not what you seem
Just like a prayer, no choice
Your voice can take me there
Your voice can take me there
Like a prayer
It's like a prayer, your voice can take me there
It's like a prayer
It's like a prayer, your voice can take me there
It's like a prayer
It's like a prayer, your voice can take me there
It's like a prayer
It's like a prayer, your voice can take me there
It's like a prayer",Missing Genre Only
1980s,1998,Your Love,The Outfield,,76,3.7,False,0.34,0.571,289,35.29,78.16,"Josie's on a vacation far away
Come around and talk it over
So many things that I wanna say
You know I like my girls a little bit older
I just wanna use your love tonight
And I don't wanna lose your love tonight
I ain't got many friends left to talk to
Nowhere to run when I'm in trouble
You know I'd do anything for you
Stay the night but keep it undercover
I just wanna use your love tonight, oh
I don't wanna lose your love tonight
Try to stop my hands from shakin'
'Cause somethin' in my mind's not makin' sense
It's been awhile since we were all alone
I can't hide the way I'm feelin'
As you’re leaving, please, would you close the door?
And don't forget what I told ya:
Just 'cause you're right, that don't mean I'm wrong
Another shoulder to cry upon
I just wanna use your love tonight, yeah
I don't wanna lose your love tonight, yeah
I just wanna use your love tonight
I don't wanna lose your love tonight
I just wanna use your love tonight
I don't wanna lose your love tonight
(Lose your love)
(Lose your love)
Tonight (Lose your love)
No, I don't wanna lose (Lose your love tonight)
I don't wanna, no, I don't wanna
I don't wanna (Lose your love tonight)
No, no (Lose your love tonight)
(Lose your love tonight)
(No) No (I don't wanna lose your love tonight)
(Lose your love tonight)",Missing Genre Only
1980s,1986,(I Just) Died In Your Arms,Cutting Crew,,81,4.67,False,0.257,0.713,328,35.98,70.19,"Oh, I, I just died in your arms tonight
It must have been something you said
I just died in your arms tonight
I keep looking for something I can't get
Broken hearts lie all around me
And I don't see an easy way to get out of this
Her diary, it sits by the bedside table
The curtains are closed, the cat's in the cradle
Who would've thought that a boy like me could come to this
Oh, I, I just died in your arms tonight
It must've been something you said
I just died in your arms tonight
Oh, I, I just died in your arms tonight
It must've been some kind of kiss
I should've walked away, I should've walked away
Is there any just 'cause for feeling like this?
On the surface, I'm a name on a list
I try to be discreet, but then blow it again
I've lost and found, it's my final mistake
She's loving by proxy, no give and all take
'Cause I've been thrilled to fantasy one too many times
Oh, I, I just died in your arms tonight
It must have been something you said
I just died in your arms tonight
Oh, I, I just died in your arms tonight
It must've been some kind of kiss
I should've walked away, I should've walked away
It was a long hot night
She made it easy, she made it feel right
But now it's over, the moment has gone
I followed my hands, not my head, I know I was wrong
Oh, I, I just died in your arms tonight
It must have been something you said
I just died in your arms tonight
Oh, I, I just died in your arms tonight
It must've been some kind of kiss
I should've walked away, I should've walked away",Missing Genre Only
1980s,1994,Smooth Operator - Single Version,Sade,,82,4.31,False,0.283,0.478,211,49.76,48.96,"He's laughing with another girl
And playing with another heart
Placing high stakes, making hearts ache
He's loved in seven languages
Diamond nights and ruby lights, high in the sky
Heaven help him when he falls

Diamond life, lover boy
He moves in space with minimum waste and maximum joy
City lights and business nights
When you require streetcar desire for higher heights

No place for beginners or sensitive hearts
The sentiment is left to chance
No place to be ending but somewhere to start

No need to ask, he's a smooth operator
Smooth operator
Smooth operator
Smooth operator

Coast-to-coast, L.A. to Chicago, western male
Across the North and South, to Key Largo, love for sale

Face-to-face, each classic case
We shadowbox and double-cross
Yet need the chase

A license to love, insurance to hold
Melts all your memories and change into gold
His eyes are like angels; his heart is cold

No need to ask, he's a smooth operator
Smooth operator
Smooth operator
Smooth operator

Coast-to-coast, L.A. to Chicago, western male
Across the North and South, to Key Largo, love for sale

Smooth operator
Smooth operator
Smooth operator
Smooth operator
Smooth operator
Smooth operator
Smooth operator
Smooth operator
Smooth operator
Smooth operator
Smooth operator
Smooth operator",Both Missing
1980s,2001,Eyes Without A Face - Remastered 1999,Billy Idol,,64,4.96,False,0.026,0.49,318,42.14,64.11,"I'm all out of hope
One more bad break could bring a fall
When I'm far from home
Don't call me on the phone to tell me you're alone
It's easy to deceive
It's easy to tease, but hard to get release

(
Les yeux sans visage
) Eyes without a face
(
Les yeux sans visage
) Eyes without a face
(
Les yeux sans visage
) Eyes without a face
Got no human grace, your eyes without a face

Ooh, ch-ch

I spent so much time
Believing all the lies to keep the dream alive
Now it makes me sad
It makes me mad at truth for loving what was you

(
Les yeux sans visage
) Eyes without a face
(
Les yeux sans visage
) Eyes without a face
(
Les yeux sans visage
) Eyes without a face
Got no human grace, your eyes without a face

Ooh, ha


When you hear the music, you make a dip
Into someone else's pocket, then make a slip
Steal a car and go to Las Vegas
Ooh, the gigolo pool
Hanging out by the state line
Turning holy water into wine
Drinking it down
Oh-oh-oh
I'm on a bus on a psychedelic trip
Reading murder books, trying to stay hip
I'm thinking of you and you're out there, so
Say your prayers
Say your prayers
Say your prayers
Ooh
Ooh-ooh-ooh, ooh

Now I close my eyes
And I wonder why I don't despise
Now all I can do
Is love what was once so alive and new
But it's gone from your eyes
I'd better realise

(
Les yeux sans visage
) Eyes without a face
(
Les yeux sans visage
) Eyes without a face
(
Les yeux sans visage
) Eyes without a face
Got no human grace, your eyes without a face

Such a human waste, your eyes without a face

And now it's getting worse",Both Missing
1980s,1986,Don't Dream It's Over,Crowded House,,76,3.97,False,0.494,0.412,269,35.32,67.77,"There is freedom within, there is freedom without
Try to catch a deluge in a paper cup
There's a battle ahead, many battles are lost
But you'll never see the end of the road
While you're traveling with me
Hey now, hey now, don't dream it's over
Hey now, hey now, when the world comes in
They come, they come to build a wall between us
We know they won't win
Now I'm towing my car, there's a hole in the roof
My possessions are causing me suspicion, but there's no proof
In the paper today, tales of war and of waste
But you turn right over to the TV page
Hey now, hey now, don't dream it's over
Hey now, hey now, when the world comes in
They come, they come to build a wall between us
We know they won't win
Now I'm walking again to the beat of a drum
And I'm counting the steps to the door of your heart
Only shadows ahead, barely clearing the roof
Get to know the feeling of liberation and release
Hey now, hey now, don't dream it's over
Hey now, hey now, when the world comes in
They come, they come to build a wall between us
We know they won't win
Don't let them win
Hey now, hey now
Hey now, hey now
Hey now, hey now
Don't let them win
They come, they come
Don't let them win
Hey now, hey now (Yeah)
Hey now,  hey now",Missing Genre Only
1980s,1982,Should I Stay or Should I Go - Remastered,The Clash,punk,81,3.15,False,0.143,0.33,349,33.52,110.79,"Oh! Hola!

Darling, you got to let me know
Should I stay, or should I go?
If you say that you are mine
I'll be here till the end of time
So you got to let me know
Should I stay, or should I go?

It's always tease, tease, tease
You're happy when I'm on my knees
One day it's fine, and next it's black
So if you want me off your back
Well, come on and let me know
Should I stay, or should I go?

Should I stay, or should I go now?
Should I stay, or should I go now?
If I go, there will be trouble
And if I stay, it will be double
So come on and let me know

This indecision's bugging me (Esta indecisión me molesta)
If you don't want me, set me free (Si no me quieres, librarme)
Exactly whom I'm supposed to be (Dígame que tengo ser)
Don't you know which clothes even fit me? (¿Sabes que ropa me queda?)
Come on and let me know (Me tienes que decir)
Should I cool it, or should I blow? (¿Me debo ir o quedarme?)
Split

(Doble! ¿Me frio o lo soplo?)
(Esperda, rrattarrattattaa...)

Should I stay, or should I go now? (Yo me enfrío o lo soplo)
Should I stay, or should I go now? (Yo me enfrío o lo soplo)
If I go, there will be trouble (Si me voy va a haber peligro)
And if I stay, it will be double (Si me quedo sera el doble)
So ya gotta let me know (Me tienes que decir)
Should I cool it, or should I blow? (Tengo frío por los ojos)
Should I stay, or should I go now? (Tengo frío por los ojos)
If I go, there will be trouble (Si me voy va haber peligro)
And if I stay, it will be double (Si me quedo será el doble)
So ya gotta let me know (Me tienes que decir)
Should I stay, or should I go?",Missing Lyrics Only
1980s,2004,Call Me,Blondie,,76,3.54,False,0.362,0.602,418,24.4,118.18,"Color me your color, baby, color me your car
Color me your color, darling, I know who you are
Come up off your color chart
I know where you're coming from
Call me (Call me) on the line
Call me, call me any, anytime
Call me (Call me), I'll arrive
You can call me any day or night, call me
Cover me with kisses, baby, cover me with love
Roll me in designer sheets, I'll never get enough
Emotions come, I don't know why
Cover up love's alibi
Call me (Call me) on the line
Call me, call me any, anytime
Call me (Call me), I'll arrive
When you're ready, we can share the wine, call me
Ooh, he speaks the languages of love
Ooh, amore, chiamami, chiamami
Ooh, appelle-moi, mon chéri, appelle-moi
Anytime, anyplace, anywhere, any way
Anytime, anyplace, anywhere, any day, any way
Call me
Take me out and show me off, and put me on the scene
Dress me in the fashions of the 1980s
You're a man, no in-between
You know what your words can mean
Call me (Call me), my love
Call me, call me any day or night
Call me (Call me), on the line
Call me, call me into overtime, call me
Call me (Call me), my love
Call me, call me any, anytime
Call me (Call me), I'll arrive
Call me, call me for some overtime
Call me (Call me), my love
Call me, call me in a sweet design
Call me (Call me)
Call me for your lover's, lover's alibi
Call me (Call me) on the line
Call me, call me any, anytime
Call me, ah-ha, call me, ah-ha-ha
Call me, ah-ha-ha, call me any day or night
Call me, ooh-ooh-ah-ha-ha, ooh-ooh-ha-ha-ha
Call me, ah-ah-ooh
Call me, my, my sweet design
Call me for a ride, call me inside
Call me, all night, all day, ah-ha, call me
Ooh-ooh-ooh-ooh-ah-ah-ah
Call me (Call me), my love
Call me, call me any, any time
Call me (Call me), I'll arrive
Call me, call me for some overtime
Call me (Call me), my love
Call me, call me, in a sweet design
Call me (Call me), call me for your lover's, lover's alibi
Call me (Call me) on the line
Call me, call me any, any time
Call me (Call me)
Oh, call me, ooh-ooh-ooh
Call me (Call me), my love
Call me, call me any, any time",Missing Genre Only
1980s,1979,Rock with You - Single Version,Michael Jackson,,82,3.67,False,0.233,0.578,279,29.03,76.12,"Girl, close your eyes
Let that rhythm get into you
Don't try to fight it
There ain’t nothin' that you can do
Relax your mind
Lay back and groove with mine
You gotta feel that heat
And we can ride the boogie
Share that beat of love
I wanna rock with you (All night)
Dance you into day (Sunlight)
I wanna rock with you (All night)
We're gonna rock the night away
Mhm
Out on the floor
There ain’t nobody there but us
Girl, when you dance
There's a magic that must be love
Just take it slow
'Cause we got so far to go
When you feel that heat
And we're gonna ride the boogie
Share that beat of love
I wanna rock with you (All night)
Dance you into day (Sunlight)
I wanna rock with you (All night)
We're gonna rock the night away
And when the groove is dead and gone, yeah
You know that love survives
So we can rock forever on
I wanna rock with you
I wanna groove with you
I wanna rock with you
I wanna groove with you
I wanna rock (All night) with you, girl (Sunlight)
Rock with you, rock with you, yeah (All night)
Dance the night away
I wanna rock with you, yeah (All night)
Rock you into day (Sunlight)
I wanna rock with you (All night)
Rock the night away
Feel the heat, feel the beat (All night)
Rock you into day (Sunlight)
I wanna rock (All night)
Rock the night away",Missing Genre Only
1980s,1986,There Is a Light That Never Goes Out - 2011 Remaster,The Smiths,"new wave, madchester, jangle pop",84,4.08,False,0.217,0.501,331,28.1,81.13,"Take me out tonight
Where there's music and there's people
And they're young and alive
Driving in your car
I never, never want to go home
Because I haven't got one anymore
Take me out tonight
Because I want to see people
And I want to see lights
Driving in your car, oh, please don't drop me home
Because it's not my home, it's their home
And I'm welcome no more

And if a double-decker bus crashes into us
To die by your side is such a heavenly way to die
And if a ten tonne truck kills the both of us
To die by your side, well, the pleasure, the privilege is mine

Take me out tonight
Take me anywhere
I don't care, I don't care, I don't care
And in the darkened underpass
I thought ""Oh God, my chance has come at last""
But then a strange fear gripped me and I just couldn't ask
Take me out tonight
Oh, take me anywhere
I don't care, I don't care, I don't care
Driving in your car, I never, never want to go home
Because I haven't got one
La-dee-dum, oh, I haven't got one
Oh-oh, oh-oh-oh

And if a double-decker bus crashes into us
To die by your side is such a heavenly way to die
And if a ten tonne truck kills the both of us
To die by your side, well, the pleasure, the privilege is mine

Oh, there is a light and it never goes out
There is a light and it never goes out
There is a light and it never goes out
There is a light and it never goes out
There is a light and it never goes out
There is a light and it never goes out
There is a light and it never goes out
There is a light and it never goes out",Missing Lyrics Only
1980s,1986,La Isla Bonita,Madonna,,75,4.05,False,0.148,0.45,340,32.65,84.04,"¿Cómo puede ser verdad?
Last night I dreamt of San Pedro
Just like I'd never gone, I knew the song
Young girl with eyes like the desert
It all seems like yesterday, not far away
Tropical the island breeze, all of nature wild and free
(Ah-ah, ah-ah, ah-ah)
This is where I long to be, La Isla Bonita
And when the samba played, the sun would set so high
(Ah-ah, ah-ah, ah-ah)
Ring through my ears and sting my eyes, your Spanish lullaby
I fell in love with San Pedro
Warm wind carried on the sea, he called to me
Te dijo, ""Te amo""
I prayed that the days would last, they went so fast
Tropical the island breeze, all of nature wild and free
(Ah-ah, ah-ah, ah-ah)
This is where I long to be, La Isla Bonita
And when the samba played, the sun would set so high
(Ah-ah, ah-ah, ah-ah)
Ring through my ears and sting my eyes, your Spanish lullaby
I want to be where the sun warms the sky
When it's time for siesta, you can watch them go by
Beautiful faces, no cares in this world
Where a girl loves a boy, and a boy loves a girl
Last night I dreamt of San Pedro
It all seems like yesterday, not far away
Tropical the island breeze, all of nature wild and free
(Ah-ah, ah-ah, ah-ah)
This is where I long to be, La Isla Bonita
And when the samba played, the sun would set so high
(Ah-ah, ah-ah, ah-ah)
Ring through my ears and sting my eyes, your Spanish lullaby
(Pa-pa-pa-pa-pa)
Tropical the island breeze, all of nature wild and free
(Ah-ah, ah-ah, ah-ah)
This is where I long to be, La Isla Bonita
And when the samba played, the sun would set so high
(Ah-ah, ah-ah, ah-ah)
Ring through my ears and sting my eyes, your Spanish lullaby
La-la-la-la-la-la-la
Te dijo, ""Te amo""
La-la-la-la-la-la-la
Él dijo que te ama
Pa-pa-pa-pa-pa-pa-pa-pa (Ah-ah, ah-ah, ah-ah)
La Isla Bonita
Ah-ah, ah-ah, ah-ah
Spanish lullaby",Missing Genre Only
1980s,2012,Bad - 2012 Remaster,Michael Jackson,,67,4.12,False,-0.512,0.634,613,19.74,148.79,"Ah, your butt is mine, gon' tell you right, ah
Just show your face in broad daylight, ah
I'm tellin' you on who I feel, ah
Gonna hurt your mind, don't shoot to kill
Shamone, ah, shamone
Lay it on me, ah, alright
Ah, I'm givin' you on count to three, ah
To show your stuff or let it be, ah
I'm tellin' you, just watch your mouth, ah
I know your game, hah, what you're about, ah

Well, they say the sky's the limit
And to me, that's really true, ah
But my friend, you have seen nothin'
Just wait 'til I get through

Because I'm bad, I'm bad, shamone, ah (Bad, bad, really, really bad)
You know I'm bad, I'm bad (Bad, bad)
You know it, ah (Really, really bad)
You know I'm bad, I'm bad, shamone (Bad, bad)
You know (Really, really bad)
And the whole world has to answer right now
Just to tell you once again
Who's bad?

Ah, ah, the word is out, ah
You're doin' it wrong, ah
Gon' lock you up before too long, ah
Your lyin' eyes gon' tell you right, ah
So listen up, ah, don't make a fight, ah
Your talk is cheap, you're not a man, ah
You're throwin' stones to hide your hands

Well, they say the sky's the limit
And to me, that's really true, ah
But my friend, you have seen nothin'
Just wait 'til I get through

Because I'm bad, I'm bad, shamone, ah (Bad, bad, really, really bad)
You know I'm bad, I'm bad (Bad, bad)
You know it, ah (Really, really bad)
You know I'm bad, I'm bad, you know it (Bad, bad)
You know (Really, really bad)
And the whole world has to answer right now
Just to tell you once again
Who's bad?


Ah, we can change the world tomorrow
This could be a better place, ah
If you don't like what I'm sayin'
Then won't you slap my face?

Because I'm bad, I'm bad, shamone, ah (Bad, bad, really, really bad)
You know I'm bad, I'm bad (Bad, bad)
You know it, ah (Really, really bad)
You know I'm bad, I'm bad (Bad, bad)
You know it, you know (Really, really bad)
And the whole world has to answer right now (Hoo, hoo)
Just to tell you once again (Hoo)
You know I'm bad, I'm bad, shamone, ah (Bad, bad, really, really bad)
You know I'm bad, I'm bad (Bad, bad)
You know it, you know it (Really, really bad)
You know, you know (Bad, bad)
You know, shamone (Really, really bad)
And the whole world has to answer right now
Just to tell you once again
You know I'm smooth, I'm bad, you know it (Bad, bad, really, really bad)
You know I'm bad, I'm bad, baby (Bad, bad, really, really bad)
You know, you know, you know it, shamone (Bad, bad, really, really bad)
And the whole world has to answer right now (Hoo)
Just to tell you once again
You know I'm bad, I'm bad, you know it (Bad, bad, really, really bad)
You know I'm bad, you know, woo (Bad, bad, really, really bad)
You know I'm bad, I'm bad (Bad, bad)
You know it, you know (Really, really bad)
And the whole world has to answer right now
Just to tell you once again
Who's bad?",Both Missing
1980s,1987,Everywhere - 2017 Remaster,Fleetwood Mac,"classic rock, yacht rock, soft rock",84,3.78,False,0.373,0.5,218,25.69,57.67,"Calling out your name
Calling out your name

Can you hear me calling out your name?
You know that I'm falling and I don't know what to say
I'll speak a little louder, I'll even shout
You know that I'm proud and I can't get the words out

Oh, I
I wanna be with you everywhere
Oh, I
I wanna be with you everywhere
(
I wanna be with you everywhere
)

Something's happening, happening to me
My friends say I'm acting peculiarly
Come along, baby, we better make a start
You better make it soon before you break my heart

Oh, I
I wanna be with you everywhere
Oh, I
I wanna be with you everywhere
(I wanna be with you everywhere)

Can you hear me calling out your name?
You know that I'm falling and I don't know what to say
Come along, baby, we better make a start
You better make it soon before you break my heart

Oh, I
I wanna be with you everywhere
Oh, I
I wanna be with you everywhere
Oh, I
I wanna be with you everywhere
Oh, I
I wanna be with you everywhere
(I wanna be with you everywhere)",Missing Lyrics Only
1980s,2024,Careless Whisper - Remastered,George Michael,,80,5.06,False,0.091,0.649,347,34.87,68.6,"Oh, woah, woah, oh
I feel so unsure
As I take your hand and lead you to the dance floor
As the music dies, something in your eyes
Calls to mind a silver screen and all its sad goodbyes
I'm never gonna dance again
Guilty feet have got no rhythm
Though it's easy to pretend
I know you're not a fool
I should have known better than to cheat a friend
And waste the chance that I'd been given
So I'm never gonna dance again
The way I danced with you, oh
Time can never mend
The careless whispers of a good friеnd
To the heart and mind, ignorance is kind
Thеre's no comfort in the truth, pain is all you'll find
I'm never gonna dance again
Guilty feet have got no rhythm
Though it's easy to pretend
I know you're not a fool
I should have known better than to cheat a friend (Shoulda known better, yeah)
And waste the chance that I'd been given
So I'm never gonna dance again
The way I danced with you, oh
Never without your love
Tonight, the music seems so loud
I wish that we could lose this crowd
Maybe it's better this way
We'd hurt each other with the things we want to say
We could have been so good together
We could have lived this dance forever
But now, who's gonna dance with me?
Please stay
And I'm never gonna dance again
Guilty feet have got no rhythm
Though it's easy to pretend
I know you're not a fool
I should have known better than to cheat a friend
And waste the chance that I'd been given
So I'm never gonna dance again
The way I danced with you, oh
(Now that you're gone) Now that you're gone
(Now that you're gone) Was what I did so wrong, so wrong
That you had to leave me alone?",Missing Genre Only
1980s,1982,P.Y.T. (Pretty Young Thing),Michael Jackson,,77,3.97,False,0.333,0.683,499,23.85,125.62,"You know you, you make me feel so good inside
I've always wanted a girl just like you
Such a P.Y.T., pretty young thing, ooh
Where did you come from, lady?
And ooh, won't you take me there?
Right away, won't you, baby?
Tenderoni, you've got to be
Spark my nature, sugar, fly with me
Don't you know now is the perfect time?
We can make it right, hit the city lights
Then tonight, ease the lovin' pain
Let me take you to the max
I want to love you (P.Y.T.)
Pretty young thing
You'll need some lovin' (T.L.C.)
Tender lovin' care
And I'll take you there, girl, ooh-oh
I want to love you (P.Y.T.)
Pretty young thing
You'll need some lovin' (
T.L.C.
)
Tender lovin' care
And I'll take you there
(Anywhere you wanna go) Yes, I will, ooh
Nothin' can stop this burnin' desire to be with you
Gotta get to you, baby
Won't you come? It's emergency
Cool my fire yearnin'
Honey, come set me free
Don't you know now is the perfect time?
We can dim the lights just to make it right
In the night, hit the lovin' spot
I'll give you all that I've got
I want to love you (P.Y.T.)
Pretty young thing
You'll need some loving (T.L.C.)
Tender lovin' care
And I'll take you there, yes, I will, yes, I
I want to love you (P.Y.T.)
Pretty young thing
You'll need some lovin' (T.L.C.)
Tender lovin' care
And I'll take you there
Yes, I will, hee-eeh
Pretty young thing, uh!
You make me sing, ha, ha, ha
Pretty young thing, uh!
You make me sing, ha, ha, ha
Pretty young things, repeat after me
Sing, ""Na, na, na"" (
Na, na, na
)
""Na, na-na, na"" (
Na, na-na, na
)
Sing, ""Na, na, na"" (
Na, na, na
)
""Na-na, na-na, na"" (
Na-na, na-na, na
)
I will take you there, take you there
I want to love you (P.Y.T.)
Pretty young thing
You'll need some lovin' (T.L.C.)
Tender lovin' care
And I'll take you there
Take you there, take you there
I want to love you (P.Y.T.)
Pretty young thing
You'll need some lovin' (T.L.C.)
Tender lovin' care
And I'll take you there, take you there, hoo-ooh
Hoo-ooh! (I want to love you, 
P.Y.T.
, P.Y.T.)
Oh, baby (I want to give you 
T.L.C.
, T.L.C)
Oh, baby
Oh, darling, ooh
Girl, I can think you're really nice
I want to love you, 
P.Y.T.
, P.Y.T
You know I can, you know, just get together
I want to give you 
T.L.C.
, T.L.C
You're such a P.Y.T. to me, pretty young thing
Oh, baby, oh, baby, oh, darling
I want to love you, 
P.Y.T.
, P.Y.T. (Oh, baby)
I want to give you 
T.L.C.
, T.L.C (You can be, ooh)
I just wanna love you, you know?
Ha-ha-ha, I'll give you all that I got",Missing Genre Only
1980s,1987,Just Like Heaven - Remastered 2006,The Cure,"new wave, post-punk, gothic rock, darkwave",77,3.53,False,0.115,0.562,204,50.0,57.79,"""Show me, show me, show me how you do that trick
The one that makes me scream,"" she said
""The one that makes me laugh,"" she said
Threw her arms around my neck
""Show me how you do it
And I promise you
I promise that I'll run away with you
I'll run away with you""

Spinning on that dizzy edge
Kissed her face and kissed her head
Dreamed of all the different ways
I had to make her glow
""Why are you so far away?"" she said
""Why won't you ever know
That I'm in love with you?
That I'm in love with you?""

You, soft and only
You, lost and lonely
You, strange as angels
Dancing in the deepest oceans
Twisting in the water
You're just like a dream
You're just like a dream

Daylight licked me into shape
I must have been asleep for days
And moved my lips to breathe her name
I opened up my eyes
And found myself alone, alone
Alone above a raging sea
That stole the only girl I loved
And drowned her deep inside of me

You, soft and only
You, lost and lonely
You, just like heaven",Missing Lyrics Only
1980s,1982,Under Pressure - Remastered 2011,Queen,"classic rock, rock, glam rock",82,4.14,False,0.342,0.519,327,38.84,78.99,"Mmm num ba de
Dum bum ba be
Doo buh dum ba beh beh

Pressure
Pushing down on me
Pressing down on you
No man ask for
Under pressure
That burns a building down
Splits a family in two
Puts people on streets

Um ba ba be
Um ba ba be
De day da
Ee day da
That's okay

It's the terror of knowing what this world is about
Watching some good friends screaming, ""Let me out""
Pray tomorrow gets me higher
Pressure on people, people on streets

Day day de mm hm
Da da da ba ba
Okay

Chipping around, kick my brains 'round the floor
These are the days, it never rains, but it pours

Ee do ba be
Ee da ba ba ba
Um bo bo
Be lap
People on streets
Ee da de da de
People on streets
Ee da de da de da de da

It's the terror of knowing what this world is about
Watching some good friends screaming, ""Let me out""
Pray tomorrow gets me higher, higher, high
Pressure on people, people on streets

Turned away from it all like a blind man
Sat on a fence, but it don't work
Keep coming up with love, but it's so slashed and torn
Why, why, why?
Love, love, love, love, love
Insanity laughs under pressure we're breaking

Can't we give ourselves one more chance?
Why can't we give love that one more chance?
Why can't we give love, give love, give love, give love
Give love, give love, give love, give love, give love?

'Cause love's such an old-fashioned word
And love dares you to care for
The people on the (People on streets) edge of the night
And love (People on streets) dares you to change our way of
Caring about ourselves
This is our last dance
This is our last dance
This is ourselves
Under pressure
Under pressure
Pressure",Missing Lyrics Only
1980s,2008,Beat It,Michael Jackson,,76,4.3,False,0.103,0.563,465,20.0,108.12,"They told him, ""Don't you ever come around here
Don't wanna see your face, you better disappear""
The fire's in their eyes and their words are really clear
So beat it, just beat it
You better run, you better do what you can
Don't wanna see no blood, don't be a macho man (Ooh)
You wanna be tough, better do what you can
So beat it, but you wanna be bad
Just beat it (Beat it), beat it (Beat it)
No one wants to be defeated
Showin' how funky and strong is your fight
It doesn't matter who's wrong or right
Just beat it (Beat it), just beat it (Beat it)
Just beat it (Beat it), just beat it (Beat it)
Ooh
They're out to get you, better leave while you can
Don't wanna be a boy, you wanna be a man
You wanna stay alive, better do what you can
So beat it, just beat it (Ooh)
You have to show them that you're really not scared (Ooh)
You're playin' with your life, this ain't no truth or dare (Ooh)
They'll kick you, then they'll beat you, then they'll tell you it's fair
So beat it, but you wanna be bad
Just beat it (Beat it), beat it (Beat it)
No one wants to be defeated
Showin' how funky and strong is your fight
It doesn't matter who's wrong or right
Just beat it (Beat it), beat it (Beat it)
No one wants to be defeated
Showin' how funky and strong is your fight
It doesn't matter who's wrong or right
Just beat it
Beat it
Beat it
Beat it
Beat it
Beat it (Beat it), beat it (Beat it)
No one wants to be defeated
Showin' how funky and strong is your fight
It doesn't matter who's wrong or right (Who's wrong, who's right)
Just beat it (Beat it; hoo-hoo), beat it (Beat it)
No one wants to be defeated (No, no)
Showin' how funky and strong is your fight (Hee-hee, hee-hee-hee)
It doesn't matter who's wrong or right
Just beat it (Beat it), beat it (Beat it)
No one wants to be defeated (Oh, no)
Showin' how funky and strong is your fight (Hoo-hoo, hee-hee)
It doesn't matter who's wrong or right (Hoo)
Just beat it (Beat it), beat it (Beat it)
No one wants to be defeated
Showin' how funky and strong is your fight
It doesn't matter who's wrong or right (Who's wrong, who's right)
Just beat it (Beat it; hoo-hoo), beat it (Beat it)
No one wants to be—",Missing Genre Only
1980s,1983,Sweet Dreams (Are Made of This) - 2005 Remaster,Eurythmics,"new wave, synthpop",85,3.62,False,0.35,0.65,278,14.39,76.8,"Sweet dreams are made of this
Who am I to disagree?
I travel the world and the seven seas
Everybody's looking for something

Some of them want to use you
Some of them want to get used by you
Some of them want to abuse you
Some of them want to be abused

Sweet dreams are made of this
Who am I to disagree?
I travel the world and the seven seas
Everybody's looking for something

Hold your head up
Keep your head up (Movin' on)
Hold your head up (Movin' on)
Keep your head up (Movin' on)
Hold your head up (Movin' on)
Keep your head up (Movin' on)
Hold your head up (Movin' on)
Keep your head up


Some of them want to use you
Some of them want to get used by you
Some of them want to abuse you
Some of them want to be abused

Sweet dreams are made of this
Who am I to disagree?
I travel the world and the seven seas
Everybody's looking for something
Sweet dreams are made of this
Who am I to disagree?
I travel the world and the seven seas
Everybody's looking for something
Sweet dreams are made of this
Who am I to disagree?
I travel the world and the seven seas
Everybody's looking for something
Sweet dreams are made of this
Who am I to disagree?
I travel the world and the seven seas
Everybody's looking for something
Sweet dreams are made of this
Who am I to disagree?
I travel the world and the seven seas
Everybody's looking for something
Sweet dreams are made of this",Missing Lyrics Only
1980s,1986,"Holding Out for a Hero - From ""Footloose"" Soundtrack",Bonnie Tyler,,75,5.81,False,0.275,0.597,552,20.47,95.01,"Do-do, do-do
Do-do, do-do
Do-do, do-do
Ah, ah

Where have all the good men gone and where are all the gods?
Where's the streetwise Hercules to fight the risin' odds?
Isn't there a white knight upon a fiery steed?
Late at night, I toss and I turn and I dream of what I need

I need a hero
I'm holding out for a hero till the end of the night
He's gotta be strong and he's gotta be fast
And he's gotta be fresh from the fight
I need a hero (Hero)
I'm holding out for a hero till the morning light (Hero till the morning light)
He's gotta be sure and it's gotta be soon
And he's gotta be larger than life, larger than life

Do-do, do-do
Do-do, do-do
Do-do, do-do
Ah, ah

Somewhere after midnight in my wildest fantasy
Somewhere just beyond my reach, there's someone reaching back for me
Racing on the thunder and rising with the heat
It's gonna take a Superman to sweep me off my feet, yeah

I need a hero
I'm holding out for a hero till the end of the night
He's gotta be strong and he's gotta be fast
And he's gotta be fresh from the fight
I need a hero (Hero)
I'm holding out for a hero till the morning light (Hero till the morning light)
He's gotta be sure and it's gotta be soon
And he's gotta be larger than life
I need a hero
I'm holding out for a hero till the end of the night


Up where the mountains meet the heavens above
Out where the lightning splits the sea
I could swear there is someone somewhere watching me
Through the wind and the chill and the rain
And the storm and the flood
I can feel his approach like a fire in my blood
(Like a fire in my blood, like a fire in my blood)
(Like a fire in my blood, like a fire in my blood, blood)

I need a hero (Hero)
I'm holding out for a hero till the end of the night
He's gotta be strong and he's gotta be fast
And he's gotta be fresh from the fight
I need a hero (Hero)
I'm holding out for a hero till the morning light (Hero till the morning light)
He's gotta be sure and it's gotta be soon
And he's gotta be larger than life
I need a hero (Hero)
I'm holding out for a hero till the end of the night
He's gotta be strong and he's gotta be fast
And he's gotta be fresh from the fight
I need a hero (Hero)
I'm holding out for a hero till the morning light (Hero till the morning light)
He's gotta be sure and it's gotta be soon
And he's gotta be larger than life
I need a hero
I'm holding out for a hero till the end of the night",Both Missing
1980s,1984,I Want to Know What Love Is - 1999 Remaster,Foreigner,"aor, classic rock",85,5.08,False,0.307,0.601,379,25.59,74.61,"I've gotta take a little time
A little time to think things over
I better read between the lines
In case I need it when I'm older

Now this mountain I must climb
Feels like the world upon my shoulders
Through the clouds, I see love shine
It keeps me warm as life grows colder

In my life, there's been heartache and pain
I don't know if I can face it again
Can't stop now, I've traveled so far
To change this lonely life

I wanna know what love is
I want you to show me
I wanna feel what love is
I know you can show me
Oh

I'm gonna take a little time
A little time to look around me
I've got nowhere left to hide
It looks like love has finally found me

In my life, there's been heartache and pain
I don't know if I can face it again
Can't stop now, I've traveled so far
To change this lonely life

I wanna know what love is
I want you to show me
I wanna feel what love is
I know you can show me
I wanna know what love is
I want you to show me

(And I wanna feel) I wanna feel what love is
(And I know) I know you can show me
Let's talk about love
(I wanna know what love is) The love that you feel inside
(I want you to show me) And I'm feelin' so much love
(I wanna feel what love is) No, you just cannot hide
(I know you can show me) Yeah
I wanna know what love is (Let's talk about love)
I want you to show me, I wanna feel
(I wanna feel what love is) And I know, and I know
I know you can show me (Yeah)
(I wanna know what love is) (I wanna know)
(I want you to show me) I wanna know, I wanna know, wanna know
(I wanna feel what love is) (I wanna feel)
(I know you can show me)",Missing Lyrics Only
1980s,1983,Gold - 2003 Remaster,Spandau Ballet,"new wave, synthpop",68,4.85,False,0.247,0.632,323,32.51,66.6,"Thank you for coming home
Sorry that the chairs are all worn
I left them here, I could have sworn
These are my salad days
Slowly being eaten away
Just another play for today
Oh, but I'm proud of you, but I'm proud of you

Nothing left to make me feel small
Luck has left me standing so tall

Gold (Gold)
Always believe in your soul
You've got the power to know
You're indestructible, always believing
'Cause you are gold (Gold)
Glad that you're bound to return
There's something I could have learned
You're indestructible, always believing

After the rush has gone
I hope you find a little more time
Remember we were partners in crime
It's only two years ago
The man with the suit and the face
You knew that he was there on the case
Now he's in love with you, he's in love with you

But love is like a high prison wall
And you could leave me standing so tall

Gold (Gold)
Always believe in your soul
You've got the power to know
You're indestructible, always believing
'Cause you are gold (Gold)
I'm glad that you're bound to return
Something I could have learned
You're indestructible, always believing


But love is like a high prison wall
And you could leave me standing so tall

Gold (Gold)
Always believe in your soul
You've got the power to know
You're indestructible, always believing
'Cause you are gold (Gold)
Glad that you're bound to return
There's something I could have learned
You're indestructible, always believing
(You are)
(Gold)
Always believe in your soul
You've got the power to know
You're indestructible, always believing
'Cause you are gold (Gold)
I'm glad that you're bound to return
Something I could have learned
You're indestructible, always believing

(Gold)
(Gold)",Missing Lyrics Only
1980s,1981,Dancing With Myself - Uptown Mix,Generation X,,66,6.0,False,-0.001,0.549,392,21.94,65.33,"On the floors of Tokyo-o
Or down in London town to go, go
A-with the record selection and the mirror's reflection
I'm a-dancing with myself
Oh, when there's no one else in sight
A-in the crowded lonely night
Well, I wait so long for my love vibration
And I'm dancing with myself

Oh, oh, dancing with myself
Oh, oh, dancing with myself
When there's nothing to lose, and there's nothing to prove
And I'm dancing with myself, oh, oh, uh-oh

If I looked all over the world
And there's every type of girl
But your empty eyes seem to pass me by
Leave me dancing with myself
So let's sink another drink
'Cause it'll give me time to think
If I had the chance, I'd ask the world to dance
And I'll be dancing with myself

Oh, oh, dancing with myself
Oh, oh, dancing with myself
When there's nothing to lose, and there's nothing to prove
And I'm dancing with myself, oh, oh, uh-oh

Oh, oh, uh-oh, oh
Oh, oh, uh-oh
Oh, uh-uh, oh, ow


Well, if I looked all over the world
And there's every type of girl
But your empty eyes seem to pass me by
Leave me dancing with myself
So let's sink another drink
'Cause it'll give me time to think
If I had the chance, I'd ask the world to dance
And I'll be dancing with myself

Oh, oh, dancing with myself
Oh, oh, dancing with myself
If I had the chance, I'd ask the world to dance
If I had the chance, I'd ask the world to dance
If I had the chance, I'd ask the world to dance, ow

Oh, oh, uh-oh
Oh, oh, uh-oh
Oh, oh, uh-oh
Oh, oh, uh-oh
Oh, oh, uh-oh

(Dancing with myself, oh, oh) Oh, well, it's all wet
(Dancing with myself, oh, oh) But I'll sweat
(Dancing with myself, oh, oh) And I'll sweat, sweat, sweat, sweat
(Dancing with myself, oh, oh) Sweat, sweat, sweat, sweat
(Dancing with myself, oh, oh) Sweat, sweat, sweat, sweat
(Dancing with myself, oh, oh) Sweat, sweat, sweat, sweat, sweat, ow
Oh, oh, dancing with myself
Wow
Oh, oh, dancing with myself
Oh, oh
With myself
With myself",Both Missing
1980s,2009,Total Eclipse of the Heart,Bonnie Tyler,,81,4.46,False,0.171,0.661,694,19.31,155.75,"(Turn around)
Every now and then, I get a little bit lonely
And you're never coming 'round
(Turn around)
Every now and then, I get a little bit tired
Of listening to the sound of my tears
(Turn around)
Every now and then, I get a little bit nervous
That the best of all the years have gone by
(Turn around)
Every now and then, I get a little bit terrified
And then I see the look in your eyes
(Turn around, bright eyes)
Every now and then, I fall apart
(Turn around, bright eyes)
Every now and then, I fall apart
(Turn around)
Every now and then, I get a little bit restless
And I dream of something wild
(Turn around)
Every now and then, I get a little bit helpless
And I'm lying like a child in your arms
(Turn around)
Every now and then, I get a little bit angry
And I know I've got to get out and cry
(Turn around)
Every now and then, I get a little bit terrified
But then I see the look in your eyes
(Turn around, bright eyes)
Every now and then, I fall apart
(Turn around, bright eyes)
Every now and then, I fall apart
And I need you now tonight
And I need you more than ever
And if you only hold me tight
We'll be holding on forever
And we'll only be making it right
'Cause we'll never be wrong
Together, we can take it to the end of the line
Your love is like a shadow on me all of the time (All of the time)
I don't know what to do and I'm always in the dark
We're living in a powder keg and giving off sparks
I really need you tonight
Forever's gonna start tonight
Forever's gonna start tonight
Once upon a time, I was falling in love
But now I'm only falling apart
There's nothing I can do
A total eclipse of the heart
Once upon a time, there was light in my life
But now there's only love in the dark
Nothing I can say
A total eclipse of the heart
(Turn around, bright eyes)
(Turn around, bright eyes)
(Turn around)
Every now and then, I know you'll never be the boy
You always wanted to be
(Turn around)
But every now and then, I know you'll always be the only boy
Who wanted me the way that I am
(Turn around)
Every now and then, I know there's no one in the universe
As magical and wondrous as you
(Turn around)
Every now and then, I know there's nothing any better
There's nothing that I just wouldn't do
(Turn around, bright eyes)
Every now and then, I fall apart
(Turn around, bright eyes)
Every now and then, I fall apart
And I need you now tonight (And I need you)
And I need you more than ever
And if you only hold me tight (If you love me)
We'll be holding on forever
And we'll only be making it right (And we'll never)
'Cause we'll never be wrong
Together, we can take it to the end of the line
Your love is like a shadow on me all of the time (All of the time)
I don't know what to do, I'm always in the dark
We're living in a powder keg and giving off sparks
I really need you tonight
Forever's gonna start tonight
(Forever's gonna start tonight)
Once upon a time, I was falling in love
But now I'm only falling apart
Nothing I can do
A total eclipse of the heart
Once upon a time, there was light in my life
But now there's only love in the dark
Nothing I can say
A total eclipse of the heart
A total eclipse of the heart
A total eclipse of the heart
(Turn around, bright eyes)
(Turn around, bright eyes)
(Turn around)
(Ooh-ooh)
(Ah-ha, ah-ha)
(Ah-ha, ah-ha)
(Ooh-ooh)",Missing Genre Only
1980s,1981,Down Under,Men At Work,,80,3.71,False,0.246,0.402,339,25.66,91.49,"Traveling in a fried-out Kombi
On a hippie trail, head full of zombie
I met a strange lady, she made me nervous
She took me in and gave me breakfast
And she said
""Do you come from a land down under
Where women glow and men plunder?
Can't you hear, can't you hear the thunder?
You better run, you better take cover""
Buyin' bread from a man in Brussels
He was six-foot-four and full of muscle
I said, ""Do you speak-a my language?""
He just smiled and gave me a Vegemite sandwich
And he said
""I come from a land down under
Where beer does flow and men chunder
Can't you hear, can't you hear the thunder?
You better run, you better take cover"", yeah
Lyin' in a den in Bombay
With a slack jaw, and not much to say
I said to the man, ""Are you trying to tempt me?
Because I come from the land of plenty""
And he said
""Oh, do you come from a land down under?"" Oh yeah, yeah
""Where women glow and men plunder
Can't you hear, can't you hear the thunder? Oh
You better run, you better take cover""
'Cause we are living in a land down under
Where women glow and men plunder
(Yeah, thunder, thunder) Can't you hear, can't you hear the thunder?
You better, better run, you better take cover
Living in a land down under
Where women glow and men plunder
Can't you hear, can't you hear the thunder? Ooh yeah
You better run, you better take cover
We are living in a land down under, ooh yeah
Where women glow and men plunder
(Can you, can you hear the thunder?) Can't you hear, can't you hear the thunder?
You better run, you better take cover
Living in a land down under (Living in a land down under)
Where women glow and men plunder
(Oh, hear) Can't you hear, can't you hear the thunder?",Missing Genre Only
1980s,1984,Self Control,Laura Branigan,,79,4.11,False,0.199,0.509,451,20.62,109.8,"Oh, the night is my world
City light painted girl
In the day, nothing matters
It's the nighttime that flatters
In the night, no control
Through the wall something's breaking
Wearing white as you're walkin'
Down the street of my soul
You take my self, you take my self control
You got me livin' only for the night
Before the morning comes, the story's told
You take my self, you take my self control
Another night, another day goes by
I never stop myself to wonder why
You help me to forget to play my role
You take my self, you take my self control
I, I live among the creatures of the night
I haven't got the will to try and fight
Against a new tomorrow, so I guess I'll just believe it
That tomorrow never comes
A safe night (You take my self, you take my self control)
I'm living in the forest of a dream (You take my self, you take my self control)
I know the night is not as it would seem (You take my self, you take my self control)
I must believe in something, so I'll make myself believe it (You take my self, you take my self control)
This night will never go
Oh-oh-oh, oh-oh-oh
Oh-oh-oh, oh-oh-oh
Oh-oh-oh, oh-oh-oh
Oh-oh-oh, oh-oh-oh
Oh, the night is my world
City light painted girl
In the day, nothing matters
It's the nighttime that flatters
I, I live among the creatures of the night
I haven't got the will to try and fight
Against a new tomorrow, so I guess I'll just believe it
That tomorrow never comes
A safe night (You take my self, you take my self control)
I'm living in the forest of a dream (You take my self, you take my self control)
I know the night is not as it would seem (You take my self, you take my self control)
I must believe in something, so I'll make myself believe it (You take my self, you take my self control)
This night will never go
Oh-oh-oh, oh-oh-oh
Oh-oh-oh, oh-oh-oh
Oh-oh-oh
You take my self, you take my self control (Oh-oh-oh, oh-oh-oh)
You take my self, you take my self control (Oh-oh-oh, oh-oh-oh)
You take my self, you take my self control (Oh-oh-oh, oh-oh-oh)
You take my self, you take my self control (Oh-oh-oh, oh-oh-oh)
You take my self, you take my self control (Oh-oh-oh, oh-oh-oh)
You take my self, you take my self control (Oh-oh-oh, oh-oh-oh)
You take my self, you take my self control (Oh-oh-oh, oh-oh-oh)
You take my self, you take my self control (Oh-oh-oh, oh-oh-oh)",Missing Genre Only
1980s,1980,Video Killed The Radio Star,The Buggles,,64,4.23,False,-0.113,0.131,324,29.01,76.6,"Debi Doss & Linda Jardim
]
I heard you on the wireless back in '52
Lying awake, intently tuning in on you
If I was young, it didn't stop you coming through
Oh-a, oh-a
They took the credit for your second symphony
Rewritten by machine on new technology
And now I understand the problems you could see
Oh-a, oh-a
I met your children
Oh-a, oh-a
What did you tell them?
Video killed the radio star
Video killed the radio star
Pictures came and broke your heart
Oh-a-a-a-oh
And now we meet in an abandoned studio (
Oh-a
)
We hear the playback and it seems so long ago (
Oh-oh-oh-oh-a
)
And you remember the jingles used to go
Oh-a, oh-a
You were the first one
Oh-a, oh-a
You were the last one
Video killed the radio star
Video killed the radio star
In my mind and in my car
We can't rewind, we've gone too far
Oh-a-a-a-oh
Oh-a-a-a-oh
Video killed the radio star
Video killed the radio star
In my mind and in my car
We can't rewind, we've gone too far
Pictures came and broke your heart
Put the blame on VCR
You are a radio star
You are a radio star
(You are) Video killed the radio star (A, a radio star)
(A radio star) Video killed the radio star
(You are) Video killed the radio star (A, a radio star)
(A radio star) Video killed the radio star
(You are) Video killed the radio star (A, a radio star)
(A radio star) Video killed the radio star
(You are) Video killed the radio star (A, a radio star)
(A radio star) Video killed the radio star
(You are) Video killed the radio star (A, a radio star)
(A radio star) Video killed the radio star
(You are) Video killed the radio star (A, a radio star)
(A radio star) Video killed the radio star
(You are) Video killed the radio star",Missing Genre Only
1980s,1999,"Take My Breath Away - Love Theme from ""Top Gun""",Berlin,,74,4.26,False,0.051,0.613,192,38.54,45.07,"Watching every motion in my foolish lover's game
On this endless ocean, finally lovers know no shame
Turning and returning to some secret place inside
Watching in slow motion as you turn around and say

""Take my breath away""
""Take my breath away""

Watching, I keep waiting, still anticipating love
Never hesitating to become the fated ones
Turning and returning to some secret place to hide
Watching in slow motion as you turn to me and say

""My love, take my breath away""

Through the hourglass, I saw you
In time, you slipped away
When the mirror crashed I called you
And turned to hear you say
""If only for today, I am unafraid""

""Take my breath away""
""Take my breath away""

Watching every motion in this foolish lover's game
Haunted by the notion somewhere there's a love in flames
Turning and returning to some secret place inside
Watching in slow motion as you turn my way and say

""Take my breath away""
""My love, take my breath away""
""My love, take my breath away, my love""
""My love, take my breath away, my love""
""Take my breath away...""",Both Missing
1980s,1984,Heaven,Bryan Adams,,83,4.06,False,0.074,0.524,306,35.62,75.44,"Oh, thinkin' about our younger years
There was only you and me
We were young and wild and free
Now nothin' can take you away from me
We've been down that road before
But that's over now
You keep me comin' back for more
Baby, you're all that I want
When you're lyin' here in my arms
I'm findin' it hard to believe
We're in Heaven
And love is all that I need
And I found it there in your heart
Isn't too hard to see
We're in Heaven
Oh, once in your life, you find someone
Who will turn your world around
Bring you up when you're feelin' down
Yeah, nothin' could change what you mean to me
Oh, there's lots that I could say
But just hold me now
'Cause our love will light the way
And baby, you're all that I want
When you're lyin' here in my arms
I'm finding it hard to believe
We're in Heaven
Yeah, love is all that I need
And I found it there in your heart
It isn't too hard to see
We're in Heaven, yeah
I've been waitin' for so long
For somethin' to arrive
For love to come along
Now our dreams are comin' true
Through the good times and the bad
Yeah, I'll be standin' there by you, oh
And baby, you're all that I want
When you're lyin' here in my arms
I'm findin' it hard to believe
We're in Heaven
And love is all that I need
And I found it there in your heart
Isn't too hard to see
We're in Heaven, Heaven
Woah-oh-oh
You're all that I want
You're all that I need",Missing Genre Only
1980s,1980,Super Trouper,ABBA,,75,4.21,False,0.001,0.512,451,24.61,107.02,"Super Trouper beams are gonna blind me
But I won't feel blue
Like I always do
'Cause somewhere in the crowd, there's you
I was sick and tired of everything
When I called you last night from Glasgow
All I do is eat and sleep and sing
Wishin' every show was the last show (Wishin' every show was the last show)
So, imagine I was glad to hear you're comin' (Glad to hear you're comin')
Suddenly, I feel alright (And suddenly, it's gonna be)
And it's gonna be so different when I'm on the stage tonight
Tonight, the Super Trouper lights are gonna find me
Shinin' like the sun (Sup-p-per Troup-p-per)
Smilin', havin' fun (Sup-p-per Troup-p-per)
Feeling like a number one
Tonight, the Super Trouper (
Sup-p-per Troup-p-per
) beams are gonna blind me
But I won't feel blue (Sup-p-per Troup-p-per)
Like I always do (Sup-p-per Troup-p-per)
'Cause somewhere in the crowd, there's you
Facing twenty thousand of your friends
How can anyone be so lonely?
Part of a success that never ends
Still, I'm thinkin' about you only (Still, I'm thinkin' about you only)
There are moments when I think I'm goin' crazy (Think I'm goin' crazy)
But it's gonna be alright (You'll soon be changing everything)
Everything will be so different when I'm on the stage tonight
Tonight, the Super Trouper lights are gonna find me
Shinin' like the sun (Sup-p-per Troup-p-per)
Smilin', havin' fun (Sup-p-per Troup-p-per)
Feeling like a number one
Tonight, the Super Trouper (
Sup-p-per Troup-p-per
) beams are gonna blind me
But I won't feel blue (Sup-p-per Troup-p-per)
Like I always do (Sup-p-per Troup-p-per)
'Cause somewhere in the crowd, there's you
So I'll be there when you arrive
The sight of you will prove to me I'm still alive
And when you take me in your arms and hold me tight
I know it's gonna mean so much tonight
Tonight, the Super Trouper lights are gonna find me
Shinin' like the sun (Sup-p-per Troup-p-per)
Smilin', havin' fun (Sup-p-per Troup-p-per)
Feeling like a number one
Tonight, the Super Trouper (
Sup-p-per Troup-p-per
) beams are gonna blind me
But I won't feel blue (Sup-p-per Troup-p-per)
Like I always do (Sup-p-per Troup-p-per)
'Cause somewhere in the crowd, there's you
(Sup-p-per Troup-p-per) Lights are gonna find me
Shinin' like the sun (Sup-p-per Troup-p-per)
Smilin', havin' fun (Sup-p-per Troup-p-per)
Feeling like a number one
Tonight, the Super Trouper (
Sup-p-per Troup-p-per
) beams are gonna blind me
But I won't feel blue (Sup-p-per Troup-p-per)
Like I always do (Sup-p-per Troup-p-per)",Missing Genre Only
1980s,2014,Time After Time,Cyndi Lauper,,71,4.05,False,-0.036,0.45,283,28.98,69.86,"Lyin' in my bed, I hear the clock tick and think of you
Caught up in circles, confusion is nothing new
Flashback, warm nights almost left behind
Suitcase of memories
Time after
Sometimes you picture me, I'm walkin' too far ahead
You're callin' to me, I can't hear what you've said
Then you say, ""Go slow"", I fall behind
The second hand unwinds
If you're lost, you can look and you will find me
Time after time
If you fall, I will catch you, I'll be waiting
Time after time
If you're lost, you can look and you will find me
Time after time
If you fall, I will catch you, (I'll be waiting) I will be waiting
Time after time
After my picture fades and darkness has turned to gray
Watchin' through windows, you're wondering if I'm okay
Secrets stolen from deep inside
The drum beats out of time
If you're lost, you can look and you will find me
Time after time
If you fall, I will catch you, I'll be waiting
Time after time
You say, ""Go slow,"" I fall behind
The second hand unwinds
If you're lost, you can look and you will find me
Time after time
If you fall, I will catch you, I'll be waiting
Time after time
If you're lost, you can look and you will find me
Time after time
If you fall, I will catch you, (I will be waiting) I will be waiting
Time after time
Time after time
Time after time
Time after time
Time after time
Time after time
Time after time
Time after
Time",Missing Genre Only
1980s,1989,Lovesong - Remastered,The Cure,"new wave, post-punk, gothic rock, darkwave",72,3.47,False,0.348,0.611,157,21.02,45.24,"Whenever I'm alone with you
You make me feel like I am home again
Whenever I'm alone with you
You make me feel like I am whole again

Whenever I'm alone with you
You make me feel like I am young again
Whenever I'm alone with you
You make me feel like I am fun again

However far away
I will always love you
However long I stay
I will always love you
Whatever words I say
I will always love you
I will always love you

(Fly me to the moon)


Whenever I'm alone with you
You make me feel like I am free again
Whenever I'm alone with you
You make me feel like I am clean again

However far away
I will always love you
However long I stay
I will always love you
Whatever words I say
I will always love you
I will always love you",Missing Lyrics Only
1980s,1987,I Think We're Alone Now,Tiffany,,76,3.81,False,0.2,0.682,390,18.72,102.25,"""Children, behave""
That's what they say when we're together
""And watch how you play""
They don't understand, and so we're
Runnin' just as fast as we can
Holdin' on to one another's hand
Tryin' to get away into the night
And then you put your arms around me
And we tumble to the ground
And then you say
I think we're alone now
There doesn't seem to be anyone around
I think we're alone now
The beating of our hearts is the only sound
Look at the way
We gotta hide what we're doin'
'Cause what would they say
If they ever knew? And so we're
Runnin' just as fast as we can
Holdin' on to one another's hand
Tryin' to get away into the night
And then you put your arms around me
And we tumble to the ground
And then you say
I think we're alone now (Alone now)
There doesn't seem to be anyone around
I think we're alone now (Alone now)
The beating of our hearts is the only sound
I think we're alone now (Alone now)
There doesn't seem to be anyone around
I think we're alone now (Alone now)
The beating of our hearts is the only sound
Runnin' just as fast as we can
Holdin' on to one another's hand
Tryin' to get away into the night
And then you put your arms around me
And we tumble to the ground
And then you say
I think we're alone now
There doesn't seem to be anyone around
I think we're alone now
The beating of our hearts is the only sound
I think we're alone now
There doesn't seem to be anyone around
I think we're alone now
The beating of our hearts is the only sound
I think we're alone now (Alone now)
There doesn't seem to be anyone around
I think we're alone now (Alone now)
Just you and me the only sound now
I think we're alone now (Alone now)
There doesn't seem to be anyone around
I think we're alone now (Alone now)
The beating of our hearts is the only sound
I think we're alone now",Missing Genre Only
1980s,1997,Live Is Life - Live,Opus,,58,4.24,False,0.303,0.406,285,20.7,67.16,"Na-na, na, na-na
Na-na, na, na-na (All together now)
Na-na, na, na-na (Woo-hoo)
Na-na, na, na-na
Life, na-na, na, na-na
Live is life, na-na, na, na-na
Live-a-bop-bop-bop, life
Na-na, na, na-na
Live is life, na-na, na, na-na
When we all give the power, we all give the best
Every minute of an hour, don't think about the rest
Then you all get the power, you all get the best
And everyone gives everything, and every song
Everybody sings
Then it's life, na-na, na, na-na
Live is life, na-na, na, na-na
Live is life, na-na, na, na-na
Live, na-na, na, na-na
Live is life, when we all feel the power
Live is life, come on, stand up and dance
Live is life, when the feeling of the people
Live is life, it's the feeling of the band, yeah
When we all give the power, we all give the best
Every minute of an hour, don't think about the rest
Then you all get the power, you all get the best
And everyone gives everything, and every song
Everybody sings
Then it's life, na-na, na, na-na
Live is life, na-na, na, na-na
Live-a-bop-bop-bop, life, na-na, na, na-na
Live is life, na-na, na, na-na
Na-na, na, na-na
Na-na, na, na-na
Na-na, na, na-na
Na-na, na, na-na
Life, na-na, na, na-na
Live is life, na-na, na, na-na
Live-a-bop-bop-bop, life
Na-na, na, na-na
Live is life, na-na, na, na-na
And you call when it's over, you call it should last
Every minute of the future is a memory of the past
'Cause we all gave the power, we all gave the best
And everyone gave everything, and every song
Everybody sang
Live is life",Missing Genre Only
1980s,1981,In The Air Tonight - 2015 Remastered,Phil Collins,soft rock,81,5.61,False,0.283,0.467,370,24.32,65.95,"I can feel it coming in the air tonight, oh Lord
And I've been waiting for this moment for all my life, oh Lord
Can you feel it coming in the air tonight? Oh Lord, oh Lord

Well, if you told me you were drowning
I would not lend a hand
I've seen your face before, my friend
But I don't know if you know who I am
Well, I was there and I saw what you did
I saw it with my own two eyes
So you can wipe off that grin, I know where you've been
It's all been a pack of lies

And I can feel it coming in the air tonight, oh Lord
Well, I've been waiting for this moment for all my life, oh Lord
I can feel it coming in the air tonight, oh Lord
And I've been waiting for this moment for all my life, oh Lord, oh Lord

Well, I remember, I remember, don't worry
How could I ever forget?
It's the first time, the last time
We ever met
But I know the reason why you keep your silence up
No, you don't fool me
Well, the hurt doesn't show, but the pain still grows
It's no stranger to you and me


And I can feel it coming in the air tonight, oh Lord
Well, I've been waiting for this moment for all my life, oh Lord
I can feel it in the air tonight, oh Lord, oh Lord
Well, I've been waiting for this moment for all my life, oh Lord
I can feel it coming in the air tonight, oh Lord
Well, I've been waiting for this moment for all my life, oh Lord
I can feel it in the air tonight, oh Lord, oh Lord, oh Lord
Well, I've been waiting for this moment for all my life, oh Lord, oh Lord
I can feel it in the air tonight, oh Lord, oh Lord, oh Lord, oh Lord
Well, I've been waiting for this moment for all my life, oh Lord, oh Lord
I can feel it in the air tonight‎",Missing Lyrics Only
1980s,1984,Still Loving You - 2015 - Remaster,Scorpions,"hard rock, glam metal, rock",63,6.48,False,0.391,0.579,314,25.8,48.46,"Time, it needs time
To win back your love again
I will be there, I will be there
Love, only love
Can bring back your love someday
I will be there, I will be there


Fight, babe, I'll fight
To win back your love again
I will be there, I will be there
Love, only love
Can break down the wall someday
I will be there, I will be there

If we'd go again
All the way from the start
I would try to change
The things that killed our love
Your pride has built a wall so strong
That I can't get through
Is there really no chance
To start once again?
I'm loving you


Try, baby, try
To trust in my love again
I will be there, I will be there
Love, our love
Just shouldn't be thrown away
I will be there, I will be there

If we'd go again
All the way from the start
I would try to change
The things that killed our love
Your pride has built a wall so strong
That I can't get through
Is there really no chance
To start once again?

If we'd go again
All the way from the start
I would try to change
The things that killed our love
Yes, I've hurt your pride and I know
What you've been through
You should give me a chance
This can't be the end
I'm still loving you
I’m still loving you
I'm still loving you
I need your love
I'm still loving you
Still loving you, baby, woo!
I'm still loving you
I need your love
I'm still loving you
I need your love, woo!
I'm still loving you
I need your love, woo!
I need your love
I need your love",Missing Lyrics Only
1980s,1983,Say Say Say - Remastered 2015,Paul McCartney,,68,3.93,False,0.141,0.518,313,31.63,79.64,"Say, say, say what you want
But don't play games with my affection
Take, take, take what you need
But don't leave me with no direction

All alone, I sit home by the phone
Waiting for you, baby (
Baby
)
Through the years, how can you stand to hear
My pleading for you, dear?
You know I'm crying, 
ooh-ooh-ooh-ooh-ooh

Yeah, yeah

Now, go, go, go where you want
But don't leave me here forever
You, you, you, stay away
So long, girl, I see you never

What can I do, girl, to get through to you?
'Cause I love you, baby (Baby)
Standing here, baptized in all my tears
Baby, through the years, you know I'm crying
Ooh-ooh-ooh-ooh-ooh

(Hee-hee-hee)
(Won't you say, say, say?
You've got to say, say, say)

You never, ever worry
And you never shed a tear
You're saying that my love ain't real
Just look at my face, these tears ain't drying

You, you, you can never say
That I'm not the one who really loves you
I pray, pray, pray everyday
That you'll see things, girl, like I do

What can I do, girl, to get through to you?
'Cause I love you (Love you), baby (Baby)
Standing here, baptized in all my tears
Baby, through the years, you know I'm crying
Ooh-ooh-ooh-ooh-ooh

Ooh-ooh-ooh-ooh-ooh (Say, say, say)
Ooh-ooh-ooh-ooh-ooh
Oh, baby
Ooh-ooh-ooh-ooh-ooh
Oh, baby
Oh, baby
(Ooh-ooh-ooh-ooh-ooh-ooh-ooh-ooh, ooh)
Oh, baby
(Ooh-ooh-ooh-ooh-ooh-ooh-ooh-ooh, ooh)
Oh, baby
Oh, baby
Say, say, say (Say, say, say)
Ooh-ooh-ooh (Say, say, say), ooh-ooh-ooh (Say, say, say)
Come on
(Say, say, say, say, say, say, say, say, say)
Come on
Ooh-ooh-ooh (Say, say, say), ooh-ooh-ooh (Say, say, say)
Ooh-ooh-ooh (Yeah, yeah, yeah), ooh-ooh-ooh (Yeah, yeah, yeah)
Ooh-ooh-ooh (Say, say, say), ooh-ooh-ooh (Say, say, say)
Ooh-ooh-ooh
Say, say, say
Ooh-ooh-ooh (Come on)
(Say, say, say)",Both Missing
1980s,1984,Radio Ga Ga - Remastered 2011,Queen,"classic rock, rock, glam rock",76,5.8,False,0.157,0.471,298,38.26,51.38,"(Radio)
(Radio)

I'd sit alone and watch your light
My only friend through teenage nights
And everything I had to know
I heard it on my radio
You gave them all those old-time stars
Through wars of worlds, invaded by Mars
You made 'em laugh, you made 'em cry
You made us feel like we could fly (Radio)
So don't become some background noise
A backdrop for the girls and boys
Who just don't know, or just don't care
And just complain when you're not there

You had your time, you had the power
You've yet to have your finest hour
Radio (Radio)

All we hear is radio ga ga
Radio goo goo
Radio ga ga
All we hear is radio ga ga
Radio blah, blah
Radio, what's new?
Radio, someone still loves you

We watch the shows, we watch the stars
On videos for hours and hours
We hardly need to use our ears
How music changes through the years
Let's hope you never leave, old friend
Like all good things, on you, we depend
So stick around 'cause we might miss you
When we grow tired of all this visual

You had your time, you had the power
You've yet to have your finest hour
Radio (Radio)

All we hear is radio ga ga
Radio goo goo
Radio ga ga
All we hear is radio ga ga
Radio goo goo
Radio ga ga
All we hear is radio ga ga
Radio blah, blah
Radio, what's new?
Someone still loves you


Radio ga ga (Radio ga ga)
Radio ga ga (Radio ga ga)
Radio ga ga (Radio ga ga)


You had your time, you had the power
You've yet to have your finest hour
Radio (Radio)",Missing Lyrics Only
1980s,1986,West End Girls - 2018 Remaster,Pet Shop Boys,"synthpop, new wave",76,4.77,False,-0.015,0.447,372,27.42,77.99,"Sometimes you're better off dead
There's a gun in your hand, and it's pointing at your head
You think you're mad, too unstable
Kicking in chairs and knocking down tables
In a restaurant in a West End town
Call the police, there's a madman around
Running down underground to a dive bar
In a West End town

In a West End town, a dead end world
The East End boys and West End girls
In a West End town, a dead end world
The East End boys and West End girls
West End girls

Too many shadows, whispering voices
Faces on posters, too many choices
If, when, why, what?
How much have you got?
Have you got it, do you get it, if so, how often?
And which do you choose, a hard or soft option?
(How much do you need?)

In a West End town, a dead end world
The East End boys and West End girls
In a West End town, a dead end world
The East End boys and West End girls
West End girls
West End girls

(How much do you need?)

In a West End town, a dead end world
The East End boys and West End girls
Ooh, West End town, a dead end world
East End boys, West End Girls
West End girls

You've got a heart of glass or a heart of stone
Just you wait 'til I get you home
We've got no future, we've got no past
Here today, built to last
In every city, in every nation
From Lake Geneva to the Finland station
(How far have you been?)

In a West End town, a dead end world
The East End boys and West End girls
A West End town, a dead end world
East End Boys, West End girls
West End girls
West End girls

West End girls
(How far have you been?)
Girls
East End boys
And West End girls
And West End girls
(...forever)
And West End girls
(How far have you been?)
East End boys
The West End girls
The West End boys
And West End girls
The West End girls
The West End boys
The West End girls",Missing Lyrics Only
1980s,2008,True - Single Edit,Spandau Ballet,"new wave, synthpop",70,5.49,False,0.283,0.564,406,20.2,73.95,"Huh huh uh-huh hi
Huh huh uh-huh hi

So true
Funny how it seems
Always in time
But never in line for dreams
Head over heels when toe to toe
This is the sound of my soul
This is the sound
I bought a ticket to the world
But, now, I've come back again
Why do I find it hard to write the next line?
Oh, I want the truth to be said

Huh huh uh-huh hi
I know this much is true
Huh huh uh-huh hi
I know this much is true

With a thrill in my head
And a pill on my tongue
Dissolve the nerves that have just begun
Listening to Marvin
All night long
This is the sound of my soul
This is the sound
Always slipping from my hands
Sand's a time of its own
Take your seaside arms and write the next line
Oh, I want the truth to be known

Huh huh uh-huh hi
I know this much is true
Huh huh uh-huh hi
I know this much is true


I bought a ticket to the world
But, now, I've come back again
Why do I find it hard to write the next line?
Oh, I want the truth to be said

Huh huh uh-huh hi
I know this much is true
Huh huh uh-huh hi
I know this much is true
This much is true

This much is true
This much is true
This much is true
This much is true
This much is true
This much is true
Huh huh uh-huh hi
Know this much is true
Huh huh uh-huh hi
Know this much is true
This much is true
This much is true
I know, I know, I know this much is true
This much is true
This much is true
This much is true
Huh huh uh-huh hi
This much is true
I know this much is true
Know this much is true
This much is true
Huh huh uh-huh hi
This much is true
Know this much is true
This much is true
Huh huh uh-huh hi
This much is true
Know this much is true
I know, I know, I know this much is true
This much is true
Huh huh uh-huh hi
This much is true
I know this much is true
Know this much is true
This much is true
Huh huh uh-huh hi
This much is true",Missing Lyrics Only
1980s,1984,Like a Virgin,Madonna,,71,3.64,False,0.222,0.498,240,40.42,65.87,"I made it through the wilderness
Somehow I made it through
Didn't know how lost I was until I found you
I was beat, incomplete
I'd been had, I was sad and blue
But you made me feel
Yeah, you made me feel
Shiny and new, hoo
Like a virgin
Touched for the very first time
Like a virgin
When your heart beats next to mine
Gonna give you all my love, boy
My fear is fadin' fast
Been savin' it all for you 'cause only love can last
You're so fine and you're mine
Make me strong, yeah, you make me bold
Oh, your love thawed out
Yeah, your love thawed out
What was scared and cold
Like a virgin, hey
Touched for the very first time
Like a virgin
With your heartbeat next to mine
Woah
Woah (Ah)
Woah
You're so fine and you're mine
I'll be yours 'til the end of time
'Cause you made me feel
Yeah, you made me feel
I've nothin' to hide
Like a virgin, hey
Touched for the very first time
Like a virgin
With your heartbeat next to mine
Like a virgin
Ooh, like a virgin
Feels so good inside
When you hold me
And your heart beats
And you love me
Oh-oh, oh-oh
Oh-oh, oh-oh, oh
Ooh, baby
Yeah, can't you hear my heart beat
For the very first time?",Missing Genre Only
1980s,1983,Break My Stride,Matthew Wilder,,74,3.07,False,-0.172,0.41,391,24.55,127.17,"Last night, I had the strangest dream
I sailed away to China
In a little rowboat to find ya
And you said you had to get your laundry clean
Didn't want no one to hold you, what does that mean?
And you said
Ain't nothin' gonna break my stride
Nobody gonna slow me down
Oh no, I got to keep on moving
Ain't nothin' gonna break-a my stride
I'm runnin' and I won't touch ground
Oh no, I got to keep on moving
You're on a roll and now you pray it lasts
The road behind was rocky
But now you're feeling cocky
You look at me and you see your past
Is that the reason why you're runnin' so fast?
And she said
Ain't nothin' gonna break-a my stride
Nobody gonna slow me down
Oh no, I got to keep on moving
Ain't nothin' gonna break my stride
I'm runnin' and I won't touch ground
Oh no, I got to keep on moving
(Never let another girl like you)
Work me over
(Never let another girl like you)
Drag me under
(If I meet another girl like you)
I will tell her
(Never want another girl like you)
Have to say, oh
Ain't nothin' gonna break-a my stride
Nobody gonna slow me down
Oh no (Oh no), I got to keep on moving
Ain't nothin' gonna break my stride
I'm runnin' and I won't touch ground
Oh no, I got to keep on moving
Ain't nothin' gonna break-a my stride
Nobody gonna slow me down
Oh no (Oh no), I got to keep on moving
Ain't nothin' gonna break-a my stride
I'm runnin' and I won't touch ground
Oh no, I got to keep on moving
(Woah)
Ain't nothin' gonna break my stride
Nobody gonna slow me down
Oh no, I got to keep on moving
Ain't nothin' gonna break-a my stride
I'm runnin' and I won't touch ground
Oh no, I got to keep on moving
Ain't nothin' gonna break-a my stride
Nobody gonna slow me down
Oh no (Oh no), I got to keep on moving",Missing Genre Only
1980s,1987,Nothing's Gonna Stop Us Now,Starship,,84,4.51,False,0.148,0.59,465,23.44,103.21,"Lookin' in your eyes, I see a paradise
This world that I found is too good to be true
Standin' here beside you, want so much to give you
This love in my heart that I'm feelin' for you
Let 'em say we're crazy, I don't care 'bout that
Put your hand in my hand, baby, don't ever look back
Let the world around us just fall apart
Baby, we can make it if we're heart to heart
And we can build this dream together
Standing strong forever
Nothing's gonna stop us now
And if this world runs out of lovers
We'll still have each other
Nothing's gonna stop us
Nothing's gonna stop us now (Oh, whoa)
I'm so glad I found you, I'm not gonna lose you
Whatever it takes, I will stay here with you
Take it to the good times, see it through the bad times
Whatever it takes is what I'm gonna do
Let 'em say we're crazy
What do they know?
Put your arms around me
Baby, don't ever let go
Let the world around us just fall apart
Baby, we can make it if we're heart to heart
And we can build this dream together
Standing strong forever
Nothing's gonna stop us now
And if this world runs out of lovers
We'll still have each other
Nothing's gonna stop us
Nothing's gonna stop us
Ooh, all that I need is you
All that I ever need
And all that I want to do
Is hold you forever, forever and ever Hey!
And we can build this dream together
Standing strong forever
Nothing's gonna stop us now
And if this world runs out of lovers
We'll still have each other
Nothing's gonna stop us
Nothing's gonna stop us now, whoa-oh-oh-oh, oh
And we can build this dream together
Standing strong forever
Nothing's gonna stop us now
(Nothing's gonna stop us now)
If this world runs out of lovers
We'll still have each other
Nothing's gonna stop us
(Oh, no)
And we can build this dream together (Hey baby)
Standing strong forever (I know)
Nothing's gonna stop us now (Hey baby, nothing's gonna stop us)
If this world runs out of lovers (Hey baby, ooh, hoo!)
We'll still have each other (Nothing's gonna)
Nothing's gonna stop us (Hey baby, nothing's gonna stop us now, yeah)
And we can build this dream together
Standing strong forever
Nothing's gonna stop us now
If this world runs out of lovers...",Missing Genre Only
1980s,1985,Conga!,Miami Sound Machine,,68,4.23,False,0.217,0.517,347,23.05,81.97,"Come on, shake your body, baby, do the Conga
I know you can't control yourself any longer
Come on, shake your body, baby, do the Conga
I know you can't control yourself any longer
Come on, shake your body, baby, do the Conga
I know you can't control yourself any longer
Feel the rhythm of the music getting stronger
Don't you fight it 'til you've tried it, do the Conga beat
Everybody, gather 'round now
Let your body feel the heat
Don't you worry if you can't dance
Let the music move your feet
It's the rhythm of the island
And like sugarcane so sweet
If you want to do the Conga
You've got to listen to the beat
Come on, shake your body, baby, do the Conga
I know you can't control yourself any longer
Feel the rhythm of the music getting stronger
Don't you fight it 'til you tried it, do that Conga beat
Feel the fire of desire
As you dance the night away
'Cause tonight we're gonna party
'Til we see the break of day
Better get yourself together
And hold on to what you've got
Once the music hits your system
There's no way you're gonna stop
Come on, shake your body, baby, do the Conga
I know you can't control yourself any longer
Feel the rhythm of the music getting stronger
Don't you fight it 'til you've tried it, do the Conga beat
Come on, shake your body, baby, do the Conga
I know you can't control yourself any longer
Feel the rhythm of the music getting stronger
Don't you fight it 'til you've tried it, do the Conga
Come on, shake your body, baby, do the Conga
I know you can't control yourself any longer
Feel the rhythm of the music getting stronger
Don't you fight it 'til you've tried it, do the Conga beat
Come on, shake your body, baby, do the Conga",Missing Genre Only
1980s,1988,Fast Car,Tracy Chapman,,82,4.95,False,0.152,0.598,523,35.76,105.73,"You got a fast car
I want a ticket to anywhere
Maybe we make a deal
Maybe together we can get somewhere
Any place is better
Starting from zero, got nothing to lose
Maybe we'll make somethin'
Me, myself, I got nothing to prove
You got a fast car
I got a plan to get us outta here
I been working at the convenience store
Managed to save just a little bit of money
Won't have to drive too far
Just across the border and into the city
You and I can both get jobs
Finally see what it means to be living
See, my old man's got a problem
He lives with a bottle, that's the way it is
He says his body's too old for workin'
His body's too young to look like his
When mama went off and left him
She wanted more from life than he could give
I said, ""Somebody's gotta take care of him""
I quit school and that's what I did
You got a fast car
Is it fast enough so we can fly away?
We gotta make a decision
Leave tonight or live and die this way
So I remember when we were drivin', drivin' in your car
Speed so fast, I felt like I was drunk
City lights lay out before us
And your arm felt nice wrapped 'round my shoulder
And I had a feeling that I belonged
I had a feelin' I could be someone
Be someone, be someone
You got a fast car
We go cruisin', entertain ourselves
You still ain't got a job
And I work in a market as a checkout girl
I know things will get better
You'll find work and I'll get promoted
And we'll move out of the shelter
Buy a bigger house and live in the suburbs
So I remember when we were drivin', drivin' in your car
Speed so fast, I felt like I was drunk
City lights lay out before us
And your arm felt nice wrapped 'round my shoulder
And I had a feeling that I belonged
I had a feelin' I could be someone
Be someone, be someone
You got a fast car
I got a job that pays all our bills
You stay out drinkin' late at the bar
See more of your friends than you do of your kids
I'd always hoped for better
Thought maybe together, you and me'd find it
I got no plans, I ain't going nowhere
So take your fast car and keep on drivin'
So I remember when we were drivin', drivin' in your car
Speed so fast, I felt like I was drunk
City lights lay out before us
And your arm felt nice wrapped 'round my shoulder
And I had a feeling that I belonged
I had a feelin' I could be someone
Be someone, be someone
You got a fast car
Is it fast enough so you can fly away?
You gotta make a decision
Leave tonight or live and die this way",Missing Genre Only
1980s,2021,Physical - Remastered 2021,Olivia Newton-John,,65,3.77,False,0.033,0.262,311,26.69,82.57,"I'm sayin’ all the things that I know you'll like
Makin' good conversation
I gotta handle you just right
You know what I mean?
I took you to an intimate restaurant
Then to a suggestive movie
There’s nothin' left to talk about
'Less it's horizontally
Let's get physical, physical
I wanna get physical, let's get into physical
Let me hear your body talk, your body talk
Let me hear your body talk
Let's get physical, physical
I wanna get physical, let's get into physical
Let me hear your body talk, your body talk
Let me hear your body talk
I’ve been patient and I’ve been good
Tried to keep my hands on the tablе
It's gettin’ hard, this holdin' back
You know what I mean?
I'm sure you'll undеrstand my point of view
We know each other mentally
You gotta know that you’re bringin' out
The animal in me
Let's get physical, physical
I wanna get physical, let's get into physical
Let me hear your body talk, your body talk
Let me hear your body talk
Let's get physical, physical
I wanna get physical, let's get into physical
Let me hear your body talk, your body talk
Let me hear your body talk, ah
Oh, let's get physical, physical
I wanna get physical, let's get into physical
Let me hear your body talk, your body talk
Let me hear your body talk
Let's get animal, animal
I wanna get animal, let's get into animal
Let me hear your body talk, your body talk
Let me hear your body talk, ah-ah
Let me hear your body talk (Your body talk)
Let me hear your body talk",Missing Genre Only
1980s,1985,Money For Nothing - Remastered 1996,Dire Straits,classic rock,77,8.42,True,0.321,0.772,580,19.48,68.88,"I want my, I want my MTV
I want my, I want my MTV
I want my, I want my MTV
I want my, I want my MTV


Hah, now look at them yo-yos, that's the way you do it
You play the guitar on the MTV
That ain't workin', that's the way you do it
Money for nothing and your chicks for free
Now that ain't workin', 
that's the way you do it
Lemme tell ya, them guys ain't dumb
Maybe get a blister on your little finger
Maybe get a blister on your thumb

We got to install microwave ovens
Custom kitchen deliveries
We got to move these refrigerators
We got to move these colour TVs

See the little faggot with the earring and the makeup?
Yeah buddy, that's his own hair
That little faggot got his own jet airplane
That little faggot, he's a millionaire

We got to install microwave ovens
Custom kitchen deliveries
We got to move these refrigerators
We got to move these colour TVs

Hoover, move-ah, huh
[Chorus: Sting, 
Mark Knopfler & Sting
]
Got to install microwave ovens
Custom kitchen deliveries
He's gotta move these refrigerators
Got to move these colour TVs
Look-ee here, look at it

I shoulda learned to play the guitar
I shoulda learned to play them drums
Look at that mama, she got it sticking in the camera, man
Man, we could have some
And he's up there, what's that? Hawaiian noises?
He's banging on the bongos like a chimpanzee
Oh, that ain't workin', 
that's the way you do it
Get your 
money for nothing, get your chicks for free

We got to install microwave ovens
Custom kitchen deliveries
We got to move these refrigerators
We got to move these colour TVs

*dog howling*

Listen here, now, that ain't workin', that's the way you do it
You play the guitar on the MTV
That ain't workin', 
that's the way you do it
Money for nothing, and your chicks for free

Money for nothing
Chicks for free
Get your
 money for nothing
And your chicks for free
Oh, heh,
 money for nothing
Ch-ch,
 
and your
 chicks for free
Get your
 money for nothing
And the
 chicks for free
(
Money for nothing
) 
Ooh, money, money for nothing
And the
 chicks for free
Get your
 money for nothing
Get your
 chicks for free
Ow,
 
get your money for nothing
 (
Yeah
)
And the chicks for free
Get your money for nothing
 (
What's that?
)
And the chicks for free
 (
Look at that, look at that
)
Get your money for nothing
 (
I want my, I want my
)
(
Bozos
) And the chicks for free
 (
I want my MTV
)
Money for nothing
 (
I want my, I want my
)
And the chicks for free
 (
I want my MTV
)
Get your money for nothing
 (
I want my, I want my
)
And the chicks for free
 (
I want my MTV
)
Ah,
 
get your
 money for nothing (
I want my, I want my
)
And the chicks for free
 (
I want my MTV
)
Easy, easy,
 
get your
 money for nothing (
I want my, I want my
)
Easy, easy,
 
and the
 chicks for free (
I want my MTV
)
Easy, easy,
 
get your
 money for nothing (
I want my, I want my
)
And the chicks for free
 (
I want my MTV
)
That ain't working


Money for nothing, chicks for free
Money for nothing, chicks for free",Missing Lyrics Only
1980s,1989,Karma Chameleon,Culture Club,,64,4.04,False,0.151,0.435,340,21.47,84.23,"Desert loving in your eyes all the way
If I listen to your lies, would you say
I'm a man without conviction
I'm a man who doesn't know
How to sell a contradiction
You come and go, you come and go
Karma, karma, karma, karma, karma chameleon
You come and go, you come and go
Loving would be easy if your colours were like my dream
Red, gold and green, red, gold and green
Didn't hear your wicked words every day
And you used to be so sweet, I heard you say
That my love was an addiction
When we cling, our love is strong
When you go, you're gone forever
You string along, you string along
Karma, karma, karma, karma, karma chameleon
You come and go, you come and go
Loving would be easy if your colours were like my dream
Red, gold and green, red, gold and green
Every day is like survival (
Survival
)
You're my lover, not my rival
Every day is like survival (
Survival
)
You're my lover, not my rival
I'm a man without conviction
I'm a man who doesn't know
How to sell a contradiction
You come and go, you come and go
Karma, karma, karma, karma, karma chameleon
You come and go, you come and go
Loving would be easy if your colours were like my dream
Red, gold and green, red, gold and green
Karma, karma, karma, karma, karma chameleon
You come and go, you come and go
Loving would be easy if your colours were like my dream
Red gold and green, red gold and green
Karma, karma, karma, karma, karma chameleon
You come and go, you come and go
Loving would be easy if your colours were like my dream
Red, gold and green, red, gold and green
Karma, karma, karma, karma, karma chameleon
You come and go, you come and go
Loving would be easy if your colours were like my dream
Red, gold and green, red, gold and green",Missing Genre Only
1990s,1998,Believe,Cher,,80,3.98,False,0.316,0.547,374,21.39,93.88,"(After love, after love)
(After love, after love)
(After love, after love)
(After love, after love)
(After love, after love)
(After love, after love)
No matter how hard I try
You keep pushing me aside
And I can't break through
There's no talking to you
It's so sad that you're leaving
It takes time to believe it
But after all is said and done
You're gonna be the lonely one, oh
Do you believe in life after love?
I can feel something inside me say
""I really don't think you're strong enough, no""
Do you believe in life after love?
I can feel something inside me say
""I really don't think you're strong enough, no""
What am I supposed to do
Sit around and wait for you?
Well, I can't do that
And there's no turning back
I need time to move on
I need love to feel strong
'Cause I've had time to think it through
And maybe I'm too good for you, oh
Do you believe in life after love?
I can feel something inside me say
""I really don't think you're strong enough, no""
Do you believe in life after love?
I can feel something inside me say
""I really don't think you're strong enough, no""
Well, I know that I'll get through this
'Cause I know that I am strong
And I don't need you anymore
Oh, I don't need you anymore
Oh, I don't need you anymore
No, I don't need you anymore
Do you believe in life after love?
I can feel something inside me say
""I really don't think you're strong enough, no""
Do you believe in life after love?
I can feel something inside me say
""I really don't think you're strong enough, no""
Do you believe in life after love?
I can feel something inside me say
""I really don't think you're strong enough, no""
Do you believe in life after love?
I can feel something inside me say
""I really don't think you're strong enough, no""
(Do you believe in life after love?)",Missing Genre Only
1990s,1998,Iris,The Goo Goo Dolls,,93,4.83,False,-0.173,0.362,271,28.04,56.16,"And I'd give up forever to touch you
'Cause I know that you feel me somehow
You're the closest to heaven that I'll ever be
And I don't wanna go home right now
And all I could taste is this moment
And all I can breathe is your life
And sooner or later, it's over
I just don't wanna miss you tonight
And I don't want the world to see me
'Cause I don't think that they'd understand
When everything's made to be broken
I just want you to know who I am
And you can't fight the tears that ain't comin'
Or the moment of truth in your lies
When everything feels like the movies
Yeah, you bleed just to know you're alive
And I don't want the world to see me
'Cause I don't think that they'd understand
When everything's made to be broken
I just want you to know who I am
And I don't want the world to see me
'Cause I don't think that they'd understand
When everything's made to be broken
I just want you to know who I am
And I don't want the world to see me
'Cause I don't think that they'd understand
When everything's made to be broken
I just want you to know who I am
I just want you to know who I am
I just want you to know who I am
I just want you to know who I am",Missing Genre Only
1990s,1995,Wonderwall - Remastered,Oasis,"britpop, madchester",72,4.31,False,0.257,0.398,314,27.07,72.85,"Today is gonna be the day
That they're gonna throw it back to you
By now, you should've somehow
Realised what you gotta do
I don't believe that anybody
Feels the way I do about you now

Backbeat, the word is on the street
That the fire in your heart is out
I'm sure you've heard it all before
But you never really had a doubt
I don't believe that anybody
Feels the way I do about you now

And all the roads we have to walk are winding
And all the lights that lead us there are blinding
There are many things that I would like to say to you
But I don't know how

Because maybe
You're gonna be the one that saves me
And after all
You're my wonderwall

Today was gonna be the day
But they'll never throw it back to you
By now, you should've somehow
Realised what you're not to do
I don't believe that anybody
Feels the way I do about you now

And all the roads that lead you there were winding
And all the lights that light the way are blinding
There are many things that I would like to say to you
But I don't know how

I said maybe
You're gonna be the one that saves me
And after all
You're my wonderwall
I said maybe (I said maybe)
You're gonna be the one that saves me
And after all
You're my wonderwall

I said maybe (I said maybe)
You're gonna be the one that saves me (That saves me)
You're gonna be the one that saves me (That saves me)
You're gonna be the one that saves me (That saves me)",Missing Lyrics Only
1990s,2009,Vogue,Madonna,,69,5.28,False,0.219,0.521,459,33.33,86.93,"Strike a pose
Strike a pose
Vogue (Vogue, vogue)
Vogue (Vogue, vogue)
Look around, everywhere you turn is heartache
It's everywhere that you go (Look around)
You try everything you can to escape
The pain of life that you know (Life that you know)
When all else fails and you long to be
Something better than you are today
I know a place where you can get away
It's called a dance floor, and here's what it's for, so
Come on, vogue (Vogue)
Let your body move to the music (Move to the music)
Hey, hey, hey
Come on, vogue (Vogue)
Let your body go with the flow (Go with the flow)
You know you can do it
All you need is your own imagination
So use it, that's what it's for (That's what it's for)
Go inside for your finest inspiration
Your dreams will open the door (Open up the door)
It makes no difference if you're black or white
If you're a boy or a girl
If the music's pumping, it will give you new life
You're a superstar, yes, that's what you are, you know it
Come on, vogue (Vogue)
Let your body groove to the music (Groove to the music)
Hey, hey, hey
Come on, vogue (Vogue, vogue)
Let your body go with the flow (Go with the flow)
You know you can do it
Beauty's where you find it
Not just where you bump and grind it
Soul is in the musical
That's where I feel so beautiful
Magical, life's a ball, so
Get up on the dance floor
Vogue (Vogue, vogue)
Let your body move to the music (Move to the music)
Hey, hey, hey
Come on, vogue (Vogue, vogue)
Let your body go with the flow (Go with the flow)
You know you can do it
Vogue (Vogue)
Beauty's where you find it (Move to the music)
Vogue (Vogue)
Beauty's where you find it (Go with the flow)
Greta Garbo and Monroe
Dietrich and DiMaggio
Marlon Brando, Jimmy Dean
On the cover of a magazine
Grace Kelly, Harlow, Jean
Picture of a beauty queen
Gene Kelly, Fred Astaire
Ginger Rogers dance on air
They had style, they had grace
Rita Hayworth gave good face
Lauren, Katharine, Lana too
Bette Davis, we love you
Ladies with an attitude
Fellas that were in the mood
Don't just stand there, let's get to it
Strike a pose, there's nothing to it
Vogue
Vogue
Ooh, you've got to
Let your body move to the music
Ooh, you've got to just
Let your body go with the flow
Ooh, you've got to
Vogue",Missing Genre Only
1990s,1995,Ironic - 2015 Remaster,Alanis Morissette,,73,3.83,False,0.227,0.687,338,35.21,88.25,"Hey, yeah, yeah
Yeah, ah-ah-ah, yeah, hey

An old man turned ninety-eight
He won the lottery and died the next day
It's a black fly in your Chardonnay
It's a death row pardon two minutes too late

And isn't it ironic?
Don't you think?

It's like rain on your wedding day
It's a free ride when you've already paid
It's the good advice that you just didn't take
And who would've thought? It figures

Mr. Play-It-Safe was afraid to fly
He packed his suitcase and kissed his kids goodbye
He waited his whole damn life to take that flight
And as the plane crashed down
He thought, ""Well, isn't this nice?""

And isn't it ironic?
Don't you think?

It's like rain on your wedding day
It's a free ride when you've already paid
It's the good advice that you just didn't take
And who would've thought? It figures

Well, life has a funny way of sneaking up on you
When you think everything's okay and everything's going right
And life has a funny way of helping you out
When you think everything's gone wrong
And everything blows up in your face

A traffic jam when you're already late
A ""No Smoking"" sign on your cigarette break
It's like ten thousand spoons when all you need is a knife
It's meeting the man of my dreams
And then meeting his beautiful wife

And isn't it ironic?
Don't you think?
A little too ironic
And yeah, I really do think

It's like rain on your wedding day
It's a free ride when you've already paid
It's the good advice that you just didn't take
And who would've thought? It figures

And yeah, well, life has a funny way of sneaking up on you
And life has a funny, funny way of helping you out
Helping you out",Both Missing
1990s,1997,Torn,Natalie Imbruglia,,80,4.08,False,0.029,0.637,361,33.24,88.53,"I thought I saw a man brought to life
He was warm, he came around like he was dignified
He showed me what it was to cry
Well, you couldn't be that man I adored
You don't seem to know, seem to care what your heart is for
But I don't know him anymore
There's nothing where he used to lie
My conversation has run dry
That's what's going on
Nothing's fine, I'm torn
I'm all out of faith, this is how I feel
I'm cold and I am shamed lying naked on the floor
Illusion never changed into something real
I'm wide awake and I can see the perfect sky is torn
You're a little late, I'm already torn
So I guess the fortune teller's right
I should've seen just what was there
And not some holy light
But you crawled beneath my veins, and now
I don't care, I had no luck
I don't miss it all that much
There's just so many things
That I can't touch, I'm torn
I'm all out of faith, this is how I feel
I'm cold and I am shamed lying naked on the floor
Illusion never changed into something real
I'm wide awake and I can see the perfect sky is torn
You're a little late, I'm already torn
Torn (Ooh, ooh-ooh, ooh)
There's nothing where he used to lie
My inspiration has run dry
That's what's going on
Nothing's right, I'm torn
I'm all out of faith, this is how I feel
I'm cold and I am shamed lying naked on the floor
Illusion never changed into something real
I'm wide awake and I can see the perfect sky is torn
I'm all out of faith, this is how I feel
I'm cold and I'm ashamed, bound and broken on the floor
You're a little late, I'm already torn
Torn, woah
(Oh, yeah, oh, yeah)
(Oh, yeah, oh, yeah)
(Oh, yeah, oh, yeah)",Missing Genre Only
1990s,1990,Nothing Compares 2 U,Sinéad O'Connor,,76,4.67,False,0.106,0.649,215,49.3,46.06,"It's been seven hours and fifteen days
Since you took your love away
I go out every night and sleep all day
Since you took your love away
Since you've been gone I can do whatever I want
I can see whomever I choose
I can eat my dinner in a fancy restaurant
But nothing, I said, nothing can take away these blues
'Cause nothing compares
Nothing compares to you
It's been so lonely without you here
Like a bird without a song
Nothing can stop these lonely tears from falling
Tell me, baby, where did I go wrong?
I could put my arms around every boy I see
But they'd only remind me of you
I went to the doctor and guess what he told me, guess what he told me
He said, ""Girl, you better try to have fun no matter what you do,"" but he's a fool
'Cause nothing compares
Nothing compares to you
All the flowers that you planted, mama, in the backyard
All died when you went away
I know that living with you, baby, was sometimes hard
But I'm willing to give it another try
Nothing compares
Nothing compares to you
Nothing compares
Nothing compares to you
Nothing compares
Nothing compares to you",Missing Genre Only
1990s,1999,Genie In a Bottle,Christina Aguilera,,81,3.63,False,0.207,0.542,580,18.79,159.95,"(Come on, come on, uh, yeah)
Oh-ooh, whoa-oh (Come on, come on, uh)
I feel like I've been locked up tight
For a century of lonely nights
Waiting for someone to release me
You're lickin' your lips and blowin' kisses my way
But that don't mean I'm gonna give it away
Baby, baby, baby (Baby, baby, baby)
Oh-oh-oh-oh-oh
(My body's sayin', ""Let's go"")
Oh-oh-oh-oh-oh
(But my heart is sayin', ""No, no"")
If you wanna be with me
Baby, there's a price to pay
I'm a genie in a bottle (In a bottle, baby)
You gotta rub me the right way (Yeah)
If you wanna be with me
I can make your wish come true
You gotta make a big impression (Oh yeah)
Gotta like what you do
I'm a genie in a bottle, baby
You gotta rub me the right way, honey
I'm a genie in a bottle, baby
Come, come, come on and let me out
The music's bangin' and the lights down low
Just one more dance and then we're good to go
Waiting for someone who needs me
Hormones racin' at the speed of light
But that don't mean it's gotta be tonight (Yeah)
Baby, baby, baby (Baby, baby, baby)
Oh-oh-oh-oh-oh
(My body's sayin', ""Let's go"")
Oh-oh-oh-oh-oh, ooh
(Mm, but my heart is sayin' no, but my heart is sayin', ""No, no"")
If you wanna be with me
Baby, there's a price to pay
I'm a genie in a bottle (I'm a genie in a bottle)
You gotta rub me the right way (Oh yeah)
If you wanna be with me (Ooh)
I can make your wish come true (Your wish come true, oh)
Just come and set me free, baby
And I'll be with you
I'm a genie in a bottle, baby
You gotta rub me the right way, honey
I'm a genie in a bottle, baby
Come, come, come on and let me out
I'm a genie in a bottle, baby (Mmm)
Gotta rub me the right way, honey (Mmm)
(If you wanna be with me)
I'm a genie in a bottle, baby
Come, come, come on and let me out
Oh-oh-oh-oh-oh
(My body's sayin', ""Let's go"")
Oh-oh-oh-oh-oh
(Mm, but my heart is sayin', ""No, no"")
If you wanna be with me
Baby, there's a price to pay
I'm a genie in a bottle (I'm a genie in a bottle)
You gotta rub me the right way (Whoa)
If you wanna be with me (Me)
I can make your wish come true (Ooh)
You gotta make a big impression
Gotta like what you do (Oh yeah-yeah)
If you wanna be with me (If you wanna be with me)
Baby, there's a price to pay (Uh, yeah)
I'm a genie in a bottle (In a bottle, baby)
You gotta rub me the right way (You gotta rub me the right way)
If you wanna be with me (If you wanna be with me, yeah)
I can make your wish come true
Just come and set me free, baby
And I'll be with you
I'm a genie in a bottle, baby
Come, come, come on and let me out",Missing Genre Only
1990s,1997,Bitter Sweet Symphony - Remastered 2016,The Verve,"britpop, shoegaze",85,5.95,False,-0.045,0.435,492,18.7,82.69,"'Cause it's a bitter sweet symphony that's life
Trying to make ends meet, you're a slave to money then you die
I'll take you down the only road I've ever been down
You know the one that takes you to the places
Where all the veins meet, yeah

No change, I can change
I can change, I can change
But I'm here in my mould
I am here in my mould
But I'm a million different people from one day to the next
I can't change my mould
No, no, no, no, no, no, no
(Have you ever been down?)

Well I've never prayed, but tonight I'm on my knees, yeah
I need to hear some sounds that recognize the pain in me, yeah
I let the melody shine, let it cleanse my mind, I feel free now
But the airwaves are clean and there's nobody singing to me now

No change, I can change
I can change, I can change
But I'm here in my mould
I am here in my mould
And I'm a million different people from one day to the next
I can't change my mould
No, no, no, no, no
Have you ever been down?
I can't change it you know, I can't change it

'Cause it's a bitter sweet symphony, that's life
Trying to make ends meet
Trying to find some money, then you die
I'll take you down the only road I've ever been down
You know the one that takes you to the places
Where all the veins meet, yeah

You know I can change, I can change
I can change, I can change
But I'm here in my mould
I am here in my mould
And I'm a million different people from one day to the next
I can't change my mould, no, no, no, no, no
I can't change my mould, no, no, no, no, no
I can't change my mould, no, no, no, no, no
You've gotta change my mould, no, no, no
(It's just sex and violence, melody and silence)
(It's just  sex and violence, melody and violence)
(It's just sex and silence, melody and silence)
(I'll take you down the only road I've ever been down)
(It's just sex and violence, melody and silence)
(I'll take you down the only road I've ever been down)
(It's just sex and violence, melody and violence)
Been down
Ever been down
(I can't change my mould, no, no, no, no, no)
(It's just sex and violence, melody and violence)
Ever been down
(I can't change my mould, no, no, no, no, no)
Ever been down
Ever been down
Have you ever been down?
Have you ever been down?
Have you ever been down?",Missing Lyrics Only
1990s,1991,Gypsy Woman (She's Homeless) (La Da Dee La Da Da) - Basement Boy Strip To The Bone Mix,Crystal Waters,,71,7.53,False,-0.137,0.496,319,36.99,42.36,"I'm tryna get revenge
You'll be all out of love in the end
Spent ten hours on this flight, man
Told the pilot ain't no flight plans
Can't believe whatever I'm seein'
And they know whenever I land
Yeah, yeah, yeah, yeah
Fuck the club up, fuck the club up (Bitch)
Fuck the club up, fuck the club up (Bitch)
Fuck the club up, fuck the club up
Fuck the club up, fuck the club up (Yeah)
The party never ends
In a motel layin' with my sins, yeah
I'm tryna get revenge
You'll be all out of love in the end
Bicentennial man, put the city on slam
She get trippy off Xans, lost twenty-one grams
And she did it on cam, wasn't no video dance
Make my own rules, I really don't pick, I just choose
I don't set picks, I just shoot
Chopped and get screwed
I told her it's B.Y.O.B., that mean buy your own boobs
Put it on God, He the one that put me on top
Can't be put in a box, gotta move on the opps
Devil got the move on the drop
Niggas tryna move on the Scott
And move that deep, tryna run down, shit's steep
Gotta act a fool with the squad
Next city, no sleep, back to the 7-1-3
Spent ten hours on this flight, man
Told the pilot ain't no flight plans
Can't believe whatever I'm seein'
And they know whenever I land
Yeah, yeah, yeah, yeah
Fuck the club up, fuck the club up (Bitch)
Fuck the club up, fuck the club up (Bitch)
Fuck the club up, fuck the club up
Fuck the club up, fuck the club up (Yeah)
Time to make the club go up
Make the club go up
Make the club go up",Missing Genre Only
1990s,1989,Wicked Game,Chris Isaak,,85,4.82,False,0.15,0.745,295,21.02,61.23,"The world was on fire, and no one could save me but you
It's strange what desire will make foolish people do
I never dreamed that I'd meet somebody like you
And I never dreamed that I'd lose somebody like you
No, I don't wanna fall in love (
This world is only gonna break your heart
)
No, I don't wanna fall in love (
This world is only gonna break your heart
)
With you (With you)
(
This world is only gonna break your heart
)
What a wicked game to play
To make me feel this way
What a wicked thing to do
To let me dream of you
What a wicked thing to say
You never felt this way
What a wicked thing to do
To make me dream of you
And I don't wanna fall in love (
This world is only gonna break your heart
)
No, I don't wanna fall in love (
This world is only gonna break your heart
)
With you
The world was on fire, and no one could save me but you
It's strange what desire will make foolish people do
I never dreamed that I'd love somebody like you
And I never dreamed that I'd lose somebody like you
No, I don't wanna fall in love (
This world is only gonna break your heart
)
No, I don't wanna fall in love (
This world is only gonna break your heart
)
With you (With you)
(
This world is only gonna break your heart
)
No, I— (
This world is only gonna break your heart
)
(
This world is only gonna break your heart
)
Nobody loves no one",Missing Genre Only
1990s,1999,Maria Maria (feat. The Product G&B),Santana,,73,4.37,False,0.234,0.389,405,35.31,92.76,"Ladies and gents, turn up your sound systems
To the sound of Carlos Santana
And the G&B
It's the product of Ghetto Blues
From the Refugee Camp
Oh, Maria, Maria
She remind me of a West Side Story
Growing up in Spanish Harlem
She living the life just like a movie star
Oh, Maria, Maria
She fell in love in East L.A
To the sounds of the guitar, yeah, yeah
Played by Carlos Santana
Stop the looting, stop the shooting
Pickpocketing on the corner
See, as the rich is getting richer
The poor is getting poorer
Se mira Maria on the corner
Thinking of ways to make it better
In my mailbox, there's an eviction letter
Signed by the judge, said, ""See you later"", yeah
Wyclef Jean
]
Ahora vengo mama chula, mama chula
Ahora vengo mama chula (East Coast)
Ahora vengo mama chula, mama chula
Ahora vengo mama chula (West Coast)
Maria, Maria
She remind me of a West Side Story
Growing up in Spanish Harlem
She living the life just like a movie star
Oh, Maria, Maria
She fell in love in East L.A
I said, to the sounds of the guitar, yeah, yeah
Played by Carlos Santana
I said a la favela los colores
The streets are getting hotter
There is no water to put out the fire
Ni gota de esperanza
Se mira Maria on the corner
Thinking of ways to make it better
Then I looked up in the sky
Hoping that there's a paradise, yeah, yeah
Wyclef Jean
]
Ahora vengo mama chula, mama chula
Ahora vengo mama chula (Northside)
Ahora vengo mama chula, mama chula
Ahora vengo mama chula (Southside)
Ahora vengo mama chula, mama chula
Ahora vengo mama chula (Worldwide)
Ahora vengo mama chula, mama chula
Ahora vengo mama chula (Open up your eyes)
Maria, you know you're my lover
When the wind blows, I can feel you
Through the weather
And even when we are apart
Still feels like we're together, Maria, yeah
She remind me of a West Side Story
Growing up in Spanish Harlem
She living the life just like a movie star
Oh, Maria, Maria
Oh, she fell in love in East L.A
To the sounds of the guitar
Played by Carlos Santana
Put 'em up y'all
Carlos Santana with the Refugee Camp
Wyclef
Jerry Wonda
Mr. Santana
G&B
Yo Carlos, man, you're making that guitar cry",Missing Genre Only
1990s,1995,Alright - 2015 Remaster,Supergrass,britpop,72,3.02,False,0.163,0.558,194,32.47,64.24,"We are young, we run green
Keep our teeth nice and clean
See our friends, see the sights
And feel alright

We wake up, we go out
Smoke a fag, put it out
See our friends, see the sights
And feel alright

Are we like you?
I can't be sure
Of the scene as she turns
We are strange in our worlds

But we are young, we get by
Can't go mad, ain't got time
Sleep around if we like
But we're alright

Got some cash, bought some wheels
Took it out 'cross the fields
Lost control, hit a wall
But we're alright

Are we like you?
I can't be sure
Of the scene as she turns
We are strange in our worlds

But we are young, we run green
Keep our teeth nice and clean
See our friends, see the sights
And feel alright

Are we like you?
I can't be sure
Of the scene as she turns
We are strange in our worlds

But we are young, we run green
Keep our teeth nice and clean
See our friends, see the sights
And feel alright...",Missing Lyrics Only
1990s,1997,Kiss Me,Sixpence None The Richer,,85,3.48,False,-0.107,0.424,170,38.24,48.88,"Kiss me out of the bearded barley
Nightly, beside the green, green grass
Swing, swing, swing the spinning step
You wear those shoes and I will wear that dress, oh
Kiss me beneath the milky twilight
Lead me out on the moonlit floor
Lift your open hand, strike up the band
And make the fireflies dance, silver moon's sparkling
So kiss me
Kiss me down by the broken tree house
Swing me upon its hanging tire
Bring, bring, bring your flowered hat
We'll take the trail marked on your father's map, oh
Kiss me beneath the milky twilight
Lead me out on the moonlit floor
Lift your open hand, strike up the band
And make the fireflies dance, silver moon's sparkling
So kiss me
Kiss me beneath the milky twilight
Lead me out on the moonlit floor
Lift your open hand, strike up the band
And make the fireflies dance, silver moon's sparkling
So kiss me
So kiss me
So kiss me
So kiss me",Missing Genre Only
1990s,1997,Everybody (Backstreet's Back) - Radio Edit,Backstreet Boys,,79,3.76,False,0.18,0.466,259,32.82,68.96,"Everybody, yeah
Rock your body, yeah
Everybody, yeah
Rock your body right
Backstreet's back, alright
Hey, yeah, oh
Oh my God, we're back again
Brothers, sisters, everybody sing
Gonna bring the flavor, show you how
Got a question for you, better answer now, yeah
Am I original? Yeah
Am I the only one? Yeah
Am I sexual? Yeah
Am I everything you need?
You better rock your body now
Everybody, yeah (Yeah)
Rock your body, yeah (Yeah)
Everybody, yeah
Rock your body right
Backstreet's back, alright, alright
Alright
Now throw your hands up in the air
Wave them around like you just don't care
If you wanna party, let me hear you yell
'Cause we got it going on again, yeah
Am I original? Yeah
Am I the only one? Yeah
Am I sexual? Yeah
Am I everything you need? You better rock your body now
Everybody, yeah (Yeah)
Rock your body, yeah (Yeah)
Everybody, yeah
Rock your body right
Backstreet's back, alright, alright
So, everybody, everywhere
Don't be afraid, don't have no fear
I'm gonna tell the world, make it understand
As long as there'll be music
We'll be coming back again
Everybody, yeah (Yeah)
Rock your body, yeah (Yeah)
Everybody, yeah
Rock your body right (Rock your body right)
Backstreet's back
Everybody, yeah (Yeah)
Everybody, rock your body
Rock your body, yeah (Yeah)
Everybody
Everybody, rock your body
Everybody, yeah
Everybody, rock your body
Rock your body right
Everybody
Backstreet's back, alright!",Missing Genre Only
1990s,1995,Don't Speak,No Doubt,,81,4.39,False,0.462,0.6,339,26.84,77.17,"You and me
We used to be together
Every day together, always
I really feel
That I'm losing my best friend
I can't believe this could be the end
It looks as though you're letting go
And if it's real, well, I don't want to know
Don't speak
I know just what you're sayin'
So please stop explainin'
Don't tell me 'cause it hurts
Don't speak
I know what you're thinkin'
I don't need your reasons
Don't tell me 'cause it hurts
Our memories
They can be inviting
But some are altogether mighty frightening
As we die, both you and I
With my head in my hands, I sit and cry
Don't speak
I know just what you're sayin'
So please stop explainin'
Don't tell me 'cause it hurts
No, no, no, don't speak
I know what you're thinkin'
And I don't need your reasons
Don't tell me 'cause it hurts
It's all ending
I gotta stop pretending
Who we are
You and me
I can see us dyin'
Are we?
Don't speak
I know just what you're sayin'
So please stop explainin'
Don't tell me 'cause it hurts
No, no, don't speak
I know what you're thinkin'
And I don't need your reasons
Don't tell me 'cause it hurts
Don't tell me 'cause it hurts
I know what you're sayin'
So please stop explainin'
Don't speak, don't speak
Don't speak, no
I know what you're thinkin'
And I don't need your reasons
I know you're good
I know you're good
I know you're real good, oh
La-la-la-la
La-la-la-la
Don't, don't
Ooh-ooh
Hush, hush, darlin'
Hush, hush, darlin'
Hush, hush
Don't tell me 'cause it hurts
Hush, hush, darlin'
Hush, hush, darlin'
Hush, hush
Don't tell me 'cause it hurts
Oh, hush, hush, darlin'
Hush, hush, darlin'",Missing Genre Only
1990s,1995,They Don't Care About Us,Michael Jackson,,80,4.74,False,-0.077,0.402,611,26.35,128.94,"All I wanna say is that they don't really care about us
Don't worry what people say, we know the truth
All I wanna say is that they don't really care about us
Enough is enough of this garbage!
(Okay, alright, alright, alright)
All I wanna say is that they don't really care about us
Skinhead, dead head
Everybody gone bad
Situation, aggravation
Everybody, allegation
In the suit, on the news
Everybody, dog food
Bang-bang, shot dead
Everybody's gone mad
All I wanna say is that they don't really care about us
All I wanna say is that they don't really care about us
Beat me, hate me
You can never break me
Will me, thrill me
You can never kill me
Jew me, sue me
Everybody, do me
Kick me, kike me
Don't you black-or-white me
All I wanna say is that they don't really care about us
All I wanna say is that they don't really care about us
And tell me, what has become of my life?
I have a wife and two children who love me
I am a victim of police brutality now (Hee)
I'm tired of bein' a victim of hate
You're rapin' me of my pride, oh, for God's sake
I don't like havin' to fulfill this prophecy
Set me free
Skinhead, dead head
Everybody gone bad
Trepidation, speculation
Everybody, allegation
In the suit, on the news
Everybody, dog food
Black man, blackmail
Throw the brother in jail
All I wanna say is that they don't really care about us
All I wanna say is that they don't really care about us
And tell me, what has become of my rights?
Am I invisible 'cause you ignore me?
Your proclamation promised me free liberty now (Hee)
I'm tired of bein' a victim of shame
You're throwin' me in a class with a bad name
I can't believe this is the land from which I came
You know, I really do hate to say it
The government don't wanna see
But if Roosevelt was livin'
He wouldn't let this be, no, no
Skinhead, dead head
Everybody gone bad
Situation, speculation
Everybody, litigation
Beat me, bash me
You can never trash me
Hit me, kick me
You can never get me
All I wanna say is that they don't really care about us
All I wanna say is that they don't really care about us
Some things in life
They just don't wanna see
But if Martin Luther was livin'
He wouldn't let this be
No, no, no, yeah, yeah, yeah, yeah
Skinhead, dead head
Everybody's gone bad
Situation, segregation (Hoo-hoo)
Everybody, allegation
In the suit, on the news (Hoo-hoo)
Everybody, dog food
Kick me, kike me
Don't you wrong-or-right me (Deep in the fire)
All I wanna say is that they don't really care about us
We're deep in the fire (Hoo-hoo)
All I wanna say is that they don't really care about us
I'm there to remind you (Hoo-hoo)
All I wanna say is that they don't really care about us (Hee)
Don't you sit back and watch the beatin'
All I wanna say is that they don't really care about (Hoo-hoo)
All I wanna say is that they don't really care about (Hoo-hoo)
All I wanna say is that they don't really care about us (Hee-hee-hee)
Hee-hee, hoo-hoo",Missing Genre Only
1990s,1999,Let's Get Loud,Jennifer Lopez,,69,3.99,False,0.078,0.634,638,18.5,159.9,"(Hey, hey, hey, hey, hey, hey, hey, hey)
Ya Jeny llegó, presente! (Hey, hey, hey, hey)
(Hey, hey, hey, hey, hey, hey, hey, hey, hey, hey, hey, hey)
Here we go!
Let's get loud, let's get loud
Turn the music up, let's do it
Come on people, let's get loud
Let's get loud, let's get loud
Turn the music up to hear that sound
Let's get loud, let's get loud
Ain't nobody gotta tell ya what you gotta do
If you wanna live your life
Live it all the way, and don't you waste it
Every feeling, every beat
Can be so very sweet, you gotta taste it (Uh-huh)
You gotta do it (You gotta do it), you gotta do it your way
You gotta prove it (You gotta prove it), you gotta mean what you say (Come on, you know what we're here for)
You gotta do it (Do it), you gotta do it your way
You gotta prove it (Prove it), you gotta mean what you say
Life's a party, make it hot
Dance, don't ever stop, whatever rhythm
Every minute, every day
Take them all the way, you gotta live them (Hey, hey, hey, hey, hey, hey, 'cause I'ma live my life)
You gotta do it (You gotta do it), you gotta do it your way
You gotta prove it (You gotta prove it), you gotta mean what you say
You gotta do it (Do it), you gotta do it your way
You gotta prove it (Prove it), you gotta mean what you say
Let's get loud, let's get loud
Turn the music up to hear that sound
Let's get loud, let's get loud
Ain't nobody gotta tell ya what you gotta do, no, no
Yeah, I like this groove (Ah)
Make it hot, ayy papi (Haha)
Let's get down
Let's get down
Let's get down
It's just a party, baby, come on
Let's get loud (Ooh!)
Let's get loud
Let's get loud
Pump it up! (Ah)
(Hey, hey, hey, hey, hey, hey, hey, hey, hey, hey, hey, hey)
Make it boogie now
(Hey, hey, hey, hey, hey, hey, hey, hey, hey, hey, hey, hey)
Life is meant to be big fun
You're not hurtin' anyone, nobody loses
Let the music make you free
Be what you wanna be, make no excuses
You gotta do it (Do what you want), you gotta do it your way
You gotta prove it (Say what you want), you gotta mean what you say
You gotta do it (Steady go where you want), you gotta do it your way
You gotta prove it (Just do it, oh), you gotta mean what you say
Let's get loud, let's get loud
Turn the music up to hear that sound
Let's get loud, let's get loud
Ain't nobody gotta tell ya what you gotta do
Eso! (Hey, hey)
Así, así es que me gusta, ya tú sabes (Hey, hey, hey, hey)
¡Échale candela! (Hey, hey, hey, hey, hey, hey, haha)
Let's get loud
Let's get loud
Let's get loud
Let's get loud
Let's get loud, let's get loud (Hey, hey, hey, hey, hey)
Turn the music up to hear that sound
Let's get loud, let's get loud (Hey, hey, hey, hey, hey)
Ain't nobody gotta tell ya what you gotta do (Ah)
You didn't know I could do that, did you?",Missing Genre Only
1990s,1997,Your Woman,White Town,,74,4.33,False,0.254,0.658,288,38.19,66.49,"Just tell me what you've got to say to me
I've been waiting for so long to hear the truth
It comes as no surprise at all, you see
So cut the crap and tell me that we're through
Now I know your heart, I know your mind
You don't even know you're being unkind
So much for all your highbrow Marxist ways
Just use me up and then you walk away
Boy, you can't play me that way
Well, I guess what you say is true
I could never be the right kind of girl for you
I could never be your woman
I could never be your woman
I could never be your woman
I could never be your woman
When I saw my best friend yesterday
She said she never liked you from the start
Well, me, I wish that I could claim the same
But you always knew you held my heart
And you're such a charming, handsome man
Now I think I finally understand
Is it in your genes? I don't know
But I'll soon find out, that's for sure
Why did you play me this way?
Well, I guess what you say is true
I could never be the right kind of girl for you
I could never be your woman
I could never be your woman
I could never be your woman
I could never be your woman
Well, I guess what they say is true
I could never spend my life with a man like you
I could never be your woman
I could never be your woman
I could never be your woman
I could never be your woman",Missing Genre Only
1990s,1995,Earth Song,Michael Jackson,,72,6.77,False,-0.027,0.584,434,31.8,64.15,"What about sunrise? What about rain?
What about all the things that you said we were to gain?
What about killing fields? Is there a time?
What about all the things that you said was yours and mine?
Did you ever stop to notice
All the blood we've shed before?
Did you ever stop to notice
This crying Earth, this weeping shore?
Ah, ah-ah
Ooh, ooh-ooh
Ah, ah-ah
Ooh, ooh-ooh
What have we've done to the world? Look what we've done
What about all the peace that you pledge your only son?
What about flowering fields? Is there a time?
What about all the dreams that you said was yours and mine?
Did you ever stop to notice
All the children dead from war?
Did you ever stop to notice
This crying Earth, this weeping shore?
Ah, ah-ah
Ooh, ooh-ooh
Ah, ah-ah
Ooh, ooh-ooh
I used to dream
I used to glance beyond the stars
Now I don't know where we are
Although I know we've drifted far
Ah, ah-ah
Ooh, ooh-ooh
Ah, ah-ah
Ooh, ooh-ooh
Ah, ah-ah
Ooh, ooh-ooh
Ah, ah-ah
Ooh, ooh-ooh (Hey, yeah)
What about yesterday? (
What about us?
)
What about the seas? (
What about us?
)
Heavens are falling down (
What about us?
)
I can't even see (
What about us?
)
What about Africans? (
What about us?
)
I ain't even through (
What about us?
)
What about nature's worth? (Ooh)
It's our planet's womb (
What about us?
)
What about animals? (
What about it?
)
Turned kingdom to dust (
What about us?
)
What about elephants? (
What about us?
)
Have we lost their trust? (
What about us?
)
What about crying whales? (What about us?)
Ravaging the seas? (What about us?)
What about forest trails? (
Ooh
)
Burnt despite our pleas (
What about us?
)
What about the holy land? (
What about it?
)
Torn apart by greed? (What about us?)
What about the common man? (What about us?)
Can't we set him free? (What about us?)
What about children dying? (
What about us?
)
Can't you hear them cry? (
What about us?
)
Where did we go wrong? (Ooh)
Someone tell me why (What about us?)
What about baby boy? (
What about it?
)
What about the days? (What about us?)
What about all their joy? (What about us?)
What about the man? (
What about us?
)
What about the crying man? (
What about us?
)
What about Abraham? (What about us?)
What about death again? (Ooh)
Do we give a damn?
Ah, ah-ah (Hoo, hoo, hoo, hoo)
Ooh, ooh-ooh (Hoo, hoo, hoo, hoo)
Ah, ah-ah (Hoo, hoo, hoo, hoo)
Ooh, ooh-ooh",Missing Genre Only
1990s,1994,Zombie - 2025 Remastered,The Cranberries,,84,5.09,False,-0.04,0.305,177,36.16,34.77,"Another head hangs lowly
Child is slowly taken
And the violence caused such silence
Who are we, mistaken?

But you see, it's not me, it's not my family
In your head, in your head, they are fightin'
With their tanks and their bombs and their bombs and their guns
In your head, in your head, they are cryin'

In your head, in your head
Zombie, zombie, zombie-ie-ie
What's in your head, in your head?
Zombie, zombie, zombie-ie-ie-ie, oh

Doo, doo, doo, doo
Doo, doo, doo, doo
Doo, doo, doo, doo
Doo, doo, doo, doo

Another mother's breakin'
Heart is takin' over
When the violence causes silence
We must be mistaken

It's the same old theme, since 1916
In your head, in your head, they're still fightin'
With their tanks and their bombs and their bombs and their guns
In your head, in your head, they are dyin'

In your head, in your head
Zombie, zombie, zombie-ie-ie
What's in your head, in your head?
Zombie, zombie, zombie-ie-ie-ie
Oh-oh-oh-oh, oh-oh-oh, eh-eh-oh, ya-ya",Both Missing
1990s,1991,It Ain't Over 'Til It's Over,Lenny Kravitz,,81,4.04,False,0.35,0.425,284,21.48,70.23,"Here we are still together
We are one
So much time wasted
Playing games with love
So many tears I've cried
So much pain inside
But, baby, it ain't over 'til it's over
So many years we've tried
To keep our love alive
But, baby, it ain't over 'til it's over
How many times
Did we give up?
But we always worked things out
And all my doubts and fears
Kept me wondering, yeah
If I'd always, always be in love
So many tears I've cried
So much pain inside
But, baby, it ain't over 'til it's over
So many years we've tried
And kept our love alive
But, baby, it ain't over 'til it's over
Ooo-hoo
Ooo
Ooo-hooo
Ooo
Ooo-hoo
So many tears I've cried
So much pain inside
But, baby, it ain't over 'til it's over
So many years we've tried
And kept our love alive
'Cause, baby, it ain't over 'til it's over
So many tears I've cried
So much pain inside
But, baby, it ain't over 'til  it's over
So many years we've tried
To keep our love alive
'Cause, baby, it ain't over 'til it's over
(Over, over, over)
So many tears we've cried
So much pain inside
But, baby, it ain't over 'til it's over
So many years we've tried
To keep our love alive
'Cause, baby, it ain't over 'til it's over
(Over, over, over, over)
So many tears we've cried
So much pain inside
Baby, it ain't over 'til it's over
Over",Missing Genre Only
1990s,2025,Don't Look Back in Anger - Remastered,Oasis,"britpop, madchester",74,4.84,False,-0.253,0.253,310,36.13,64.05,"Slip inside the eye of your mind
Don't you know you might find
A better place to play?
You said that you'd never been
But all the things that you've seen
Will slowly fade away

So I start a revolution from my bed
'Cause you said the brains I had went to my head
Step outside, summertime's in bloom
Stand up beside the fireplace
Take that look from off your face
You ain't ever gonna burn my heart out

And so, Sally can wait
She knows it's too late as we're walkin' on by
Her soul slides away
""But don't look back in anger,"" I heard you say

Take me to the place where you go
Where nobody knows
If it's night or day
Please don't put your life in the hands
Of a rock 'n' roll band
Who'll throw it all away

I'm gonna start a revolution from my bed
'Cause you said the brains I had went to my head
Step outside, 'cause summertime's in bloom
Stand up beside the fireplace
Take that look from off your face
'Cause you ain't ever gonna burn my heart out

And so, Sally can wait
She knows it's too late as she's walking on by
My soul slides away
""But don't look back in anger,"" I heard you say


So, Sally can wait
She knows it's too late as we're walking on by
Her soul slides away
""But don't look back in anger,"" I heard you say
So, Sally can wait
She knows it's too late as she's walking on by
My soul slides away
""But don't look back in anger
Don't look back in anger,"" I heard you say

""At least not today""",Missing Lyrics Only
1990s,1997,Miami,Will Smith,,73,3.29,False,0.222,0.571,669,36.62,203.18,"Yeah, yeah, yeah, yeah
Miami, uh, uh
South Beach, bringin' the heat, uh
Ha-ha, can y'all feel that?
Can y'all feel that?
Jig it out, uh
Here I am, in the place where I come let go
In Miami the bass and the sunset low
Everyday like a Mardi Gras, everybody party all day
No work, all play, okay?
So we sip a little something, leave the rest to spill
Me and Charlie at the bar, runnin' up a high bill
Nothin' less than ill, when we dress to kill
Every time the ladies pass, they be like, ""Hi, Will!""
Can y'all feel me? All ages and races
Real sweet faces
Every different nation, Spanish, Haitian, Indian, Jamaican
Black, White, Cuban, and Asian
I only came for two days of playing
But every time I come I always wind up stayin'
This the type of town I could spend a few days in
Miami the city that keeps the roof blazin'
Party in the city where the heat is on
All night, on the beach 'til the break of dawn
Welcome to Miami, bienvenidos a Miami
Bouncin' in the club where the heat is on
All night, on the beach 'til the break of dawn
I'm goin' to Miami, welcome to Miami
Yo, I heard the rainstorms ain't nothin' to mess with
But I can't feel a drip on the strip, it's a trip
Ladies half-dressed, fully equipped
And they be screamin' out, ""Will, we loved your last hit!""
So I'm thinkin' I'ma scoop me somethin' hot
In this salsa-merengue melting pot
Hottest club in the city, and it's right on the beach
Temperature get to ya, it's about to reach
Five-hundred degrees in the Caribbean seas
With the hot mamis screaming 
""¡Ay, papi!""
Every time I come to town, they be spottin' me
In the drop Bentley, ain't no stoppin' me
So, cash in your dough and flow to this fashion show
Pound for pound, anywhere you go
Yo, ain't no city in the world like this
And if you ask how I know, I got's to plead the fifth
Party in the city where the heat is on
All night, on the beach 'til the break of dawn
Welcome to Miami, bienvenidos a Miami
Bouncin' in the club where the heat is on
All night, on the beach 'til the break of dawn
I'm goin' to Miami, welcome to Miami
Don't get me wrong, Chi-town got it goin' on
And New York is the city that we know don't sleep
And we all know that L.A. and Philly stay jiggy
But on the sneak, Miami bringin' heat for real
Y'all don't understand
I never seen so many Dominican women with cinnamon tans
Mira, this is the plan
Take a walk on the beach, draw a heart in the sand
Gimme your hand
Damn, you look sexy
Let's go to my yacht, in the West Keys
Ride my jet skis, loungin' in the palm trees
'Cause you gotta have cheese for the summerhouse piece on South Beach
Water so clear, you can see to the bottom
Hundred-thousand dollar cars, everybody got 'em
Ain't no surprise, in the club to see Sly Stallone
Miami, my second home (Miami)
Party in the city where the heat is on
All night, on the beach 'til the break of dawn
Welcome to Miami, bienvenidos a Miami
Bouncin' in the club where the heat is on
All night, on the beach 'til the break of dawn
I'm goin' to Miami, welcome to Miami
Party in the city where the heat is on
All night, on the beach 'til the break of dawn
Welcome to Miami, bienvenidos a Miami
Bouncin' in the club where the heat is on
All night, on the beach 'til the break of dawn
I'm goin' to Miami, welcome to Miami
Party in the city where the heat is on",Missing Genre Only
1990s,1996,Wannabe,Spice Girls,,81,2.88,False,0.157,0.369,574,20.38,199.05,"Ha-ha-ha-ha-ha
Yo, I'll tell you what I want, what I really, really want
So tell me what you want, what you really, really want
I'll tell you what I want, what I really, really want
So tell me what you want, what you really, really want
I wanna (
Hey
), I wanna (
Hey
), I wanna (
Hey
), I wanna (
Hey
)
I wanna really, really, really wanna ""zig-a-zig"", ah
If you want my future
Forget my past
If you wanna get with me
Better make it fast
Now, don't go wasting
My precious time
Get your act together
We could be just fine
I'll tell you what I want, what I really, really want
So tell me what you want, what you really, really want
I wanna (Hey), I wanna (Hey), I wanna (Hey), I wanna (Hey)
I wanna really, really, really wanna ""zig-a-zig"", ah
If you wanna be my lover
You gotta get with my friends (Gotta get with my friends)
Make it last forever
Friendship never ends
If you wanna be my lover
You have got to give
Taking is too easy
But that's the way it is
Oh, what you think about that
Now you know how I feel
Say you could handle my love
Are you for real?
 (Are you for real?)
I won't be hasty
I'll give you a try
If you really bug me
Then I'll say goodbye
Yo, I'll tell you what I want, what I really, really want
So tell me what you want, what you really, really want
I wanna (Hey), I wanna (Hey), I wanna (Hey), I wanna (Hey)
I wanna really, really, really wanna ""zig-a-zig"", ah
If you wanna be my lover
You gotta get with my friends (Gotta get with my friends)
Make it last forever
Friendship never ends
If you wanna be my lover
You have got to give (You've got to give)
Taking is too easy
But that's the way it is
So here's a story from A to Z
You wanna get with me, you gotta listen carefully
We got Em in the place who likes it in your face
We got G like MC who likes it on an—
Easy V doesn't come for free, she's a real lady
And as for me, ha-ha, you'll see
Slam your body down and wind it all around
Slam your body down and wind it all around
If you wanna be my lover
You gotta get with my friends (Gotta get with my friends)
Make it last forever
Friendship never ends
If you wanna be my lover
You have got to give (You've got to give)
Taking is too easy
But that's the way it is
If you wanna be my lover
You gotta, you gotta, you gotta, you gotta
You gotta slam, slam, slam, slam
Make it last forever (Ha, ha, ha, ha)
Slam your body down and wind it all around
Slam your body down and wind it all around
 (
Ha, ha, ha
)
Slam your body down and wind it all around
Slam your body down and ""zig-a-zig"", ah
If you wanna be my lover",Missing Genre Only
1990s,2002,Missing - Todd Terry Remix / Radio Edit,Everything But The Girl,,60,3.92,False,0.017,0.371,304,30.26,77.55,"I step off the train
I'm walking down your street again
And past your door
But you don't live there anymore
It's years since you've been there
Now you've disappeared somewhere
Like outer space
You've found some better place

And I miss you
Like the deserts miss the rain
And I miss you
Like the deserts miss the rain

Could you be dead?
You always were two steps ahead
Of everyone
We'd walk behind while you would run
I look up at your house
And I can almost hear you shout
Down to me
Where I always used to be

And I miss you
Like the deserts miss the rain
And I miss you
Like the deserts miss the rain

Back on the train
I ask why did I come again
Can I confess
I've been hanging around your old address?
And the years have proved
To offer nothing since you moved
You're long gone
But I can't move on

And I miss you
Like the deserts miss the rain
And I miss you
Like the deserts miss the rain

I step off the train
I'm walking down your street again
And past your door
I guess you don't live there anymore
It's years since you've been there
Now you've disappeared somewhere
Like outer space
You've found some better place
And I miss you
And I miss you
You've found some better place

And I miss you
Like the deserts miss the rain
And I miss you, yeah
Like the deserts miss the rain
And I miss you
Like the deserts miss the rain
And I miss you, yeah
Like the deserts miss the rain
Like the deserts miss the rain
Like the deserts miss the rain",Both Missing
1990s,1998,California Love - Original Version,2Pac,"old school hip hop, gangster rap, west coast hip hop, g-funk, hip hop",59,4.75,False,0.185,0.475,710,33.66,149.47,"California love, we-ooh

California knows how to party
California knows how to party
In the city of L.A. 
In the city of good ol' Watts
In the city, city of Compton
We keep it rockin', we keep it rockin' (Ooh)

Now, let me welcome everybody to the Wild, Wild West
A state that's untouchable like Eliot Ness
The track hits your eardrum like a slug to your chest
Pack a vest for your Jimmy in the city of sex
We in that sunshine state where the bomb-ass hemp be
The state where you never find a dance floor empty
And pimps be on a mission for them greens
Lean mean money-makin'-machines servin' fiends
I've been in the game for ten years makin' rap tunes
Ever since honeys was wearin' Sassoon
Now it's '95 and they clock me and watch me
Diamonds shinin', lookin' like I robbed Liberace
It's all good, from Diego to the Bay
Your city is the bomb if your city makin' pay (Uh)
Throw up a finger if you feel the same way
Dre puttin' it down for Californ-i-a

California (California) knows how to party (Knows how to party)
California (West Coast) knows how to party (Yes, they do, that's right)
In the city of L.A. (City of L.A.; Los Angeles)
(Yeah) In the city of good ol' Watts (Good ol' Watts)
In the city, city of Compton (City of Compton)
Keep it rockin' (Keep it rockin'), keep it rockin' (Come on, come on, come on)
Yeah, now make it shake, c'mon
[Post-Chorus: Roger Troutman & 
Dr. Dre
]
Shake it, shake it, baby (Come on, come on, come on)
Shake, shake it (Shake it, baby)
Shake, shake it, mama (Come on, come on, come on)
Shake it, Cali (Come on, come on, 
shake it, Cali
)
Shake it (We don't care), shake it, baby (Baby, right; 
that's right, uh
)
Shake it, shake it (Shake, shake, shake, shake)
Shake it, shake it, mama (Shake, shake it, shake, shake)
Shake it, Cali (Shake it now)
[Verse 2: 2Pac & 
Dr. Dre
]
Out on bail, fresh out of jail, California dreamin'
Soon as I step on the scene, I'm hearin' hoochies screamin'
Fiendin' for money and alcohol, the life of a Westside player
Where cowards die and the strong ball
Only in Cali, where we riot, not rally, to live and die
In L.A., we wearin' Chucks, not Ballys (
Yeah, that's right, uh
)
Dressed in Locs and Khaki suits and ride is what we do
Flossin' but have caution, we collide with other crews
Famous because we throw grams
Worldwide, let 'em recognize from Long Beach to Rosecrans
Bumpin' and grindin' like a slow jam
It's Westside, so you know the Row won't bow down to no man
Say what you say, but give me that bomb beat from Dre
Let me serenade the streets of L.A. 
From Oakland to Sac-town, the Bay Area and back down
Cali is where they put they mack down, give me love

California (California) knows how to party (Ain't no stoppin')
California (Do-do-do-do-do) knows how to party (Come on, baby)
In the city (South Central) of L.A. (L.A.)
In the city of good ol' Watts (That's right)
In the city, city of Compton (Yup, yup)
We keep it rockin' (Keep it rockin'), we keep it rockin' (Yeah, yeah)
Now make it shake, uh
[Post-Chorus: Roger Troutman & 
Dr. Dre
]
Shake, shake it, baby (
Uh,
 shake)
Shake, shake it (
Uh, yeah;
 shake it, Cali)
Shake it, shake it, mama (Yeah)
Shake it, Cali (
Shake it, Cali
)
Shake it, shake it, baby (
Shake it, Cali
)
Shake it, shake it (
Uh, uh
)
Shake it, shake it, mama (
West Coast
)
Shake it, Cali (
Uh
)

Yeah, uh
Uh, Long Beach in the house, uh, yeah
Oaktown
Oakland definitely in the house (Ha, ha-ha-ha-ha)
Frisco, Frisco (Yeah)
Hey, you know L.A. up in this
Pasadena, where you at?
Yeah, Inglewood
Inglewood always up to no good
Even Hollywood are tryna get a piece, baby
Sacramento, Sacramento, where you at? Uh, yeah
Throw it up, y'all, throw it up, throw it up
I can't see ya
California love
Let's show these fools how we do it on this Westside
'Cause you and I know it's the best side",Missing Lyrics Only
1990s,1995,Just A Girl,No Doubt,,74,3.49,False,0.065,0.513,296,38.85,84.89,"Take this pink ribbon off my eyes
I'm exposed, and it's no big surprise
Don't you think I know exactly where I stand?
This world is forcing me to hold your hand
'Cause I'm just a girl, oh, little old me
Well, don't let me out of your sight
Oh, I'm just a girl, all pretty and petite
So don't let me have any rights
Oh, I've had it up to here
The moment that I step outside
So many reasons for me to run and hide
I can't do the little things I hold so dear
'Cause it's all those little things that I fear
'Cause I'm just a girl, I'd rather not be
'Cause they won't let me drive late at night
Oh, I'm just a girl, guess I'm some kind of freak
'Cause they all sit and stare with their eyes
Oh, I'm just a girl, take a good look at me
Just your typical prototype
Oh, I've had it up to here
Oh, am I making myself clear?
I'm just a girl
I'm just a girl in the world
That's all that you'll let me be
Oh, I'm just a girl, living in captivity
Your rule of thumb makes me worrisome
Oh, I'm just a girl, what's my destiny?
What I've succumbed to is making me numb
Oh, I'm just a girl, my apologies
What I've become is so burdensome
Oh, I'm just a girl, lucky me
Twiddle-dum, there's no comparison
Oh, I've had it up to
Oh, I've had it up to
Oh, I've had it up to here",Missing Genre Only
1990s,1995,Lemon Tree,Fools Garden,,77,3.18,False,-0.066,0.341,327,33.33,102.71,"I'm sittin' here in the boring room
It's just another rainy Sunday afternoon
I'm wastin' my time, I got nothin' to do
I'm hangin' around, I'm waitin' for you
But nothing ever happens
And I wonder
I'm drivin' around in my car
I'm drivin' too fast, I'm drivin' too far
I'd like to change my point of view
I feel so lonely, I'm waitin' for you
But nothing ever happens
And I wonder
I wonder how, I wonder why
Yesterday, you told me 'bout the blue, blue sky
And all that I can see is just a yellow lemon tree
I'm turnin' my head up and down
I'm turnin', turnin', turnin', turnin', turnin' around
And all that I can see is just another lemon tree
Sing
Dap, da-da-da-dam, di-dap-da
Da-da-da-dam, di-dap-da
Dap, di-di-li-da
I'm sittin' here, I missed the power
I'd like to go out, takin' a shower
But there's a heavy cloud inside my head
I feel so tired, put myself into bed
Well, nothing ever happens
And I wonder
Isolation is not good for me
Isolation, I don't want to sit on the lemon tree
I'm steppin' around in the desert of joy
Maybe, anyhow, I'll get another toy
And everything will happen
And you wonder
I wonder how, I wonder why
Yesterday, you told me 'bout the blue, blue sky
And all that I can see is just another lemon tree
I'm turnin' my head up and down
I'm turnin', turnin', turnin', turnin', turnin' around
And all that I can see is just a yellow lemon tree
And I wonder, wonder, I wonder how, I wonder why
Yesterday, you told me 'bout the blue, blue sky
And all that I can see (Ah, dip-dip-dip-dip)
And all that I can see (Ah, dip-dip-dip-dip)
And all that I can see
Is just a yellow lemon tree",Missing Genre Only
1990s,1991,Black or White,Michael Jackson,,74,4.27,False,-0.018,0.386,449,36.08,105.23,"(Hey!) What?
(Turn it off) But dad, this is the best part!
(Turn it off) No!
(It's too late for this, turn it off)
Dad, this is the best part, come on
(No, turn it off now) No, this is the—, I wanna listen to it, okay?
('Cause it's too loud and disturbs the neighbors, turn it off now)
Right, too late? Sure, eat this
Aaow! (Ooh)
Aaow!
I took my baby on a Saturday bang
Boy, is that girl with you?
Yes, we're one and the same
Now, I believe in miracles
And a miracle has happened tonight, hee
But if you're thinking about my baby
It don't matter if you're black or white, ooh
They print my message in the Saturday sun
I had to tell 'em, ""I ain't second to none""
And I told about equality and it's true
Either you're wrong or you're right, hee
But if you're thinking about my baby
It don't matter if you're black or white, hoo
Gone wit' ya, babe
Hee-hee
I am tired of this devil
I am tired of this stuff
I am tired of this business
Go when the going gets rough
I ain't scared of your brother
I ain't scared of no sheets
I ain't scared of nobody
Go when the going gets mean
Protection for gangs, clubs, and nations
Causing grief in human relations
It's a turf war on a global scale
I'd rather hear both sides of the tale
See, it's not about races, just places, faces
Where your blood comes from, it's where your space is
I've seen the bright get duller
I'm not gonna spend my life being a color
Don't tell me you agree with me
When I saw you kicking dirt in my eye (Hee-hee)
But if you're thinking about my baby
It don't matter if you're black or white
I said if you're thinking of being my baby
It don't matter if you're black or white
I said if you're thinking of being my brother
It don't matter if you're black or white
Alright, alright (Ooh-ooh)
Alright (Yeah, yeah, yeah), yeah, now
Alright, alright (Ooh-ooh)
Shamone, don't (Yeah, yeah, yeah)
Yeah, now, alright, ah
It's black, it's white
It's tough for you to beat, yeah (Yeah, yeah, yeah)
It's black, it's white (It's white)
It's black, it's white
It's tough for you to beat, yeah (Yeah, yeah, yeah)
It's black, it's white, hoo!",Missing Genre Only
1990s,1997,Song 2 - 2012 Remaster,Blur,"britpop, madchester, alternative rock",79,2.02,False,0.15,0.768,125,38.4,61.88,"Woo-hoo
Woo-hoo
Woo-hoo
Woo-hoo

I got my head checked
By a jumbo jet
It wasn't easy
But nothing is, no

(Woo-hoo) When I feel heavy metal
(Woo-hoo) And I'm pins and I'm needles
(Woo-hoo) Well, I lie and I'm easy
All of the time, but I'm never sure why I need you
Pleased to meet you

I got my head done
When I was young
It's not my problem
It's not my problem

(Woo-hoo) When I feel heavy metal
(Woo-hoo) And I'm pins and I'm needles
(Woo-hoo) Well, I lie and I'm easy
All of the time, but I'm never sure why I need you
Pleased to meet you

Yeah-yeah
Yeah-yeah
Yeah-yeah
Oh, yeah",Missing Lyrics Only
1990s,1997,I'll Be Missing You (feat. Faith Evans & 112) - 2014 Remaster,Diddy,"hip hop, east coast hip hop",69,5.11,False,0.016,0.47,639,32.86,125.05,"Every day I wake up, I hope I'm dreamin'
I can't believe this shit
Can't believe you ain't here
Sometimes it's just hard for a nigga to wake up
It's just hard to just keep goin'
It's like I feel empty inside without you bein' here
I would do anything, man, to bring you back
I'd give all this shit up, this shit don't mean nothing
I saw your son today, he look just like you
You was the greatest, you'll always be the greatest
I miss you, B.I.G. 
Can't wait 'til that day when I see your face again
I can't wait 'til that day when I see your face again

Yeah, this right here (Tell me why)
Goes out to everyone that has lost someone
That they truly loved (C'mon, check it out)

It seems like yesterday we used to rock the show
I laced the track, you locked the flow
So far from hangin' on the block for dough
Notorious, they got to know that
Life ain't always what it seem to be
Words can't express what you mean to me
Even though you're gone, we still a team
Through your family, I'll fulfill your dream (That's right)
In the future, can't wait to see
If you open up the gates for me
Reminisce some time, the night they took my friend
Try to black it out, but it plays again
When it's real, feelings hard to conceal
Can't imagine all the pain I feel
Give anythin' to hear half your breath (Half your breath)
I know you still livin' your life after death

Every step I take
Every move I make
Every single day, every time I pray
I'll be missin' you
Thinkin' of the day
When you went away
What a life to take, what a bond to break
I'll be missin' you (I miss you, B.I.G.)

It's kinda hard with you not around (Yeah)
Know you in Heaven, smilin' down (Ha)
Watchin' us while we pray for you
Every day we pray for you
'Til the day we meet again
In my heart is where I'll keep you, friend
Memories give me the strength I need to proceed
Strength I need to believe
My thoughts, B.I.G., I just can't define (Can't define)
Wish I could turn back the hands of time
Us in the six, shop for new clothes and kicks
You and me takin' flicks
Makin' hits, stages they receive you on
Still can't believe you're gone (Can't believe you're gone)
Give anything to hear half your breath (Half your breath)
I know you still livin' your life after death

Every step I take
Every move I make (I miss you)
Every single day, every time I pray
I'll be missin' you (Yeah, yeah, yeah)
Thinkin' of the day
When you went away
What a life to take, what a bond to break
I'll be missin' you (Somebody tell me why)

One glad morning
When this life is over
I know I'll see your face
[Outro: 112, 
Puff Daddy
 & 
Faith Evans]
Every night I pray, every step I take
Every move I make, every single day
Every night I pray, every step I take (Every day that passes is a day that I get closer)
Every move I make, every single day (To seeing you again)
Every night I pray, every step I take (We miss you, B.I.G., 
and we won't stop 'cause we can't stop)
Every move I make, every single day (That's right)
Every night I pray, every step I take
Every move I make, every single day (We miss you, B.I.G)
Every step I take",Missing Lyrics Only
1990s,1997,Tubthumping,Chumbawamba,,72,4.65,False,-0.107,0.306,800,8.12,172.18,"Truth is, I thought it mattered
I thought that music mattered
But does it? Bollocks!
Not compared to how people matter
We'll be singin'
When we're winnin'
We'll be singin'
I get knocked down, but I get up again
You're never gonna keep me down
I get knocked down, but I get up again
You're never gonna keep me down
I get knocked down, but I get up again
You're never gonna keep me down
I get knocked down, but I get up again
You're never gonna keep me down
Pissin' the night away, pissin' the night away
He drinks a Whiskey drink, he drinks a Vodka drink
He drinks a Lager drink, he drinks a Cider drink
He sings the songs that remind him of the good times
He sings the songs that remind him of the better times
Oh, Danny Boy, Danny Boy, Danny Boy
I get knocked down, but I get up again
You're never gonna keep me down
I get knocked down, but I get up again
You're never gonna keep me down
I get knocked down, but I get up again
You're never gonna keep me down
I get knocked down, but I get up again
You're never gonna keep me down
Pissin' the night away, pissin' the night away
He drinks a Whiskey drink, he drinks a Vodka drink
He drinks a Lager drink, he drinks a Cider drink
He sings the songs that remind him of the good times
He sings the songs that remind him of the better times
Don't cry for me, next-door neighbour
I get knocked down, but I get up again
You're never gonna keep me down
I get knocked down, but I get up again
You're never gonna keep me down
I get knocked down, but I get up again
You're never gonna keep me down
I get knocked down, but I get up again
You're never gonna keep me down
I get knocked down (We'll be singin'), but I get up again
You're never gonna keep me down (When we're winnin')
I get knocked down (We'll be singin'), but I get up again
You're never gonna keep me down (Ooh)
I get knocked down (We'll be singin'), but I get up again
You're never gonna keep me down (When we're winnin')
I get knocked down (We'll be singin'), but I get up again
You're never gonna keep me down (Ooh)
I get knocked down (We'll be singin'), but I get up again (Pissin' the night away)
You're never gonna keep me down (When we're winnin')
I get knocked down (We'll be singin'), but I get up again (Pissin' the night away)
You're never gonna keep me down (Ooh)
I get knocked down (We'll be singin'), but I get up again (Pissin' the night away)
You're never gonna keep me down (When we're winnin')
I get knocked down (We'll be singin'), but I get up again (Pissin' the night away)
You're never gonna keep me down (Ooh)
I get knocked down (We'll be singin'), but I get up again (Pissin' the night away)
You're never gonna keep me down (When we're winnin')
I get knocked down (We'll be singin'), but I get up again (Pissin' the night away)
You're never gonna keep me down (Ooh)
I get knocked down (We'll be singin'), but I get up again (Pissin' the night away)
You're never gonna keep me down (When we're winnin')
I get knocked down (We'll be singin'), but I get up again (Pissin' the night away)
You're never gonna keep me down (Ooh)
I get knocked down (We'll be singin'), but I get up again (Pissin' the night away)
You're never gonna keep me down (When we're winnin')
I get knocked down (We'll be singin'), but I get up again (Pissin' the night away)
You're never gonna keep me down (Ooh)
I get knocked down (We'll be singin'), but I get up again (Pissin' the night away)
You're never gonna keep me down (When we're winnin')
I get knocked down (We'll be singin'), but I get up again (Pissin' the night away)
You're never gonna keep me down (Ooh)
I get knocked down (We'll be singin'), but I get up again (Pissin' the night away)
You're never gonna keep me down",Missing Genre Only
1990s,1998,You Get What You Give,New Radicals,,81,5.01,False,0.075,0.512,458,36.68,91.36,"Uh
Cha-cha-cha-cha, cha-cha-cha-cha-cha (ooh)
Cha-cha-cha-cha-cha, cha-cha-cha-cha
Do you know it, do you know it, do you know it, do you know it
One, two!
One, two, three, ow!
Oh, oh, hey, hey, hey, hey, hey, hey
Wake up, kids, we got the dreamers' disease
Age fourteen, they got you down on your knees
So polite, we're busy still saying please
Frenemies, who, when you're down, ain't your friend
Every night we smash a Mercedes-Benz
First we run, and then we laugh 'til we cry
But when the night is falling
You cannot find the light (Light)
You feel your dreams are dying, hold tight
You've got the music in you
Don't let go, you've got the music in you
One dance left, this world is gonna pull through
Don't give up, you've got a reason to live
Can't forget, we only get what we give
I'm comin' home, baby
You're the tops
Give it to me now!
Four A.M., we ran a miracle mile
We're flat broke, but hey, we do it in style
The bad rich, God's flying in for your trial
But when the night is falling
You cannot find a friend (Friend)
You feel your tree is breaking, just bend
You've got the music in you
Don't let go, you've got the music in you
One dance left, this world is gonna pull through
Don't give up, you've got a reason to live
Can't forget, we only get what we give
This whole damn world could fall apart
You'll be okay, follow your heart
You're in harm's way, I'm right behind
Now say you're mine
You've got the music in you
Don't let go, you've got the music in you
One dance left, this world is gonna pull through
Don't give up, you've got a reason to live
Can't forget, we only get what we give
Don't let go, I feel the music in you
Don't let go
Fly (fly) high
What's real can't die
You only get what you give
You're gonna get what you give
Don't give up
Just don't be afraid to live
Health insurance, rip-off, lying
FDA, big bankers buying
Fake computer crashes dining
Cloning while they're multiplying
Fashion shoots with Beck and Hanson (Don't give up)
Courtney Love and Marilyn Manson
You're all fakes, run to your mansions
Come around, we'll kick your ass in
Don't let go
One dance left
Don't give up
Can't forget
Don't let go",Missing Genre Only
1990s,1993,Linger,The Cranberries,,86,4.58,False,-0.097,0.584,309,28.48,67.49,"Ooh-ooh-ooh-ooh-ooh-ooh
Ooh-ooh
Ooh-ooh-ooh-ooh-ooh-ooh
Mm-mmm
If you, if you could return
Don't let it burn, don't let it fade
I'm sure I'm not being rude, but it's just your attitude
It's tearing me apart, it's ruinin' everything
And I swore, I swore I would be true
And honey, so did you
So why were you holding her hand? Is that the way we stand?
Were you lyin' all the time? Was it just a game to you?
But I'm in so deep
You know I'm such a fool for you
You got me wrapped around your finger
Do you have to let it linger?
Do you have to, do you have to, do you have to let it linger?
Oh, I thought the world of you
I thought nothing could go wrong
But I was wrong, I was wrong
If you, if you could get by
Trying not to lie
Things wouldn't be so confused, and I wouldn't feel so used
But you always really knew I just wanna be with you
And I'm in so deep
You know I'm such a fool for you
You got me wrapped around your finger
Do you have to let it linger?
Do you have to, do you have to, do you have to let it linger?
And I'm in so deep
You know I'm such a fool for you
You got me wrapped around your finger
Do you have to let it linger?
Do you have to, do you have to, do you have to let it linger?
You know I'm such a fool for you
You got me wrapped around your finger
Do you have to let it linger?
Do you have to, do you have to, do you have to let it linger?",Missing Genre Only
1990s,1996,Cosmic Girl - Remastered 2013,Jamiroquai,acid jazz,72,4.07,False,0.182,0.662,330,40.3,81.08,"I must've died and gone to heaven
'Cause it was a quarter past eleven
On a Saturday in 1999
Right across from where I'm standing
On the dance floor she was landing
It was clear that she was from another time
Like some baby Barbarella
With the stars as her umbrella
She asked me if I'd like to magnetise
Do I have to go star-trekking
'Cause it's you I should be checking
So she laserbeamed me with her cosmic eyes

She's just a cosmic girl
Oh, yeah
From another galaxy
My heart's at zero gravity
She's from a cosmic world
Putting me in ecstasy
Transmitting on my frequency
She's cosmic

I'm scanning all my radars
Well, she said she's from a quasar
Forty thousand million light years away
It's a distant solar system
I tried to phone but they don't list 'em
So I asked her for a number all the same
She said, ""Step in my transporter
So I can teleport ya
All around my heavenly body""
Oh, this could be a close encounter
I should take care not to flounder
Sends me into hyperspace, when I see her pretty face

She's just a cosmic girl
From another galaxy
My heart's at zero gravity
She's from a cosmic world
Putting me in ecstasy
Transmitting on my frequency
She's cosmic

Sends me into hyperspace when I see her pretty face
Sends me into hyperspace when I see her pretty face
Sends me into hyperspace when I see her pretty face
Sends me into hyperspace when I see her pretty face

She's just a cosmic girl
From another galaxy
Transmitting on my frequency (Yeah, cosmic, oh)
Can't you be my cosmic woman?
I need you, I want you
To be my cosmic girl for the rest of time
Oh, I'm losing my love
Oh, my cosmic girl, yeah
She gives me ecstasy",Missing Lyrics Only
1990s,1999,Thank You,Dido,,79,3.64,False,0.122,0.392,262,38.17,71.99,"My tea's gone cold, I'm wondering why I
Got out of bed at all
The morning rain clouds up my window
And I can't see at all
And even if I could, it'd all be grey
But your picture on my wall
It reminds me that it's not so bad
It's not so bad
I drank too much last night, got bills to pay
My head just feels in pain
I missed the bus and there'll be hell today
I'm late for work again
And even if I'm there, they'll all imply
That I might not last the day
And then you call me and it's not so bad
It's not so bad
And I want to thank you
For giving me the best day of my life
And oh, just to be with you
Is having the best day of my life
Push the door, I'm home at last
And I'm soaking through and through
And then you handed me a towel
And all I see is you
And even if my house falls down now
I wouldn't have a clue
Because you're near me
And I want to thank you
For giving me the best day of my life
And oh, just to be with you
Is having the best day of my life
And I want to thank you
For giving me the best day of my life
And oh, just to be with you
Is having the best day of my life",Missing Genre Only
1990s,1999,All Star,Smash Mouth,,79,3.34,False,-0.043,0.623,480,32.08,143.73,"Somebody once told me the world is gonna roll me
I ain't the sharpest tool in the shed
She was looking kind of dumb with her finger and her thumb
In the shape of an ""L"" on her forehead
Well, the years start comin' and they don't stop comin'
Fed to the rules and I hit the ground runnin'
Didn't make sense not to live for fun
Your brain gets smart but your head gets dumb
So much to do, so much to see
So what's wrong with taking the backstreets?
You'll never know if you don't go
You'll never shine if you don't glow
Hey now, you're an all star
Get your game on, go play
Hey now, you're a rock star
Get the show on, get paid
(And all that glitters is gold)
Only shootin' stars break the mold
It's a cool place, and they say it gets colder
You're bundled up now, wait 'til you get older
But the meteor men beg to differ
Judging by the hole in the satellite picture
The ice we skate is gettin' pretty thin
The water's gettin' warm so you might as well swim
My world's on fire, how 'bout yours?
That's the way I like it and I'll never get bored
Hey now, you're an all star
Get your game on, go play
Hey now, you're a rock star
Get the show on, get paid
(All that glitters is gold)
Only shootin' stars break the mold
Go for the moon
G-g-g-go for the moon
Go for the moon
Go-go-go for the moon
Hey now, you're an all star
Get your game on, go play
Hey now, you're a rock star
Get the show on, get paid
(And all that glitters is gold)
Only shooting stars
Somebody once asked, ""Could I spare some change for gas?
I need to get myself away from this place""
I said, ""Yep, what a concept
I could use a little fuel myself and we could all use a little change""
Well, the years start comin' and they don't stop comin'
Fed to the rules and I hit the ground runnin'
Didn't make sense not to live for fun
Your brain gets smart but your head gets dumb
So much to do, so much to see
So what's wrong with taking the backstreets?
You'll never know if you don't go (Go)
You'll never shine if you don't glow
Hey now, you're an all star
Get your game on, go play
Hey now, you're a rock star
Get the show on, get paid
(And all that glitters is gold)
Only shootin' stars break the mold
(And all that glitters is gold)
Only shootin' stars break the mold",Missing Genre Only
1990s,1997,Gettin' Jiggy Wit It,Will Smith,,73,3.8,False,0.145,0.642,691,31.98,181.9,"(Bring it)
Wooooo
Uh, uh, uh, uh
Haha, haha
What, what, what, what
Uh
On your mark ready set let's go, dance floor pro
I know you know I go psycho (Woo)
When my new joint hit, just can't sit
Gotta get jiggy wit it, ooh, that's it
Now honey honey come ride, DKNY
All up in my eye, you got a Prada
Bag with a lot-a, stuff in it (Ugh, ugh, ugh)
Give it to your friend let's spin, everybody lookin' at me
Glancin' the kid, wishing they was dancin' a jig
Here with this handsome kid, ciga-cigar
Right from Cuba-Cuba, I just bite it
It's for the look, I don't light it
Illway the an-may on the ance-day oor-flay (Haha)
Give it up jiggy make it feel like foreplay (Woo)
Yo my cardio is infinite, ha-ha
Big Willie style's all in it
Gettin' jiggy wit it
(Na na na na na na na)
(Na na na na na na)
Gettin' jiggy wit it
(Na na na na na na na)
(Na na na na na na)
Gettin' jiggy wit it
(Na na na na na na na)
(Na na na na na na)
Gettin' jiggy wit it
(Na na na na na na na)
(Na na na na na na)
What? You want to ball with the kid?
Watch your step (Woo), you might fall trying to do what I did
Mama (Ugh) mama (Ugh) mama come closer
In the middle of the club with the rub-a-dub, uh
No love for the haters, the haters
Mad 'cause I got floor seats at the Lakers
See me on the fifty-yard line with the Raiders
Met Ali—he told me I'm the greatest
I got the fever for the flavor of a crowd-pleaser
DJ play another from the prince of this
Your highness, only mad chicks ride in my whips
South to the West to the East to the North
Bump my hits and watch them go off, a-go off
Ah, yes-yes y'all (Woo), ya don't stop
In the winter or the (Summertime), I makes it hot
Gettin' jiggy wit 'em
(Na na na na na na na)
(Na na na na na na)
Gettin' jiggy wit it
(Na na na na na na na)
(Na na na na na na)
Gettin' jiggy wit it
(Na na na na na na na)
(Na na na na na na)
Gettin' jiggy wit it
(Na na na na na na na)
(Na na na na na na)
Eight-fifty I.S. if you need a lift
Who's the kid in the drop? Who else Will Smith
Living that life some consider a myth
Rock from South Street to one-two-fifth
Women used to tease me, give it to me now nice and easy
Since I moved up like George and Weezie
C.R.E.A.M. to the maximum I be asking 'em
Would you like to bounce with the brother that's platinum?
Never see Will attacking 'em
Rather play ball with Shaq and 'em, flatten 'em
Psych, kidding
Thought I took a spill, but I didn't
Trust the lady of my life she hitting
Hit her with a drop top with the ribbon
Crib for my mom on the outskirts of Philly
You trying to flex on me?
Don't be silly
Gettin' jiggy wit it
(Na na na na na na na)
(Na na na na na na)
Gettin' jiggy wit it
(Na na na na na na na)
(Na na na na na na)
Gettin' jiggy wit it
(Na na na na na na na)
(Na na na na na na)
Gettin' jiggy wit it
(Na na na na na na na)
(Na na na na na na)
Uh uh
(Na na na na na na)
(Na na na na na na)
(Na na na na na na na)
(Na na na na na na)
(Na na na na na na na)
(Na na na na na na)
(Na na na na na na na)
(Na na na na na na)
(Na na na na na na na)
(Na na na na na na na)",Missing Genre Only
1990s,1998,"Tom's Diner - 7"" Version",DNA,,70,3.8,False,0.053,0.581,332,37.65,87.37,"Doo-doo-doo-doo, doo-doo-doo-doo
Doo-doo-doo-doo, doo-doo-doo-doo
Doo-doo-doo-doo, doo-doo-doo-doo
Doo-doo-doo-doo, doo-doo-doo-doo
Doo-doo-doo-doo, doo-doo-doo-doo
Doo-doo-doo-doo, doo-doo-doo-doo
Doo-doo-doo-doo, doo-doo-doo-doo
Doo-doo-doo-doo, doo-doo-doo-doo
Doo-doo-doo-doo, doo-doo-doo-doo
Doo-doo-doo-doo, doo-doo-doo-doo
Doo-doo-doo-doo, doo-doo-doo-doo
Doo-doo-doo-doo, doo-doo-doo-doo
Doo-doo-doo-doo, doo-doo-doo-doo
Doo-doo-doo-doo, doo-doo-doo-doo

I am sitting in the morning
At the diner on the corner
I am waiting at the counter
For the man to pour the coffee
And he fills it only halfway
And before I even argue
He is looking out the window
At somebody coming in

Doo-doo-doo-doo, doo-doo-doo-doo
Doo-doo-doo-doo, doo-doo-doo-doo
Doo-doo-doo-doo, doo-doo-doo-doo
Doo-doo-doo-doo, doo-doo-doo-doo

""It is always nice to see you""
Says the man behind the counter
To the woman who has come in
She is shaking her umbrella
And I look the other way
As they are kissing their hellos and
I'm pretending not to see them
And instead I pour the milk

Doo-doo-doo-doo, doo-doo-doo-doo
Doo-doo-doo-doo, doo-doo-doo-doo
Doo-doo-doo-doo, doo-doo-doo-doo
Doo-doo-doo-doo, doo-doo-doo-doo

I open up the paper
There’s a story of an actor
Who had died while he was drinking
It was no one I had heard of
And I'm turning to the horoscope
And looking for the funnies
When I'm feeling someone watching me
And so I raise my head

Doo-doo-doo-doo, doo-doo-doo-doo
Doo-doo-doo-doo, doo-doo-doo-doo
Doo-doo-doo-doo, doo-doo-doo-doo
Doo-doo-doo-doo, doo-doo-doo-doo
Doo-doo-doo-doo, doo-doo-doo-doo
Doo-doo-doo-doo, doo-doo-doo-doo
Doo-doo-doo-doo, doo-doo-doo-doo
Doo-doo-doo-doo, doo-doo-doo-doo

There's a woman on the outside
Looking inside, does she see me?
No, she does not really see me
‘Cause she sees her own reflection
And I'm trying not to notice
That she's hitching up her skirt and
While she's straightening her stockings
Her hair has gotten wet

Doo-doo-doo-doo, doo-doo-doo-doo
Doo-doo-doo-doo, doo-doo-doo-doo
Doo-doo-doo-doo, doo-doo-doo-doo
Doo-doo-doo-doo, doo-doo-doo-doo

Oh, this rain, it will continue
Through the morning as I'm listening
To the bells of the cathedral
I am thinking of your voice

Doo-doo-doo-doo, doo-doo-doo-doo
Doo-doo-doo-doo, doo-doo-doo-doo
Doo-doo-doo-doo, doo-doo-doo-doo
Doo-doo-doo-doo, doo-doo-doo-doo
Doo-doo-doo-doo, doo-doo-doo-doo
Doo-doo-doo-doo, doo-doo-doo-doo
Doo-doo-doo-doo, doo-doo-doo-doo
Doo-doo-doo-doo, doo-doo-doo-doo
Doo-doo-doo-doo, doo-doo-doo-doo
Doo-doo-doo-doo, doo-doo-doo-doo
Doo-doo-doo-doo, doo-doo-doo-doo
Doo-doo-doo-doo, doo-doo-doo-doo
Doo-doo-doo-doo, doo-doo-doo-doo
Doo-doo-doo-doo, doo-doo-doo-doo
Doo-doo-doo-doo, doo-doo-doo-doo
Doo-doo-doo-doo, doo-doo-doo-doo
Doo-doo-doo-doo, doo-doo-doo-doo
Doo-doo-doo-doo, doo-doo-doo-doo",Both Missing
1990s,1992,What's Up?,4 Non Blondes,,86,4.93,False,0.157,0.43,358,25.14,72.68,"Twenty-five years and my life is still
Tryin' to get up that great big hill of hope
For a destination
I realized quickly when I knew I should
That the world was made up of this brotherhood of man
For whatever that means
And so I cry sometimes when I'm lying in bed
Just to get it all out, what's in my head
And I, I am feeling a little peculiar
And so I wake in the morning and I step outside
And I take a deep breath and I get real high
And I scream from the top of my lungs
""What's going on?""
And I say, hey-ey-ey
Hey-ey-ey
I said ""Hey, a-what's going on?""
And I say, hey-ey-ey
Hey-ey-ey
I said ""Hey, a-what's going on?""
Ooh, ooh
Ooh
Ooh, uh huh
Ooh, ooh
Ooh
Ooh, uh huh
And I try
Oh my God, do I try
I try all the time
In this institution
And I pray
Oh my God, do I pray
I pray every single day
For revolution
And so I cry sometimes when I'm lying in bed
Just to get it all out, what's in my head
And I, I am feeling a little peculiar
And so I wake in the morning and I step outside
And I take a deep breath and I get real high
And I scream from the top of my lungs
""What's going on?""
And I say, hey-ey-ey
Hey-ey-ey
I said ""Hey, what's going on?""
And I say, hey-ey-ey
Hey-ey-ey
I said ""Hey, a-what's going on?""
And I say, hey-ey-ey
(Wake in the morning and step outside)
Hey-ey-ey
(Take a deep breath and I get real high)
(And I scream)
I said ""Hey, a-what's going on?""
And I say, hey-ey-ey
(Wake in the morning and step outside)
Hey-ey, yeah yeah yeah
(Take a deep breath and I get real high)
(And I scream)
I said ""Hey, a-what's going on?""
Ooh, ooh
Ooh
Ooh, uh huh
Twenty-five years and my life is still
Tryin' to get up that great big hill of hope
For a destination, mmm",Missing Genre Only
1990s,1999,No Scrubs,TLC,,82,3.57,False,0.306,0.47,643,14.62,179.94,"Oh
A scrub is a guy that thinks he's fly
And is also known as a busta
Always talkin' 'bout what he wants
And just sits on his broke ass, so
No, I don't want your number
No, I don't wanna give you mine and
No, I don't wanna meet you nowhere
No, don't want none of your time and
No, I don't want no scrub
A scrub is a guy that can't get no love from me
Hangin' out the passenger side of his best friend's ride
Trying to holla at me
I don't want no scrub
A scrub is a guy that can't get no love from me
Hangin' out the passenger side of his best friend's ride
Trying to holla at me
Well, a scrub checkin' me, but his game is kinda weak
And I know that he cannot approach me
'Cause I'm lookin' like class and he's lookin' like trash
Can't get with a deadbeat ass, so
No, I don't want your number
No, I don't wanna give you mine and
No, I don't wanna meet you nowhere
No, don't want none of your time
No, I don't want no scrub
A scrub is a guy that can't get no love from me
Hangin' out the passenger side of his best friend's ride
Trying to holla at me
I don't want no scrub
A scrub is a guy that can't get no love from me
Hangin' out the passenger side of his best friend's ride
Trying to holla at me
If you don't have a car and you're walkin'
Oh, yes, son, I'm talkin' to you
If you live at home with your mama
Oh, yes, son, I'm talkin' to you (Baby)
If you have a shorty that you don't show love
Oh, yes, son, I'm talkin' to you
Wanna get with me with no money, oh no
I don't want no
No scrub
No scrub (No, no)
No scrub (No, no, no, no)
No scrub (No, no)
No, I don't want no scrub
A scrub is a guy that can't get no love from me
Hangin' out the passenger side of his best friend's ride
Trying to holla at me
I don't want no scrub (No)
A scrub is a guy that can't get no love from me
Hangin' out the passenger side of his best friend's ride
Trying to holla at me (Yeah)
I don't want no scrub
A scrub is a guy that can't get no love from me
Hangin' out the passenger side of his best friend's ride
Trying to holla at me
I don't want no scrub
A scrub is a guy that can't get no love from me
Hangin' out the passenger side of his best friend's ride
Trying to holla at me
I don't want no scrub
A scrub is a guy that can't get no love from me
Hangin' out the passenger side of his best friend's ride
Trying to holla at me
I don't want no scrub
A scrub is a guy that can't get no love from me
Hangin' out the passenger side of his best friend's ride
Trying to holla at me
I don't want no scrub
A scrub is a guy that can't get no love from me
Hangin' out the passenger side of his best friend's ride
Trying to holla at me
I don't want no scrub
A scrub is a guy that can't get no love from me
Hangin' out the passenger side of his...",Missing Genre Only
1990s,1997,"Men In Black - From ""Men In Black"" Soundtrack",Will Smith,,67,3.79,False,-0.062,0.488,577,34.14,152.24,"[Intro: Will Smith & 
Coko
]
Woo
Here come the Men in Black
It's the MiBs, uhh, here come the MiBs
Here come the Men in Black (Men in Black)
They won't let you remember
Nah, nah, nah

The good guys dress in black, remember that
Just in case we ever face-to-face and make contact
The title held by me: MiB
Means what you think you saw, you did not see
So don't blink, B, what was there is now gone
Black suit with the black Ray-Bans on
Walk in shadow, move in silence
Guard against extraterrestrial violence
But yo, we ain't on no government list
We straight don't exist, no names and no fingerprints
Saw somethin' strange? Watch your back
'Cause you never quite know where the MiBs is at
Uh, and

Here come the Men in Black (Men in Black)
The galaxy defenders (Oh-oh, oh-oh)
Here come the Men in Black (Men in Black)
They won't let you remember (Won't let you remember)

Uh-uh, uh-uh, now

From the deepest of the darkest of night
On the horizon, bright light enters sight, tight
Cameras zoom on the impendin' doom
But then like ""boom"", black suits fill the room up
With the quickness, talk with the witnesses
Hypnotizer, neuralyzer
Vivid memories turn to fantasies
Ain't no MiBs, can I please?
Do what we say, that's the way we kick it
Yeah, know I mean? I see my noisy cricket get wicked on ya
We're your first, last, and only line of defense
Against the worst scum of the Universe
So don't fear us, cheer us
If you ever get near us, don't jeer us, we're the fearless
MiBs, freezin' up all the flak
(What's that stand for?) Men in Black

Uh, M (The Men in Black) uh, uh, uh, uh
Uh, uh, uh, uh (The Men in Black)
Uh, uh, uh, uh, uh, uh, ah, ah, uh, uh
Let me see you just bounce it with me, just bounce with me 
(Bounce with me)
Just bounce it with me, c'mon
Let me see ya just slide with me, just slide with me 
(Slide, slide, slide, slide)
Just slide with me, c'mon
Let me see you take a walk with me, just walk it with me 
(Walk with me)
Take a walk with me, c'mon
And make your neck work
Now freeze 
(Uh, huh, uh-huh)

Here come the Men in Black (Men in Black)
The galaxy defenders (Ooh-ooh, ooh, ooh-ooh)
Here come the Men in Black (Men in Black)
They won't let you remember (No, no)

All right, check it, let me tell you this in closin'
I know we might seem imposin'
But trust me, if we ever show in your section
Believe me, it's for your own protection
'Cause we see things that you need not see
And we be places that you need not be
So go with your life, forget that Roswell crap
Show love to the black suit, 'cause that's the Men in
That's the Men in

Here come the Men in Black (Here they come)
The galaxy defenders (Galaxy defenders)
Here come the Men in Black (Oh, here they come)
They won't let you remember (Won't let you remember)
Here come the Men in Black (Ohh, here they come)
The galaxy defenders (Oh-oh, oh-oh, oh-oh)
Here come the Men in Black
They won't let you remember",Both Missing
1990s,1999,Mambo No. 5 (a Little Bit of...),Lou Bega,,78,3.67,False,-0.026,0.466,419,33.17,114.12,"Ladies and gentlemen, this is Mambo Number 5
One, two, three, four, five
Everybody in the car, so come on, let's ride
To the liquor store around the corner
The boys say they want some gin and juice
But I really don't wanna beer-bust, like I had last week
I must stay deep, 'cause talk is cheap
I like Angela, Pamela, Sandra, and Rita
And as I continue, you know they gettin' sweeter
So what can I do? I really beg you, my Lord
To me, flirtin' is just like a sport
Anything fly, it's all good, let me dump it
Please set in the trumpet
A little bit of Monica in my life
A little bit of Erica by my side
A little bit of Rita's all I need
A little bit of Tina's what I see
A little bit of Sandra in the sun
A little bit of Mary all night long
A little bit of Jessica, here I am
A little bit of you makes me your man (Ha)
Mambo Number 5 (Ha)
Jump up and down and move it all around
Shake your head to the sound, put your hands on the ground
Take one step left and one step right
One to the front and one to the side
Clap your hands once and clap your hands twice
And if it looks like this, then you're doin' it right
A little bit of Monica in my life
A little bit of Erica by my side
A little bit of Rita's all I need
A little bit of Tina's what I see
A little bit of Sandra in the sun
A little bit of Mary all night long
A little bit of Jessica, here I am
A little bit of you makes me your man (Ha)
(Ha) Trumpet
The trumpet
Mambo Number 5
Ha-ha-ha
A little bit of Monica in my life
A little bit of Erica by my side
A little bit of Rita's all I need
A little bit of Tina's what I see
A little bit of Sandra in the sun
A little bit of Mary all night long
A little bit of Jessica, here I am
A little bit of you makes me your man (Ooh)
I do all to
Fall in love with a girl like you
'Cause you can't run and you can't hide
You and me gonna touch the sky
Mambo Number 5 (Ha)",Missing Genre Only
1990s,1999,I Want It That Way,Backstreet Boys,,84,3.56,False,-0.152,0.43,297,21.89,83.54,"Yeah
You are my fire
The one desire
Believe when I say
I want it that way
But we are two worlds apart
Can't reach to your heart
When you say
That I want it that way
Tell me why
Ain't nothin' but a heartache
Tell me why
Ain't nothing but a mistake
Tell me why
I never wanna hear you say
I want it that way
Am I your 
fire?
Your one 
desire
Yes, I know it's too late
But I want it that way
Tell me why
Ain't nothin' but a heartache
Tell me why
Ain't nothin' but a mistake
Tell me why
I never wanna hear you say
I want it that way
Now I can see that we've fallen apart
From the way that it used to be, 
yeah
No matter the distance, I want you to know
That deep down inside of me
You are my fire
The one desire
You are (You are, you are, you are)
Don't wanna hear you say
Ain't nothin' but a heartache (Hey, yeah)
Ain't nothin' but a mistake (Don't wanna hear you say)
I never wanna hear you say (Oh, yeah)
I want it that way
Tell me why
Ain't nothin' but a heartache
Tell me why
Ain't nothin' but a mistake
Tell me why
I never wanna hear you say (
Don't wanna hear you say
)
I want it that way
Tell me why
Ain't nothin' but a heartache
Ain't nothin' but a mistake
Tell me why
I never wanna hear you say (
Never wanna hear you say, yeah
)
I want it that way
'Cause I want it that way",Missing Genre Only
1990s,1999,The Bad Touch,Bloodhound Gang,,75,4.34,True,0.121,0.547,454,37.67,104.57,"Ha-Ha! Well now, we call this the act of mating
But there are several other very important differences
Between human beings and animals that you should know about
(I'd appreciate your input)
Sweat baby, sweat baby, sex is a Texas drought
Me and you do the kind of stuff that only Prince would sing about
So put your hands down my pants and I'll bet you'll feel nuts
Yes, I'm Siskel, yes, I'm Ebert and you're getting two thumbs up
You've had enough of two-hand touch, you want it rough, you're out of bounds
I want you smothered, want you covered, like my Waffle House hash browns
Come quicker than FedEx, never reach an apex, just like Coca-Cola stock, you are inclined
To make me rise an hour early, just like Daylight Savings Time
Do it now
You and me, baby, ain't nothing but mammals
So let's do it like they do on the Discovery Channel
Do it again now
You and me, baby, ain't nothing but mammals
So let's do it like they do on the Discovery Channel
Getting horny now
Love, the kind you clean up with a mop and bucket
Like the lost catacombs of Egypt, only God knows where we stuck it
Hieroglyphics, let me be Pacific: I wanna be down in your South Seas
But I got this notion that the motion of your ocean means ""Small Craft Advisory""
So if I capsize on your thighs high tide, B-5, you sunk my battleship
Please turn me on, I'm Mister Coffee with an automatic drip
So show me yours, I'll show you mine, ""Tool Time,"" you'll Lovett just like Lyle
And then we'll do it doggy style so we can both watch ""X-Files""
Do it now
You and me, baby, ain't nothing but mammals
So let's do it like they do on the Discovery Channel
Do it again now
You and me, baby, ain't nothing but mammals
So let's do it like they do on the Discovery Channel
Getting horny now
You and me, baby, ain't nothing but mammals
So let's do it like they do on the Discovery Channel
Do it again now
You and me, baby, ain't nothing but mammals
So let's do it like they do on the Discovery Channel
Do it now
You and me, baby, ain't nothing but mammals
So let's do it like they do on the Discovery Channel
Do it again now
You and me, baby, ain't nothing but mammals
So let's do it like they do on the Discovery Channel
Getting horny now",Missing Genre Only
1990s,1995,1979 - Remastered 2012,The Smashing Pumpkins,"alternative rock, rock",80,4.44,False,0.115,0.653,230,52.61,51.8,"Shakedown 1979
Cool kids never have the time
On a live wire right up off the street
You and I should meet

Junebug skippin' like a stone
With the headlights pointed at the dawn
We were sure we'd never see an end to it all

And I don't even care
To shake these zipper blues
And we don't know
Just where our bones will rest
To dust I guess
Forgotten and absorbed into the earth
Below

Double-cross the vacant and the bored
They're not sure just what we have in store
Morphine city slippin' dues, down to see

That we don't even care
As restless as we are
We feel the pull
In the land of a thousand guilts
And poured cement

Lamented and assured
To the lights and towns below
Faster than the speed of sound
Faster than we thought we'd go
Beneath the sound of hope

Justine never knew the rules
Hung down with the freaks and ghouls
No apologies ever need be made
I know you better than you fake it, to see

That we don't even care
To shake these zipper blues
And we don't know
Just where our bones will rest
To dust I guess
Forgotten and absorbed into the earth
Below

The street heats the urgency of now
As you see there's no one around",Missing Lyrics Only
1990s,2021,Nothing Else Matters - Remastered 2021,Metallica,"metal, thrash metal, rock, heavy metal, hard rock",83,6.48,False,0.168,0.615,228,28.51,35.19,"So close, no matter how far
Couldn't be much more from the heart
Forever trusting who we are
And nothing else matters

Never opened myself this way
Life is ours, we live it our way
All these words, I don't just say
And nothing else matters
Trust I seek and I find in you
Every day for us something new
Open mind for a different view
And nothing else matters

Never cared for what they do
Never cared for what they know
But I know

So close, no matter how far
It couldn't be much more from the heart
Forever trusting who we are
And nothing else matters

Never cared for what they do
Never cared for what they know
But I know


I never opened myself this way
Life is ours, we live it our way
All these words, I don't just say
And nothing else matters
Trust I seek and I find in you
Every day for us something new
Open mind for a different view
And nothing else matters

Never cared for what they say
Never cared for games they play
Never cared for what they do
Never cared for what they know
And I know, yeah, yeah


So close, no matter how far
Couldn't be much more from the heart
Forever trusting who we are
No, nothing else matters",Missing Lyrics Only
1990s,1999,Say My Name,Destiny's Child,,79,4.52,False,0.03,0.456,1012,15.81,223.78,"(
Darkchild '99
)
Say my name, say my name
If no one is around you, say, ""Baby, I love you""
If you ain't runnin' game
Say my name, say my name
You actin' kinda shady, ain't callin' me ""baby""
Why the sudden change?
Say my name, say my name
If no one is around you, say, ""Baby, I love you""
If you ain't runnin' game
Say my name, say my name
You actin' kinda shady, ain't callin' me ""baby""
Better say my name
Any other day I would call, you would say
""Baby, how's your day?"" But today, it ain't the same
Every other word is ""Uh-huh, yeah, okay""
Could it be that you are at the crib with another lady?
If you took it there, first of all, let me say
I am not the one to sit around and be played
So prove yourself to me if I'm the girl that you claim
Why don't you say the things that you said to me yesterday?
I know you say that I am assuming things
Something's goin' down, that's the way it seems
Shouldn't be no reason why you're actin' strange
If nobody's holdin' you back from me
'Cause I know how you usually do
Where you're sayin' everything to me times two
Why can't you just tell the truth?
If somebody's there then tell me who
Say my name, say my name (Say my name, is around you)
If no one is around you, say, ""Baby, I love you"" (Love you)
If you ain't runnin' game
Say my name, say my name (Say my name, say my name)
You actin' kinda shady, ain't callin' me ""baby"" (Baby, yeah, yeah)
Why the sudden change?
Say my name, say my name
If no one is around you, say, ""Baby, I love you""
 (Ye-yeah, ye-yeah, yeah)
If you ain't runnin' game
 (No, no, no, no, no, no)
Say my name, say my name
You actin' kinda shady, ain't callin' me ""baby""
Better say my name
What is up with this? Tell the truth, who you with?
How would you like it if I came over with my clique?
Don't try to change it now sayin' you gotta bounce
When two seconds ago said you just got in the house
It's hard to believe that you are at home by yourself
When I just heard the voice, heard the voice of someone else
Just this question, why do you feel you gotta lie?
Gettin' caught up in your game when you cannot say my name
I know you say that I am assuming things
Something's goin' down, that's the way it seems
Shouldn't be no reason why you're actin' strange
If nobody's holdin' you back from me
'Cause I know how you usually do
Where you're sayin' everything to me times two
Why can't you just tell the truth?
If somebody's there then tell me who
Say my name, say my name (Say my name)
If no one is around you, say, ""Baby, I love you"" (I love you)
If you ain't runnin' game
Say my name, say my name (Say my name, say my name)
You actin' kinda shady, ain't callin' me ""baby"" (Say my name)
Why the sudden change? (Sudden change)
Say my name, say my name (Say my name)
If no one is around you, say, ""Baby, I love you""
 (If ain't nothin' changed, oh)
If you ain't runnin' game
 (Baby, say my name)
Say my name, say my name
You actin' kinda shady, ain't callin' me ""baby""
 (Ooh, oh)
Better say my name
Oh, yeah (Where my ladies at?)
Ye-yeah, ye-yeah, yeah (Please say that, come on)
Ye-yeah, ye-yeah, ye-yeah, ye-yeah (All the girls say)
Ye-yeah, ye-yeah (I can't hear ya)
Ye-yeah, ye-yeah, ye-yeah, ye-yeah (All the girls say)
Ye-yeah, ye-yeah, ye-yeah, ye-yeah (All the girls say)
Ye-yeah, ye-yeah, ye-yeah, ye-yeah
Ye-yeah, ye-yeah (Break it down)
Oh, woah, woah (Ye-ye-yeah)
(Uh, uh-uh, DC, take it to the bridge, come on)
I know you say that I am assuming things
Something's goin' down, that's the way it seems
Shouldn't be no reason why you're actin' strange
If nobody's holdin' you back from me
'Cause I know how you usually do
Where you're sayin' everything to me times two
Why can't you just tell the truth?
If somebody's there then tell me who
Say my name, say my name
If no one is around you, say, ""Baby, I love you"" (If no one is around you)
If you ain't runnin' game (Call me your boo)
Say my name, say my name (And tell me what you love to do)
You actin' kinda shady, ain't callin' me ""baby"" (Woah)
Why the sudden change?
Say my name, say my name
If no one is around you, say, ""Baby, I love you""
 (Say, ""Baby, I love you"")
If you ain't runnin' game
 (Baby, say my name)
Say my name, say my name
 (Say my name, say my name)
You actin' kinda shady, ain't callin' me ""baby""
 (Shady, baby)
Better say my name
Say my name, say my name
If no one is around you, say, ""Baby, I love you"" (Say, ""Baby, I love you"")
If you ain't runnin' game
Say my name, say my name (Say my name)
You actin' kinda shady, ain't callin' me ""baby"" (Say my name)
Why the sudden change? (Ye-yeah, ye-yeah)
Say my name, say my name (Ye-yeah, ye-yeah)
If no one is around you
 (Ye-yeah, ye-yeah)
Say, ""Baby, I love you""
 (Ye-yeah, ye-yeah, ye-yeah, ye-yeah)
If you ain't runnin' game
 (Ye-yeah, ye-yeah)
Say my name, say my name
 (Ye-yeah, ye-yeah)
You actin' kinda shady (Ye-yeah, ye-yeah)
Ain't callin' me ""baby""
 (Ye-yeah, ye-yeah, ye-yeah, ye-yeah)
Better say my name
Thou shalt know she can't love you",Missing Genre Only
2000s,2002,Dilemma,Nelly,,82,4.82,True,0.062,0.625,923,18.96,191.52,"Uh, uh
Check it, check it
Uh, uh, uh
I love you
And I need you
Nelly, I (Uh) love you
I do (Check it) need you
No matter what I do (Woo)
All I think about is you (Uh-huh)
Even when I'm with my boo
Boy, you know I'm crazy over you (Check it)
No matter what I do (Check it, check it, check it)
All I think about is you (Check it, check it, check it)
Even when I'm with my boo (Check it, check it, check it)
You know I'm crazy over you (Check it, check it, check it) (Uh, uh, uh, uh)
I met this chick and she just moved right up the block from me (And, uh)
She got the hots for me, the finest thing my hood done seen
But oh no, no
She got a man and a son though, oh (Check it)
But that's okay 'cause I
Wait for my cue and just listen, play my position
Like a shortstop, pick up everything mami hittin'
And in no time (No time)
I plan to make this one here mine
And that's for sure 'cause I
I never been the type to (Never) break up a happy home (But, uh)
There's somethin' 'bout baby girl, I just can't leave alone
So tell me, ma, what's it gonna be?
She said, ""You don't know what you mean to me"" (Come on)
No matter what I do (Woo)
All I think about is you (Uh-huh)
Even when I'm with my boo (Ooh)
Boy, you know I'm crazy over you
No matter what I do (Check it)
All I think about is you (Check it, check it, check it)
Even when I'm with my boo (Check it, check it, check it)
You know I'm crazy over you (Check it, check it, check it) (Uh, uh, uh, uh)
I see y'all out and you lookin', I never say a word
I know how niggas start actin', trippin', I heard about they girls (Uh)
And there's no way
Nelly gon' fight over no dame (I ain't gon' fight over no dame)
As you can see (But I)
I like your steeze, your style, your whole demeanor
The way you come through and holla and swoop me in his two-seater
Now that's gangster
And I got special ways to thank ya
Don't you forget it (But, uh)
It ain't that easy for you to pack up and leave him (But, uh)
You and Derrty got ties for different reasons
I respect that, and right before I turn to leave
She said, ""You don't know what you mean to me"" (She said, she said, she said, come on)
No matter what I do (Woo)
All I think about is you
Even when I'm with my boo (Yeah)
Boy, you know I'm crazy over you (Uh, uh, put your hands up)
No matter what I do (Put your hands up)
All I think about is you (Uh, yeah, yeah)
Even when I'm with my boo
You know I'm crazy over you (Sing it for me, K)
And I love you (
Word?
)
And I need you (
Yeah, uh
)
Nelly, I love you (
Uh
)
I do (
Come on, girl
)
And it's more than you'll ever know
Boy, it's for sure
You can
 always count on my love (
Uh
)
Forevermore (
Uh
), yeah (
Uh
), yeah (
Woo
)
East Coast, I know you shakin' right (Uh-huh)
Down South, I know you bouncin' right (Yeah)
West Coast, I know you walkin' right ('Cause, uh, uh, uh)
You don't know what you mean to me (Midwest, I see you swangin' right)
No matter what I do (Yeah)
All I think about is you (Uh, uh)
Even when I'm with my boo
Boy, you know I'm crazy over you (Uh, uh, uh, yeah)
No matter what I do (Yeah)
All I think about is you (Check it)
Even when I'm with my boo (Check it, check it, check it)
You know I'm crazy over you (Check it, check it, check it)
East Coast, I know you shakin' right (Uh-huh)
Down South, I know you bouncin' right (Uh-huh)
West Coast, I know you walkin' right
You don't know what you mean to me (Midwest, I see you swangin' right)
East Coast, you still shakin' right (Uh-huh)
Down South, I see you bouncin' right (Uh-huh)
West Coast, I know you walkin' right ('Cause)
You don't know what you mean to me (Midwest, I see you swangin' right)
No matter what I do (Woo)
All I think about is you (Uh-huh)
Even when I'm with my boo
Boy, you know I'm crazy over you (Uh, uh)
No matter what I do (Uh-huh)
All I think about is you
Even when I'm with my boo (Check it)
You know I'm crazy over you (Yeah, yeah)
East Coast, I know you shakin' right (What?)
Down South, I know you bouncin' right (Derrty, Derrty, ma)
West Coast, I know you walkin' right (Derrty, Derrty)
You don't know what you mean to me (Midwest, I see you swangin' right)
East Coast, you still shakin' right (Yeah)
Down South, I see you bouncin' right (Derrty, Derrty)
West Coast, I know you walkin' right (Uh, uh, uh)
You don't know what you mean to me (Midwest, I see you swangin' right)",Missing Genre Only
2000s,2005,Hung Up,Madonna,,79,5.63,False,-0.274,0.506,541,14.42,96.11,"Time goes by so slowly
Time goes by so slowly
Time goes by so slowly
Time goes by so slowly
Time goes by so slowly
Time goes by so slowly
Every little thing that you say or do
I'm hung up, I'm hung up on you
Waiting for your call, baby, night and day
I'm fed up, I'm tired of waiting on you
Time goes by so slowly for those who wait
No time to hesitate
Those who run seem to have all the fun
I'm caught up, I don't know what to do
Time goes by so slowly
Time goes by so slowly
Time goes by so slowly
I don't know what to do
Every little thing that you say or do
I'm hung up, I'm hung up on you
Waiting for your call, baby, night and day
I'm fed up, I'm tired of waiting on you
Every little thing that you say or do
I'm hung up, I'm hung up on you
Waiting for your call, baby, night and day
I'm fed up, I'm tired of waiting on you
Ring, ring, ring goes the telephone
The lights are on, but there's no one home
Tick tick tock, it's a quarter to two
And I'm done, I'm hanging up on you
I can't keep on waiting for you
I know that you're still hesitating
Don't cry for me, 'cause I'll find my way
You'll wake up one day, but it'll be too late
Every little thing that you say or do
I'm hung up, I'm hung up on you
Waiting for your call, baby, night and day
I'm fed up, I'm tired of waiting on you
Every little thing that you say or do
I'm hung up, I'm hung up on you
Waiting for your call, baby, night and day
I'm fed up, I'm tired of waiting on you
Every little thing, every little thing
I'm hung up, I'm hung up on you
Waiting for your call, waiting for your call
I'm fed up, I'm tired of waiting on you
Time goes by so slowly
Time goes by so slowly
Time goes by so slowly
Time goes by so slowly
So slowly, so slowly, so slowly
So slowly, so slowly, so slowly
So slowly, so slowly, so slowly
So slowly, so slowly, so slowly, so slowly, so
I don't know what to do
Every little thing that you say or do
I'm hung up, I'm hung up on you
Waiting for your call, baby, night and day
I'm fed up, I'm tired of waiting on you
Every little thing that you say or do
I'm hung up, I'm hung up on you
Waiting for your call, baby, night and day
I'm fed up, I'm tired of waiting on you
Every little thing, every little thing
I'm hung up, I'm hung up on you
Waiting for your call, waiting for your call
I'm fed up, I'm tired of waiting on you",Missing Genre Only
2000s,2001,"Lady Marmalade - From ""Moulin Rouge"" Soundtrack",Christina Aguilera,,67,4.41,False,0.278,0.546,486,39.3,110.2,"Where's all my soul sistas?
Lemme hear y'all flow sistas
Hey, sista, go, sista, soul sista, flow sista (Uh)
Hey, sista, go, sista, soul sista, go, sista (Uh)

He met Marmalade down in old Moulin Rouge
Struttin' her stuff on the street
She said, ""Hello, hey, Joe
You wanna give it a go?"" Oh, uh-huh

Gitchie, gitchie, ya-ya, da-da (Hey, hey, hey)
Gitchie, gitchie, ya-ya, here (Here, oh)
Mocha Chocolata, ya-ya (Ooh, yeah, uh)
Creole Lady Marmalade (What-what, what-what, what-what?)
Oh-oh

Voulez-vous coucher avec moi, ce soir? (Oh-oh)
Voulez-vous coucher avec moi?
Yeah, yeah, yeah, yeah

He sat in her boudoir while she freshened up (Hey, sista, go, sista, soul sista, flow sista)
Boy drank all that Magnolia wine (Hey, sista, go, sista, soul sista, go, sista)
On her black satin sheets where he started to freak, yeah

Gitchie, gitchie, ya-ya, da-da (Da-da-da, uh-huh, uh-huh)
Gitchie, gitchie, ya-ya, here, ooh, yeah, yeah
Mocha Chocolata, ya-ya (Yeah, yeah)
Creole Lady Marmalade, uh

Voulez-vous coucher avec moi, ce soir? (Ce soir)
(What, what, what)
Voulez-vous coucher avec moi?
Ooh

Yeah, yeah, uh
We come through with the money and the garter belts
Let him know we 'bout that cake straight out the gate (Uh)
We independent women, some mistake us for whores
I'm sayin', ""Why spend mine when I can spend yours?""
Disagree? Well, that's you, and I'm sorry
I'ma keep playing these cats out 
like Atari
Wear high heel shoes, get love from the dudes
Four badass chicks from the Moulin Rouge, uh
Hey, sistas, soul sistas
Betta get that dough, sistas
We drink wine with diamonds in the glass
By the case, the meaning of expensive taste
If you wanna Gitchie, Gitchie, ya-ya (Come on)
Mocha Chocolata (What?)
Creole Lady Marmalade
One more time, c'mon now

Marmalade (Ooh, oh)
Lady Marmalade (Ooh, yeah, yeah)
Marmalade (
No, oh, yeah
)
Hey, hey, hey!
(Uh, uh, uh, uh, uh, uh, uh!)

Touch of her skin, feeling silky smooth, oh
Color of café au lait, alright
Made the savage beast inside roar until he cried
More (More), more (More), more
(Uh, uh, uh, uh, uh, uh, uh!)

Now he's back home doin' nine to five (
Nine to five
)
He's livin' the grey flannel life
But when he turns off to sleep, memories creep
More (*More*), more (*More*), more (More!) (*More*)

Gitchie, gitchie, ya-ya, da-da (Da-da, yeah)
Gitchie, gitchie, ya-ya, here (Ooh)
Mocha Chocolata, ya-ya (Oh, yeah)
Creole Lady Marmalade, hey

Voulez-vous coucher avec moi, ce soir? (Ce soir)
(Ce soir)
Voulez-vous coucher avec moi?
(All my sistas, yeah)
*Voulez-vous coucher avec moi, ce soir*?
(Ce soir)
*Voulez-vous coucher avec moi?* **Oh**
(C'mon! Uh)

Christina (
Hey, oh
)
P!nk (
Lady Marmalade
)
Lil' Kim (
Hey, hey, uh, uh, uh, uh, uh, uh, uh
)
Mýa (*Oh, oh, ooh, yeah*)
Rockwilder, baby (
Baby
)
Moulin Rouge (
Oh-ooh
, *da-da*)
Misdemeanor here
**Creole Lady Marmalade
Ooh, ooh, yes-ah**",Both Missing
2000s,2009,Meet Me Halfway,Black Eyed Peas,,81,4.74,False,-0.061,0.529,512,21.29,108.03,"Ooh, I can't go any further than this
Ooh, I want you so badly, it's my biggest wish
Cool, I spend my time just thinking, thinking, thinking 'bout you
Every single day, yes, I'm really missing, missing you
And all those things we used to, used to, used to, used to do
Hey girl, what's up? It used to, used to be just me and you
I spend my time just thinking, thinking, thinking 'bout you
Every single day, yes, I'm really missing, missing you
And all those things we used to, used to, used—, used to do
Hey girl, what's up? Yo, what's up? What's up?
Can you meet me halfway? Right at the borderline
That's where I'm gonna wait for you
I'll be looking out, night and day
Took my heart to the limit, and this is where I'll stay
(Oh, oh) I can't go any further than this
(Oh, oh) I want you so bad, it's my only wish
Girl, I travel 'round the world and even sail the seven seas
Across the universe and all the other galaxies
Just tell me where to go, just tell me where you wanna meet
I navigate myself, myself to take me where you be
'Cause, girl, I want, I, I, I want you right now
I travel uptown, 'town, I travel downtown
Wanna have you around, 'round like every single day
I love you always, 'ways, I'll meet you halfway
Can you meet me halfway? Right at the borderline
That's where I'm gonna wait for you
I'll be looking out, night and day
Took my heart to the limit, and this is where I'll stay
(Oh, oh) I can't go any further than this
(Oh, oh) I want you so bad, it's my only wish
(Oh, oh) I can't go any further than this
(Oh, oh) I want you so bad, it's my only wish
Let's cross the bridge to the other side
Just you and I (Just you and I)
I will fly, fly the skies
For you and I (For you and I)
I will try until I die
For you and I, for you and I
For, for, for you and I
For, for, for, for you and I
For, for you and I (For you and I)
Can you meet me halfway?
Can you meet me halfway?
Can you meet me halfway?
Can you meet me halfway?
Meet me halfway, right at the borderline
That's where I'm gonna wait for you
I'll be looking out, night and day
Took my heart to the limit, and this is where I'll stay
(Oh, oh) I can't go any further than this
(Oh, oh) I want you so bad, it's my only wish
(Oh, oh) I can't go any further than this
(Oh, oh) I want you so bad, it's my only wish",Missing Genre Only
2000s,2002,Sk8er Boi,Avril Lavigne,,79,3.4,False,0.143,0.465,406,36.21,119.41,"He was a boy, she was a girl
Can I make it any more obvious?
He was a punk, she did ballet
What more can I say?
He wanted her, she'd never tell
Secretly, she wanted him as well
But all of her friends stuck up their nose
And they had a problem with his baggy clothes
He was a skater boy, she said, ""See you later, boy""
He wasn't good enough for her
She had a pretty face, but her head was up in space
She needed to come back down to earth
Five years from now, she sits at home
Feedin' the baby, she's all alone
She turns on TV, guess who she sees?
Skater boy rockin' up MTV
She calls up her friends, they already know
And they've all got tickets to see his show
She tags along and stands in the crowd
Looks up at the man that she turned down
He was a skater boy, she said, ""See you later, boy""
He wasn't good enough for her
Now he's a superstar, slammin' on his guitar
Does your pretty face see what he's worth?
He was a skater boy, she said, ""See you later, boy""
He wasn't good enough for her
Now he's a superstar, slammin' on his guitar
Does your pretty face see what he's worth?
Sorry, girl, but you missed out
Well, tough luck, that boy's mine now
We are more than just good friends
This is how the story ends
Too bad that you couldn't see
I see the man that boy could be
There is more than meets the eye
I see the soul that is inside
He's just a boy, and I'm just a girl
Can I make it any more obvious?
We are in love, haven't you heard
How we rock each other's world?
(Yeah-yeah-yeah)
I'm with the skater boy (Yeah-yeah-yeah)
I said, ""See you later, boy"" (Yeah-yeah-yeah)
I'll be backstage after the show (Yeah-yeah-yeah)
I'll be at our studio (Yeah-yeah-yeah)
Singin' the song we wrote (Yeah-yeah-yeah)
About a girl you used to know (Yeah-yeah-yeah)
I'm with the skater boy (Yeah-yeah-yeah)
I said, ""See you later, boy"" (Yeah-yeah-yeah)
I'll be backstage after the show (Yeah-yeah-yeah)
I'll be at our studio (Yeah-yeah-yeah)
Singin' the song we wrote (Yeah-yeah-yeah)
About a girl you used to know",Missing Genre Only
2000s,2009,I Gotta Feeling,Black Eyed Peas,,83,4.82,False,0.497,0.556,695,15.54,144.22,"I got a feelin'
That tonight's gonna be a good night
That tonight's gonna be a good night
That tonight's gonna be a good, good night
A feelin'
That tonight's gonna be a good night
That tonight's gonna be a good night
That tonight's gonna be a good, good night
A feelin', woo-hoo
That tonight's gonna be a good night
That tonight's gonna be a good night
That tonight's gonna be a good, good night
A feelin', woo-hoo
That tonight's gonna be a good night
That tonight's gonna be a good night
That tonight's gonna be a good, good night
 (I feel)
Tonight's the night, let's live it up
I got my money, let's spend it up (I feel)
Go out and smash it, like, ""Oh my God!""
Jump off that sofa, let's kick it off (I feel)
I know that we'll have a ball
If we get down and go out and just lose it all
I feel
 stressed out, I wanna let it go
Let's go way out, spaced out, and losin' all control (I feel)
Fill up my cup, mazel tov
Look at her dancin', just take it off (I feel)
Let's paint the town, we'll shut it down
Let's burn the roof
And then we'll do it again (I feel)
Let's do it, let's do it, let's do it
Let's do it, and do it, and do it, let's live it up (I feel)
And do it, and do it, and do it, do it, do it
Let's do it, let's do it, let's do it
'Cause I got a feelin', 
woo-hoo
That tonight's gonna be a good night
That tonight's gonna be a good night
That tonight's gonna be a good, good night
A feelin', 
woo-hoo
That tonight's gonna be a good night
That tonight's gonna be a good night
That tonight's gonna be a good, good night
 (I feel)
Tonight's the night (Hey), let's live it up (Let's live it up)
I got my money (I'm payin'), let's spend it up (Let's spend it up)
Go out and smash it (Smash it), like, ""Oh my God!"" (Like, ""Oh my God!"")
Jump off that sofa (Come on), let's kick it off
Fill up my cup (
Drank
), mazel tov (L'chaim)
Look at her dancin' (Move it, move it), just take it off
Let's paint the town (Paint the town), we'll shut it down (Shut it down)
Let's burn the roof (Woo)
And then we'll do it again
Let's do it, let's do it, let's do it (Let's do it)
Let's do it, and do it (Do it), and do it, let's live it up
And do it (Do it), and do it (And do it)
And do it, do it, do it (And, and, and do it)
Let's do it (And do it), let's do it (And do it)
Let's do it, do it, do it, do it (Hey, hey, hey)
Here we come, here we go, we gotta rock
Easy come, easy go, now we on top (I feel)
Fill the shot, body rock, rock it, don't stop
'Round and 'round, up and down, around the clock (I feel)
Monday, Tuesday, Wednesday and Thursday (Do it)
Friday, Saturday, Saturday to Sunday (Do it)
Get-get-get-get-get with us, you know what we say (Say)
Party every day, pa-pa-pa-party every day
And I'm feelin', woo-hoo
That tonight's gonna be a good night
That tonight's gonna be a good night
That tonight's gonna be a good, good night
A feelin', woo-hoo
That tonight's gonna be a good night
That tonight's gonna be a good night
That tonight's gonna be a good, good night
Woo-hoo",Missing Genre Only
2000s,2008,Don't Stop The Music,Rihanna,,85,4.45,False,0.053,0.768,683,17.13,153.44,"Please don't stop the music (Music, music, music, music)
Please don't stop the music (Music, music, music, music)
Please don't stop the music (Music, music, music, music)
Please don't stop the music (Music, music, music, music)
It's gettin' late, I'm makin' my way over to my favorite place
I gotta get my body moving, shake the stress away
I wasn't looking for nobody when you looked my way
Possible candidate, yeah
Who knew that you'd be up in here lookin' like you do?
You're making stayin' over here impossible
Baby, I'ma say your aura is incredible
If you don't have to go, don't
Do you know what you started? I just came here to party
But now we're rockin' on the dance floor, actin' naughty
Your hands around my waist, just let the music play
We're hand in hand, chest to chest, and now, we're face to face
I wanna take you away
Let's escape into the music, DJ, let it play
I just can't refuse it, like the way you do this, keep on rockin' to it
Please don't stop the, please don't stop the music
I wanna take you away (Ah, ah, ah, ah-ah)
Let's escape into the music, DJ, let it play
I just can't refuse it (Ah, ah, ah, ah-ah)
Like the way you do this, keep on rockin' to it
Please don't stop the, please don't stop the, please don't stop the music
Baby, are you ready? 'Cause it's gettin' close
Don't you feel the passion ready to explode?
What goes on between us, no one has to know
This is a private show, oh
Do you know what you started? I just came here to party
But now we're rockin' on the dance floor, actin' naughty
Your hands around my waist, just let the music play
We're hand in hand, chest to chest, and now, we're face to face
I wanna take you away (Ah, ah, ah, ah-ah)
Let's escape into the music, DJ, let it play
I just can't refuse it (Ah, ah, ah, ah-ah)
Like the way you do this, keep on rockin' to it
Please don't stop the, please don't stop the music
I wanna take you away
Let's escape into the music, DJ, let it play
I just can't refuse it, like the way you do this, keep on rockin' to it
Please don't stop the, please don't stop the, please don't stop the music
Mama-say, mama-sa, ma-ma-ko-ssa
Mama-say, mama-sa, ma-ma-ko-ssa
Mama-say, mama-sa, ma-ma-ko-ssa
Mama-say, mama-sa, ma-ma-ko-ssa (
Please don't stop the music
)
Mama-say, mama-sa, ma-ma-ko-ssa
Mama-say, mama-sa, ma-ma-ko-ssa
Mama-say, mama-sa, ma-ma-ko-ssa
Mama-say, mama-sa, ma-ma-ko-ssa (
Please don't stop the music
)
Mama-say, mama-sa, ma-ma-ko-ssa
Mama-say, mama-sa, ma-ma-ko-ssa
Mama-say, mama-sa, ma-ma-ko-ssa
Mama-say, mama-sa, ma-ma-ko-ssa
 (Please don't stop the music)
Mama-say, mama-sa, ma-ma-ko-ssa
Mama-say, mama-sa, ma-ma-ko-ssa
Mama-say, mama-sa, ma-ma-ko-ssa
Mama-say, mama-sa, ma-ma-ko-ssa
I wanna take you away (Ah, ah, ah, ah-ah)
Let's escape into the music, DJ, let it play
I just can't refuse it (Ah, ah, ah, ah-ah)
Like the way you do this, keep on rockin' to it
Please don't stop the, please don't stop the music
I wanna take you away (Ah, ah, ah, ah-ah)
Let's escape into the music, DJ, let it play
I just can't refuse it (Ah, ah, ah, ah-ah)
Like the way you do this, keep on rockin' to it
Please don't stop the, please don't stop the, please don't stop the music
Mama-say, mama-sa, ma-ma-ko-ssa
Mama-say, mama-sa, ma-ma-ko-ssa
Mama-say, mama-sa, ma-ma-ko-ssa
Mama-say, mama-sa, ma-ma-ko-ssa (
Please don't stop the music
)
Mama-say, mama-sa, ma-ma-ko-ssa
Mama-say, mama-sa, ma-ma-ko-ssa
Mama-say, mama-sa, ma-ma-ko-ssa
Mama-say, mama-sa, ma-ma-ko-ssa (
Please don't stop the music
)
Mama-say, mama-sa, ma-ma-ko-ssa
Mama-say, mama-sa, ma-ma-ko-ssa
Mama-say, mama-sa, ma-ma-ko-ssa
Mama-say, mama-sa, ma-ma-ko-ssa (
Please don't stop the music
)
(
Music, music, music, music, music, music, music
)",Missing Genre Only
2000s,2009,I Know You Want Me (Calle Ocho),Pitbull,,63,3.95,False,0.252,0.414,655,23.51,165.74,"Haha
It's Mr. 305 checkin' in for the remix
You know that is 75 Street Brazil?
Well this here is gon' be called ""Calle Ocho""
Hahahaha
¿Qué bola Cata, qué bola Omega?
And this how we gon' do it, dale
One, two, three, four
Uno, do', tres, cuatro
I know you want me (Want me)
You know I want ya (Want ya)
I know you want me, eh
You know I want ya (Want ya)
I know you want me (Want me)
You know I want ya (Want ya)
I know you want me, eh
You know I want ya (Want ya; Haha)
One, two, three, four
Uno, do', tres, cuatro
Rumba, sí
Ella quiere su rumba (¿Cómo?)
Rumba, sí
Ella quiere su rumba (¿Cómo?)
Si e' verdad que tú ere' guapa yo te vo' a poner gozar
Tú tienes la boca grande, dale, ponte a jugar (¿Cómo?)
One, two, three, four
Uno, do', tres, cuatro (Woo!)
Tick to the tock, on my way to the top, huh
Pit got it locked from goons to the locks, yuh
R.I.P., uh, BIG and Pac
That he's not, but damn he's hot
Label flop but Pit won't stop
Got her in the cockpit playin' with Pit's (¿Cómo?)
Now watch me make a movie like Albert Hitchcock, haha
(Enjoy me; Woo!)
I know you want me (Want me)
You know I want ya (Want ya)
I know you want me, eh
You know I want ya (Want ya)
I know you want me (Want me)
You know I want ya (Want ya)
I know you want me, eh
You know I want ya (Want ya; Haha)
One, two, three, four
Uno, do', tres, cuatro
Rumba, sí
Ella quiere su rumba (¿Cómo?)
Rumba, sí
Ella quiere su rumba (¿Cómo?)
Si e' verdad que tú ere' guapa yo te vo' a poner gozar
Tú tienes la boca grande, dale, ponte a jugar (¿Cómo?)
One, two, three, four
Uno, do', tres, cuatro (Woo!)
Mami got an ass like a donkey, with a monkey
Look like King Kong (Woo!)
Welcome to the crib, 305, that's what it is
With a woman down here ya (Shh)
They don't play games
They off the chain, and they love to do
Everythang and anythang, anythang
And they love to get it in, get it on
All night long (Dale)
I know you want me (Want me)
You know I want ya (Want ya)
I know you want me, eh
You know I want ya (Want ya)
I know you want me (Want me)
You know I want ya (Want ya)
I know you want me, eh
You know I want ya (Want ya; Haha)
One, two, three, four
Uno, do', tres, cuatro
Rumba, sí
Ella quiere su rumba (¿Cómo?)
Rumba, sí
Ella quiere su rumba (¿Cómo?)
Si e' verdad que tú ere' guapa yo te vo' a poner gozar
Tú tienes la boca grande, dale, ponte a jugar (¿Cómo?)
One, two, three, four
Uno, do', tres, cuatro
Baby, you can get it, if you with it, we can play
Baby, I got cribs, I got condos we can stay
Even got a king-size mattress we can lay
Baby, I don't care, I don't care, what they say, 'cause
I know you want me (Want me)
You know I want ya (Want ya)
I know you want me, eh
You know I want ya (Want ya)
I know you want me (Want me)
You know I want ya (Want ya)
I know you want me, eh
You know I want ya (Want ya; Haha)
One, two, three, four
Uno, do', tres, cuatro
Rumba, sí
Ella quiere su rumba (¿Cómo?)
Rumba, sí
Ella quiere su rumba (¿Cómo?)
Si e' verdad que tú ere' guapa yo te vo' a poner gozar
Tú tienes la boca grande, dale, ponte a jugar (¿Cómo?)
One, two, three, four
Uno, do', tres, cuatro",Missing Genre Only
2000s,2008,Walking On A Dream,Empire Of The Sun,,85,3.31,False,0.139,0.371,263,32.7,79.52,"Walking on a dream
How can I explain?
Talking to myself
Will I see again?
We are always running for the thrill of it, thrill of it
Always pushing up the hill, searching for the thrill of it
On and on and on, we are calling out, out again
Never looking down, I'm just in awe of what's in front of me
Is it real now?
Two people become one
I can feel it
Two people become one
Thought I'd never see
The love you found in me
Now it's changing all the time
Living in a rhythm where the minute's working overtime
We are always running for the thrill of it, thrill of it
Always pushing up the hill, searching for the thrill of it
On and on and on, we are calling out, out again
Never looking down, I'm just in awe of what's in front of me
Is it real now?
Two people become one
I can feel it
Two people become one
Is it real now?
Two people become one
I can feel it
Two people become one
Catch me, I'm falling down
Catch me, I'm falling down
Don't stop, just keep going on
I'm your shoulder, lean upon
So come on, deliver from inside
All we got is tonight, that is right 'til first light
Is it real now?
Two people become one
I can feel it
Two people become one
Is it real now?
Two people become one
I can feel it
Two people become one",Missing Genre Only
2000s,2006,Say It Right,Nelly Furtado,,84,3.72,False,-0.034,0.636,295,30.85,79.34,"Frk-frk-down
Hey
You don't mean nothin' at all to me
Hey, hey
In the day, in the night
Say it right, say it all
You either got it, or you don't
You either stand, or you fall
When your will is broken
When it slips from your hand
When there's no time for jokin'
There's a hole in the plan
Oh, you don't mean nothin' at all to me
No, you don't mean nothin' at all to me
But you got what it takes to set me free
Oh, you could mean everything to me
I can't say (Say) that I'm not (Not)
Lost (Lost) and at fault (Fault)
I can't say (Say) that I don't (Don't)
Love the light (Light) and the dark
I can't say that I don't (Don't)
Know that I (I) am alive (Oh)
And all of what I feel (Feel)
I could show (Show you) you tonight, you tonight
Oh, you don't mean nothin' at all to me
No, you don't mean nothin' at all to me
But you got what it takes to set me free
Oh, you could mean everything to me
From my hands, I could give you
Somethin' that I made
From my mouth, I could sing you
Another brick that I laid
From my body (From my body), I could show you (I could show you)
A place (A place) God knows (That only God knows)
You should know space is holy (Ah)
Do you really wanna go? (Three, four)
Hey, hey, hey
You don't mean nothin' at all to me
Hey, hey
Hey, hey, hey
You don't mean nothin' at all to me
Hey, hey",Missing Genre Only
2000s,2009,Right Round,Flo Rida,,83,3.41,False,0.018,0.415,630,30.32,184.71,"Kesha
]
You spin my head right round, right round
When you go down, when you go down, down
You spin my head right round, right round
When you go down, when you go down, down
Hey, walk out of the house with my swagger
Hop in, there we go, I got places to go
People to see, time is precious
I look at my Cartier, outta control
Just like my mind where I'm goin'
No women, no shorties, no nothin' but clothes
No stoppin' now, my Pirellis on roll
I like my jewelry that's always on gold
I know the storm is comin'
My pockets keep tellin' me it's gonna shower
Call up my homies
It's on and poppin tonight 'cause it's meant to be ours
We keep a fadeaway shot
'Cause we be ballin', it's platinum Patron that be ours
Lil' mama, I owe you just like the flowers
Girl, you the truth with all of that goody power, 'cause
Kesha
]
You spin my head right round, right round
When you go down, when you go down, down
You spin my head right round, right round
When you go down, when you go down, down
From the top of the pole I watch her go down
She got me throwing my money around
Ain't nothing more beautiful to be found
It's going down, down
From the top of the pole I watch her go down
She got me throwing my money around
Ain't nothing more beautiful to be found
It's going down, down
Hey, shawty must know I'm the man
My money love her like a number one fan
Don't open my mouth, let her talk to my bands
My Benjamin Frank-a-lins
A couple of grands, I got rubberbands
My paper planes making her dance
Get dirty all night, that's part of my plan
We building castles that's made out of sand
She's amazing, her fire blazing, hotter than cajun
Girl, won't you move a lil' closer?
Time to get paid, it's maximum wage
That body belongs on a poster
I'm in a daze, that bottom is waving at me
Like, dammit, I know you
Doing a show like a gun out of holster
Tell me whatever then I'll be your chauffeur, 'cause
Kesha
]
You spin my head right round, right round
When you go down, when you go down, down
You spin my head right round, right round
When you go down, when you go down, down
From the top of the pole I watch her go down
She got me throwing my money around
Ain't nothing more beautiful to be found
It's going down, down
From the top of the pole I watch her go down
She got me throwing my money around
Ain't nothing more beautiful to be found
It's going down, down
Yeah, I'm spending my money (Hey)
I'm outta control (Hey)
Somebody help me
She's taking my bank roll
But I'm king of the club (Hey)
And I'm wearing the crown
Popping these bottles, touching these models
Watching they asses go down, down
Down, down, down, down, down, down, down, down
Nwod, down, down, down, nwod, nwod, nwod, nwod
Kesha
, 
Phillip Lawrence
]
You spin my head right round, right round
When you go down, when you go down, down
You spin my head right round, right round
When you go down, when you go down, down (Hey)
You spin my head right round, right round (Hey)
When you go down, when you go down, down (Hey)
You spin my head right round, right round (Hey)
When you go down, when you go down, down (Hey)",Missing Genre Only
2000s,2002,All The Things She Said,t.A.T.u.,,81,3.57,True,0.118,0.64,562,21.17,157.25,"All the things she said, all the things she said
Runnin' through my head, runnin' through my head
Runnin' through my head
All the things she said, all the things she said
Runnin' through my head, runnin' through my head
All the things she said (All the things she said)
This is not enough
 (
Enough, enough, enough
)
I'm in serious shit, I feel totally lost
If I'm asking for help, it's only because
Being with you has opened my eyes
Could I ever believe such a perfect surprise?
I keep asking myself, wondering how
I keep closing my eyes, but I can't block you out
Wanna fly to a place where it's just you and me
Nobody else, so we can be free
(
Nobody else, so we can be free
)
All the things she said, all the things she said
Runnin' through my head, runnin' through my head
Runnin' through my head
All the things she said, all the things she said
Runnin' through my head, runnin' through my head
All the things she said (All the things she said)
This is not enough (
Я сошла с ума, ма
)
This is not enough
 (All the things she said, all the things she said)
All the things she said, all the things she said
All the things she said, all the things she said
All the things she said
And I'm all mixed up, feeling cornered and rushed
They say it's my fault, but I want her so much
Wanna fly her away where the sun and rain
Come in over my face, wash away all the shame
When they stop and stare, don't worry me
'Cause I'm feeling for her what she's feeling for me
I can try to pretend, I can try to forget
But it's driving me mad, going out of my head
All the things she said, all the things she said
Runnin' through my head, runnin' through my head
Runnin' through my head
All the things she said, all the things she said
Runnin' through my head, runnin' through my head
All the things she said (All the things she said)
This is not enough (
Я сошла с ума, ма
)
This is not enough
All the things she said, all the things she said
All the things she said, all the things she said
All the things she said, all the things she said
All the things she said, all the things she said
Things she said
All the things she said, all the things she said
Mother lookin' at me
Tell me, ""What do you see?""
Yes, I've lost my mind
Daddy lookin' at me
Will I ever be free?
Have I crossed the line?
All the things she said, all the things she said
Runnin' through my head, runnin' through my head
Runnin' through my head
All the things she said, all the things she said
Runnin' through my head, runnin' through my head
All the things she said (All the things she said)
This is not enough (
Я сошла с ума, ма
)
This is not enough
All the things she said, all the things she said
All the things she said, all the things she said
All the things she said, all the things she said
All the things she said",Missing Genre Only
2000s,2002,Clocks,Coldplay,,85,5.13,False,-0.119,0.163,171,44.44,33.32,"The lights go out, and I can't be saved
Tides that I tried to swim against
Have brought me down upon my knees
Oh, I beg, I beg and plead, singin'
Come out of things unsaid
Shoot an apple off my head, and a
Trouble that can't be named
A tiger's waitin' to be tamed, singin'
You are
You are
Confusion never stops
Closin' walls and tickin' clocks, gonna
Come back and take you home
I could not stop, that you now know, singin'
Come out upon my seas
Cursed missed opportunities, am I
A part of the cure
Or am I part of the disease? Singin'
You are
You are
You are
You are
You are
You are
And nothin' else compares
Oh, nothin' else compares
And nothin' else compares
You are
You are
Home, home, where I wanted to go
Home, home, where I wanted to go
Home (You are) home, where I wanted to go
Home (You are) home, where I wanted to go",Missing Genre Only
2000s,2006,Maneater,Nelly Furtado,,85,4.31,False,-0.009,0.554,600,17.33,139.05,"Take it back, take it back, take it back
Oh-oh-oh-ah-oh
Oh-ah-oh-oh-oh-ah
Everybody look at me, me (Oh)
I walk in the door, you start screaming (Oh)
Come on, everybody, what you here for? (
Oh
)
Move your body around like a nympho (
Oh
)
Everybody get your necks to crack around (Oh)
All you crazy people, come on, jump around (
Oh
)
I wanna see you all on your knees, knees (Oh)
You either wanna be with me, or be me (Come on, now)
Maneater, make you work hard
Make you spend hard, make you want all of her love
She's a maneater, make you buy cars
Make you cut cards, make you fall real hard in love
She's a maneater, make you work hard
Make you spend hard, make you want all of her love
She's a maneater, make you buy cars
Make you cut cards, wish you never ever met her at all
And when she walks, she walks with passion (Oh)
When she talks, she talks like she can handle it (Oh)
When she asks for somethin', boy, she means it (Oh)
Even if you never ever seen it (Oh)
Everybody get your necks to crack around (Oh)
All you crazy people, come on, jump around (Oh)
You doin' anything to keep her by your side (Oh)
Because, she said she love you, love you long time (
Come on, now
)
Maneater, make you work hard
Make you spend hard, make you want all of her love
She's a maneater, make you buy cars
Make you cut cards, make you fall real hard in love
She's a maneater, make you work hard
Make you spend hard, make you want all of her love
She's a maneater, make you buy cars
Make you cut cards, wish you never ever met her at all (Oh)
Ah-ah-ah-ah-ah-ah-ah, oh (Oh)
Ah-ah-ah-ah-ah-ah-ah, oh (Oh)
Ah-ah-ah-ah-ah-ah-ah, oh (Oh)
Ah-ah-ah-ah-ah-ah-ah, yeah (Come on, now)
Maneater, make you work hard
Make you spend hard, make you want all of her love
She's a maneater, make you buy cars
Make you cut cards, make you fall real hard in love
She's a maneater, make you work hard
Make you spend hard, make you want all of her love (Oh, oh, oh)
She's a maneater, make you buy cars (Oh, oh, oh)
Make you cut cards, wish you never ever met her at all (Make you buy cars, cut cards)
No, never ever met her at all (What you saying, girl?)
You wish you'd never ever met her at all (What you saying, girl?)
You wish you'd never ever met her at all (What you saying, girl?)
You wish you'd never ever met her at all (Come on!)
You wish you'd never ever met her at all (What you saying, girl?)
You wish you'd never ever met her at all (What you saying, girl?)
You wish you'd never ever met her at all (What you saying, girl?)
You wish you'd never ever met her at all (Break!)
(I've been around the world, I ain't never seen a girl like this)
She's a maneater, a maneater
(I've been around the world, I ain't never seen a girl like this)
She's a maneater, a maneater
(I've been around the world, I ain't never seen a girl like this)
She's a maneater, a maneater
(I've been around the world, I ain't never seen a girl like this)
Like this, like this, like this, like this",Missing Genre Only
2000s,2005,Pump It,Black Eyed Peas,,82,3.55,True,0.05,0.539,528,30.68,148.69,"will.i.am
]
Ha, ha, ha
Pump it
Ha, ha, ha
And pump it (Louder)
Pump it (Louder)
Pump it (Louder)
Pump it (Louder)
Turn up the radio, blast the stereo right
Ha, ha, ha
Niggas wanna hate on us (Who?)
Niggas be envious (Who?)
I know why they hatin' on us (Why?)
'Cause style so fabulous (What?)
I'ma be real on us (Come on)
Nobody got nothing on us (No)
Girls be all on us from London back down to the U.S. (S. S.)
We rockin', it's 
contagious
Monkey business, 
outrageous
Just confess, your girl admits that we the shit
F-R-E-S-H, we fresh
D-E-F, that's right, we def' (
Rock
)
We definite
B-E-P, we reppin' it
So, turn me up (Turn it up)
Turn me up (Turn it up)
Turn me up
Come on, baby, just pump it (Louder)
Pump it (Louder)
Pump it (Louder)
Pump it (Louder)
Pump it (Louder)
Pump it (Louder)
And say, oh-oh, oh-oh
Say, oh-oh, oh-oh, yo, yo
Turn up your radio
Blast your stereo right now (Ha)
This joint is fizzlin'
It's sizzlin' right
Can you check this out right here?
Dude wanna hate on us (Dude)
Dude need to ease on up (Dude)
Dude wanna act on gut
But dude get shut like Flava (
Shut 'em down
)
Chicks say she ain't down
But chick backstage when we in town (Ha)
She like man on drunk (Fool)
She wanna hit and run (Err)
Yeah, that's the speed
That's what we do, that's who we be
B-L-A-C-K E-Y-E-D P to the E
Then the A to the S
When we play, you shake your ass
(Shake it, shake it) Shake it, girl
Make sure you don't break it, girl
'Cause we gonna turn it up (Turn it up)
Turn it up (Turn it up)
Turn it up
Come on, baby, just pump it (Louder)
Pump it (Louder)
Pump it (Louder)
Pump it (Louder)
Pump it (Louder)
Pump it (Louder)
And say, oh-oh, oh-oh
Say, oh-oh, oh-oh, yo, yo
Turn up your radio
Blast your stereo right now (Ha)
This joint is fizzlin'
It's sizzlin' right
Damn, damn
Damn, damn
Damn, damn (Ooh, woah)
Damn, damn
Damn, damn (Ah-ah-ah-ah-ah)
​apl.de.ap from the Philippines live and direct rockin' the scene
Breakin' on down for the B-Boys and B-Girls waitin' to do their thing
Pump it, louder, come on
Don't stop and keep it goin'
Do it, let's get it on
Move it, come on, baby, do it (Ha)
La-da-dee-da-da-dee-da
On the stere-ere-ere-ereo (Ha)
Let those speakers blow your mind (Blow my mind, baby)
Just let it go, let it go, here we go (Ha)
La-da-dee-da-da-dee-da (Come on, yeah)
On the radi-adi-adi-adio (Ha)
The system's gonna feel so fine (Ha)
(I'm fine, yeah) Yeah, yeah, yeah (Ha), yeah, yeah (I'm fine, and you?)
Pump it (Louder)
Pump it (Louder)
Pump it (Louder)
Pump it (Louder)
Pump it (Louder)
Pump it (Louder)
And say, oh-oh, oh-oh
Say, oh-oh, oh-oh, yo, yo
Turn up your radio
Blast your stereo right now (Ha)
This joint is fizzlin', it's sizzlin' right",Missing Genre Only
2000s,2004,Unwritten,Natasha Bedingfield,,86,4.32,False,-0.049,0.527,470,20.0,108.74,"I am unwritten
Can't read my mind
I'm undefined
I'm just beginning
The pen's in my hand
Ending unplanned
Staring at the blank page before you
Open up the dirty window
Let the sun illuminate the words that you cannot find
Reaching for something in the distance
So close you can almost taste it
Release your inhibitions
Feel the rain on your skin
No one else can feel it for you
Only you can let it in
No one else, no one else
Can speak the words on your lips
Drench yourself in words unspoken
Live your life with arms wide open
Today is where your book begins
The rest is still unwritten
Yeah
Oh, oh
I break tradition
Sometimes my tries
Are outside the lines, yeah, yeah
We've been conditioned
To not make mistakes
But I can't live that way, no, oh
Staring at the blank page before you
Open up the dirty window
Let the sun illuminate the words that you cannot find
Reaching for something in the distance
So close you can almost taste it
Release your inhibitions
Feel the rain on your skin
No one else can feel it for you
Only you can let it in
No one else, no one else
Can speak the words on your lips
Drench yourself in words unspoken
Live your life with arms wide open
Today is where your book begins
Feel the rain on your skin
No one else can feel it for you
Only you can let it in
No one else, no one else
Can speak the words on your lips
Drench yourself in words unspoken
Live your life with arms wide open
Today is where your book begins
The rest is still unwritten
Woah
Ooh, oh, woah
Oh
Ooh, ooh, ooh, yeah
Staring at the blank page before you
Open up the dirty window
Let the sun illuminate the words that you cannot find
Reaching for something in the distance
So close you can almost taste it
Release your inhibitions
Feel the rain on your skin
No one else can feel it for you
Only you can let it in
No one else, no one else
Can speak the words on your lips
Drench yourself in words unspoken
Live your life with arms wide open
Today is where your book begins
Feel the rain on your skin
No one else can feel it for you
Only you can let it in
No one else, no one else
Can speak the words on your lips
Drench yourself in words unspoken
Live your life with arms wide open
Today is where your book begins
The rest is still unwritten
The rest is still unwritten
The rest is still unwritten
Yeah, yeah, yeah, yeah, yeah
Yeah, yeah, yeah, yeah",Missing Genre Only
2000s,2006,The Sweet Escape,Gwen Stefani,,76,4.11,False,0.174,0.667,543,22.65,132.19,"Konvict, Konvict, Konvict
Woo-hoo, yee-hoo
Woo-hoo, yee-hoo
Woo-hoo, yee-hoo
Woo-hoo, yee-hoo
If I could escape, I would
But first of all, let me say
I must apologize for acting stank and treating you this way
'Cause I've been acting like sour milk all on the floor
It's your fault, you didn't shut the refrigerator
Maybe that's the reason I've been acting so cold
If I could escape (Escape)
And recreate a place that's my own world (Own world)
And I could be your favorite girl (Forever), perfectly together
And tell me boy, now wouldn't that be sweet? (Sweet escape)
If I could be sweet (Be sweet)
I know I've been a real bad girl (I'll try to change)
I didn't mean for you to get hurt (Whatsoever)
We can make it better
And tell me, boy, now, wouldn't that be sweet? (Sweet escape, sweet escape)
(Woo-hoo, yee-hoo, woo-hoo, yee-hoo)
I wanna get away (Get away) to our sweet escape (Sweet escape)
(Woo-hoo, yee-hoo, woo-hoo, yee-hoo)
I wanna get away (Get away), yeah (Yeah)
You melt me down, I'm at my lowest boiling point
Come help me out, I need to get me out of this joint
Come on, let's bounce, counting on you to turn me around
Instead of clowning around, let's look for some common ground
So baby, times get a little crazy
I've been gettin' a little lazy
Waitin' on you to come save me
I can see that you're angry by the way that you treat me
Hopefully you don't leave me, wanna take you with me
If I could escape (Escape)
And recreate a place that's my own world (Own world)
And I could be your favorite girl (Forever), perfectly together
And tell me boy, now wouldn't that be sweet? (Sweet escape)
If I could be sweet (Be sweet)
I know I've been a real bad girl (I'll try to change)
I didn't mean for you to get hurt (Whatsoever)
We can make it better
And tell me, boy, now, wouldn't that be sweet? (Sweet escape, sweet escape)
(Woo-hoo, yee-hoo, woo-hoo, yee-hoo)
If I could escape
(Woo-hoo, yee-hoo, woo-hoo, yee-hoo)
If I could escape
'Cause I've been acting like sour milk all on the floor
It's your fault you didn't shut the refrigerator
Maybe that's the reason I've been acting so cold
If I could escape (Escape)
And recreate a place that's my own world (Own world)
And I could be your favorite girl (Forever), perfectly together
And tell me boy, now, wouldn't that be sweet? (Sweet escape)
If I could be sweet (Be sweet)
I know I've been a real bad girl (I'll try to change)
I didn't mean for you to get hurt (Whatsoever)
We can make it better
And tell me, boy, now, wouldn't that be sweet? (Sweet escape, sweet escape)
(Woo-hoo, yee-hoo, woo-hoo, yee-hoo)
I wanna get away (Get away) to our sweet escape (Sweet escape)
(Woo-hoo, yee-hoo, woo-hoo, yee-hoo)
I wanna get away (Get away), yeah (Yeah)
(Woo-hoo, yee-hoo, woo-hoo, yee-hoo)
(Woo-hoo, yee-hoo, woo-hoo, yee-hoo)",Missing Genre Only
2000s,2008,American Boy,Estelle,,81,4.75,True,0.155,0.345,735,32.38,154.88,"Estelle
]
This a number one champion sound (
Yeah
)
Yeah, Estelle, we 'bout to get down (Get down)
Who the hottest in the world right now? (
Uh
)
Just touched down in London town (
Uh
)
Bet they give me a pound (
Uh
)
Tell 'em put the money in my hand right now (
Yes
)
Tell the promoter we need more seats
We just sold out all the floor seats
Take me on a trip, I'd like to go some day
Take me to New York, I'd love to see LA
I really want to come kick it with you
You'll be my American boy
He said, ""Hey, sister, it's really, really nice to meet ya""
I just met this 5-foot-7 guy who's just my type
Like the way he's speakin', his confidence is peakin'
Don't like his baggy jeans but I might like what's underneath them
And, no, I ain't been to MIA
I heard that Cali never rains and New York's wide awake
First let's see the West End, I'll show you to my bredrin
I'm likin' this American boy, American boy
Take me on a trip, I'd like to go some day
Take me to New York, I'd love to see LA
I really want to come kick it with you
You'll be my American boy, American boy
La, la la, la la, eya
La, la la, la la, eya
La, la la, la la, eya
Will you be my American boy? American boy
Can we get away this weekend? Take me to Broadway
Let's go shopping, maybe then we'll go to a café
Let's go on the subway, take me to your hood
I never been to Brooklyn and I'd like to see what's good
Dressed in all your fancy clothes
Sneakers lookin' fresh to death, I'm lovin' those Shell Toes
Walkin' that walk, talk that slick talk
I'm likin' this American boy, American boy
Take me on a trip, I'd like to go some day
Take me to New York, I'd love to see LA
I really want to come kick it with you
You'll be my American boy
Tell 'em wah gwan, blud!
with Estelle
]
Who killin' them in the UK?
Everybody gonna say, ""You, K""
Reluctantly, 'cause most of this press don't fuck with me
Estelle once said to me, ""
Cool down, down
Don't act a fool now, now.
""
I always act a fool 
oww, oww
Ain't nothing new now, now
He crazy, I know what you thinkin'
Ribena, I know what you're drinkin'
Rap singer, chain blinger
Holler at the next chick soon as you're blinkin'
What's your 
persona about this Americana
 rhymer?
Am I shallow 'cause all my clothes designer? Uh
Dressed smart like a London bloke (
Yeah
)
Before he speak his suit bespoke (
Woop
)
And you thought he was cute before
Look at this pea coat, tell me he's broke (
Woo
)
And I know you ain't into all that
I heard your lyrics, I feel your spirit
But I still talk that 
ca-a-ash
'Cause a lotta wags wanna hear it
And I'm feelin' like Mike at his baddest
Like The Pips at their gladdest
And I know they love it
So to hell with all that rubbish
Would you be my love, my love?
Would you be mine?
Would you be my love, my love?
Would you be mine?
Could you be my love, my love? (Ooh)
Would you be my American boy? American boy
Take me on a trip, I'd like to go some day (Ooh, someday)
Take me to Chicago, San Francisco Bay (I wanna see the Bay)
I really want to (You) come kick it with you (Ooh-ooh-ooh)
You'll be my American boy, American boy (Be my American boy)
Take me on a trip I'd like to go some day (I'd like to go some day)
Take me to New York, I'd love to see LA (See LA)
I really want to come kick it with you
You'll be my American boy, American boy
La, la la, la la, eya (La, la)
La, la la, la la, eya (Ooh, ooh)
La, la la, la la, eya
Will you be my American boy?",Missing Genre Only
2000s,2008,Disturbia,Rihanna,,82,3.98,False,0.283,0.72,573,23.56,144.07,"Bum bum be-dum, bum bum be-dum bum
(What's wrong with me?)
Bum bum be-dum, bum bum be-dum bum
(Why do I feel like this?)
Bum bum be-dum, bum bum be-dum bum
(I'm goin' crazy now)
Bum bum be-dum, bum bum be-dum bum
No more gas, in the red (Can't even get it started)
Nothin' heard, nothin' said (Can't even speak about it)
All my life on my head (Don't wanna think about it)
Feels like I'm goin' insane, yeah
It's a thief in the night to come and grab you (Ah)
It can creep up inside you and consume you (Ah)
A disease of the mind, it can control you (Ah)
It's too close for comfort, ah
Put on your brake lights
You're in the city of wonder
Ain't gon' play nice
Watch out, you might just go under
Better think twice
Your train of thought will be altered
So if you must falter, be wise
Your mind's in disturbia, it's like the darkness is the light
Disturbia, am I scarin' you tonight?
Your mind's in disturbia, ain't used to what you like
Disturbia, disturbia
Bum bum be-dum, bum bum be-dum bum
Bum bum be-dum, bum bum be-dum bum
Bum bum be-dum, bum bum be-dum bum
Bum bum be-dum, bum bum be-dum bum
Faded pictures on the wall (It's like they talkin' to me)
Disconnected, no one calls (The phone don't even ring)
I gotta get out or figure this **** out
It's too close for comfort, oh
It's a thief in the night to come and grab you (Ooh)
It can creep up inside you and consume you (Ooh)
A disease of the mind, it can control you (Ooh)
I feel like a monster, oh
Put on your brake lights
You're in the city of wonder (City lights)
Ain't gon' play nice (Oh)
Watch out, you might just go under
Better think twice (Think twice)
Your train of thought will be altered
So if you must falter, be wise (Be wise)
Your mind's in disturbia, it's like the darkness is the light
Disturbia, am I scarin' you tonight? (Oh)
Disturbia, ain't used to what you like (Oh, what you like)
Disturbia, disturbia (Ah)
Bum bum be-dum, bum bum be-dum bum (Ba-da-da-da-de-da)
Bum bum be-dum, bum bum be-dum bum (Ba-da-da-da-de-da)
Bum bum be-dum, bum bum be-dum bum (Disturbia)
Bum bum be-dum, bum bum be-dum bum (Oh, oh)
Release me from this curse I'm in
Tryin' to remain tame, but I'm strugglin'
If you can't go, oh-oh-oh-oh-oh
I think I'm gonna ah-ah-ah-ah-ah
Put on your brake lights
You're in the city of wonder (Woo, yeah)
Ain't gon' play nice
Watch out, you might just go under (Better think twice)
Better think twice
Your train of thought will be altered
So if you must falter, be wise (If you must falter, be wise)
Your mind's in disturbia, it's like the darkness is the light (Ah, yeah, disturbia)
Disturbia, am I scarin' you tonight? (Ah, yeah, disturbia)
Disturbia, ain't used to what you like (Disturbia, ah)
Disturbia, disturbia (Oh woah)
Bum bum be-dum, bum bum be-dum bum (Bum-ba-de-da-da)
Bum bum be-dum, bum bum be-dum bum (Bum-ba-de-da-da)
Bum bum be-dum, bum bum be-dum bum (Oh)
Bum bum be-dum, bum bum be-dum bum (Oh)",Missing Genre Only
2000s,2002,Complicated,Avril Lavigne,,84,4.08,False,-0.233,0.54,516,21.51,126.62,"Uh-huh, life's like this
Uh-huh, uh-huh
That's the way it is (Ooh, la-la-la-la-la)
'Cause life's like this
Uh-huh, uh-huh (Ooh, la-la-la-la-la)
That's the way it is
Chill out, whatcha yellin' for?
Lay back, it's all been done before
And if you could only let it be
You will see
I like you the way you are
When we're drivin' in your car
And you're talkin' to me
One-on-one, but you become
Somebody else 'round everyone else
You're watchin' your back like you can't relax
You're tryna be cool
You look like a fool to me, tell me
Why'd you have to go and make things so complicated?
I see the way you're
Actin' like you're somebody else, gets me frustrated
Life's like this, you
You fall, and you crawl, and you break
And you take what you get and you turn it into
Honesty, and promise me, I'm never gonna find you fake it
No, no, no
You come over unannounced
Dressed up like you're somethin' else
Where you are ain't where it's at
You see, you're makin' me
Laugh out when you strike your pose
Take off all your preppy clothes
You know, you're not foolin'
Anyone when you become
Somebody else 'round everyone else
You're watchin' your back like you can't relax
You're tryna be cool
You look like a fool to me, tell me
Why'd you have to go and make things so complicated?
I see the way you're
Actin' like you're somebody else, gets me frustrated
Life's like this, you
You fall, and you crawl, and you break
And you take what you get and you turn it into
Honesty, and promise me, I'm never gonna find you fake it
No, no, no (No)
No (No, no, no)
No (No, no, no)
No (No, no, no), no
Chill out, whatcha yellin' for?
Lay back, it's all been done before
And if you could only let it be
You will see
Somebody else 'round everyone else
You're watchin' your back like you can't relax
You're tryna be cool
You look like a fool to me, tell me
Why'd you have to go and make things so complicated?
I see the way you're
Actin' like you're somebody else, gets me frustrated
Life's like this, you
You fall, and you crawl, and you break
And you take what you get and you turn it into
Honesty, and promise me, I'm never gonna find you fake it
No, no
Why'd you have to go and make things so complicated? (Ayy-yay)
I see the way you're
Actin' like you're somebody else, gets me frustrated
Life's like this, you
You fall, and you crawl, and you break
And you take what you get and you turn it into
Honesty, and promise me, I'm never gonna find you fake it
No, no, no",Missing Genre Only
2000s,2009,Rude Boy,Rihanna,,79,3.72,True,0.127,0.525,627,14.67,168.76,"Oh-woah, oh
Ayy-ayy
Ayy, ayy
Oh-woah, oh
Ayy-ayy
Ayy, ayy
Come here, rude boy, boy, can you get it up?
Come here, rude boy, boy, is you big enough?
Take it, take it (Yeah), baby, baby (Yeah)
Take it, take it (Yeah), love me (Yeah), love me
Come here, rude boy, boy, can you get it up?
Come here, rude boy, boy, is you big enough?
Take it, take it (Yeah), baby, baby (Yeah)
Take it, take it (Yeah), love me (Yeah), love me
Tonight, I'ma let you be the captain
Tonight, I'ma let you do your thing, yeah
Tonight, I'ma let you be a rider
Giddy-up, giddy-up, giddy-up, babe
Tonight, I'ma let it be fire
Tonight, I'ma let you take me higher
Tonight, baby, we could get it on, yeah, we could get it on, yeah
Do you like it?
Boy, I want, want, want whatchu want, want, want
Give it to me, baby, like boom, boom, boom
What I want, want, want is what you want, want, want
Nah, nah-ah
Come here, rude boy, boy, can you get it up?
Come here, rude boy, boy, is you big enough?
Take it, take it (Yeah), baby, baby (Yeah)
Take it, take it (Yeah), love me (Yeah), love me
Come here, rude boy, boy, can you get it up?
Come here, rude boy, boy, is you big enough?
Take it, take it (Yeah), baby, baby (Yeah)
Take it, take it (Yeah), love me (Yeah), love me
Tonight, I'ma give it to ya harder
Tonight, I'ma turn ya' body out
Relax, let me do it how I wanna
If you got it, I need it, and I'ma put it down
Buckle up, I'ma give it to ya stronger
Hands up, we could go a little longer
Tonight, I'ma get a little crazy, get a little crazy, baby
Like it?
Boy, I want, want, want whatchu want, want, want
Give it to me, baby, like boom, boom, boom
What I want, want, want is what you want, want, want
Nah, nah-ah
Come here, rude boy, boy, can you get it up?
Come here, rude boy, boy, is you big enough?
Take it, take it (Yeah), baby, baby (Yeah)
Take it, take it (Yeah), love me (Yeah), love me
Come here, rude boy, boy, can you get it up?
Come here, rude boy, boy, is you big enough?
Take it, take it (Yeah), baby, baby (Yeah)
Take it, take it (Yeah), love me (Yeah), love me
I like the way you touch me there
I like the way you pull my hair
Babe, if I don't feel it, I ain't faking, no, no (Oh no)
I like when you tell me 'kiss you there'
I like when you tell me 'move it there'
So giddy-up, time to get it up
You say you a rude boy, show me what you got now
Come here right now
Take it, take it, baby, baby
Take it, take it, love me, love me
Come here, rude boy, boy, can you get it up?
Come here, rude boy, boy, is you big enough?
Take it, take it (Yeah), baby, baby (Yeah)
Take it, take it (Yeah), love me (Yeah), love me
Come here, rude boy, boy, can you get it up?
Come here, rude boy, boy, is you big enough?
Take it, take it (Yeah), baby, baby (Yeah)
Take it, take it (Yeah), love me (Yeah), love me
Love me, love me (Love me, love me, love me, love me)
(Take, take) Take it, take it, baby, baby
Take it, take it, love me, love me
Love me, love me (Love me, love me)
Yeah, yeah, yeah
Take it, take it, baby, baby
Take it, take it, love me, love me",Missing Genre Only
2000s,2010,Alors on danse - Radio Edit,Stromae,french pop,79,3.43,False,0.0,0.0,286,34.97,83.38,"Alors on—
Alors on—
Alors on—

Qui dit études dit travail
Qui dit taff te dit des thunes
Qui dit argent dit dépenses
Qui dit crédit dit créance
Qui dit dette, te dit huissier
Lui dit assis dans la merde
Qui dit amour, dit les gosses
Dit toujours et dit divorce
Qui dit proches, te dit deuils
Car les problèmes ne viennent pas seul
Qui dit crise, te dit monde
Dit famine et dit tiers monde
Qui dit fatigue dit réveil
Encore sourd de la veille
Alors on sort pour oublier tous les problèmes

Alors on danse
Alors on danse
Alors on danse
Alors on danse
Alors on danse
Alors on danse
Alors on danse
Alors on danse
Alors on danse

Et là tu t'dis que c'est fini
Car pire que ça, ce s'rait la mort
Quand tu crois enfin qu'tu t'en sors
Quand y en a plus, et ben y en a encore
Est-ce la zik ou les problèmes?
Les problèmes ou bien la musique?
Ça t'prend les tripes, ça te prend la tête
Et puis tu pries pour qu'ça s'arrête
Mais c'est ton corps, c'est pas le ciel
Alors tu t'bouches plus les oreilles
Et là tu cries encore plus fort, et ça persiste

Alors on chante (La-la, la-la-la-la)
(La-la, la-la-la-la)
Alors on chante (La-la, la-la-la-la)
(La-la, la-la-la-la)
Alors on chante
Alors on chante
Et puis seulement quand c'est fini

Alors on danse
Alors on danse
Alors on danse
Alors on danse
Alors on danse
Alors on danse
Alors on danse
Alors on danse

Et ben y en a encore
Et ben y en a encore
Et ben y en a encore
Et ben y en a encore
Et ben y en a encore",Missing Lyrics Only
2000s,2003,Crazy In Love (feat. JAY-Z),Beyoncé,,79,3.94,False,0.014,0.644,849,24.73,215.73,"Beyoncé
]
Yes (Woo, ow)
So crazy right now
Most incredibly
It's your girl, B (Yes, woo)
It's your boy, Young
You ready?
Uh-oh, uh-oh, uh-oh, oh no, no (
Ow
)
Uh-oh, uh-oh, uh-oh, oh no, no
Uh-oh, uh-oh, uh-oh, oh no, no
Uh-oh, uh-oh, uh-oh, oh no, no
Ch-yeah
History in the making
Part two
It's so crazy right now
I look and stare so deep in your eyes
I touch on you more and more every time
When you leave, I'm beggin' you not to go
Call your name two, three times in a row
Such a funny thing for me to try to explain
How I'm feelin', and my pride is the one to blame (Yeah, yeah)
'Cause I know I don't understand
Just how your love can do what no one else can
Got me looking so crazy right now
Your love's got me looking so crazy right now (Your love)
Got me looking so crazy right now
Your touch got me looking so crazy right now (Your touch)
Got me hoping you'll page me right now
Your kiss got me hoping you'll save me right now
Looking so crazy, your love's got me looking
Got me looking so crazy in love
Uh-oh, uh-oh, uh-oh, oh no, no
Uh-oh, uh-oh, uh-oh, oh no, no
Uh-oh, uh-oh, uh-oh, oh no, no
Uh-oh, uh-oh, uh-oh, oh no, no
When I talk to my friends so quietly
(""Who he think he is?"") Look at what you did to me
Tennis shoes, don't even need to buy a new dress
If you ain't there, ain't nobody else to impress
It's the way that you know what I thought I knew
It's the beat that my heart skips when I'm with you
But I still don't understand
Just how your love can do what no one else can
Got me looking so crazy right now
Your love's got me looking so crazy right now (So crazy, your love)
Got me looking so crazy right now (Your love)
Your touch got me looking so crazy right now (Oh, your touch)
Got me hoping you'll page me right now (Yeah)
Your kiss got me hoping you'll save me right now (Hey)
Looking so crazy, your love's got me looking (
Ch-yeah
)
Got me looking so crazy in love (
Ch-yeah
)
I'm looking so crazy, your love's got me looking (
Woo
)
Got me looking so crazy in love (
I'm warmed up now, let's go
)
Young Hov, y'all know when the flow is loco (
No, no
)
Young B and the R-O-C, uh-oh (
Oh, no
)
O.G. Big Homie, the one and only (
No, no
)
Stick bony, but the pockets is fat like Tony Soprano (
No, no, no
)
The ROC handle like Van Exel
I shake phonies, man, you can't get next to
The genuine article, I do not sing, though
I sling, though, if anything, I bling, yo
A star like Ringo, war like a Green Beret (Oh)
You crazy? Bring your whole set (Oh)
JAY-Z in the Range, crazy and deranged
They can't figure him out, they like, ""Hey, is he insane?""
Yes, sir, I'm cut from a different cloth
My texture is the best fur, chinchilla
I've been iller than chain smokers
(Uh-oh, uh-oh, uh-oh, oh no, no)
How you think I got the name Hova?
(Uh-oh, uh-oh, uh-oh, oh no, no)
I been realer, the game's over
Fall back, Young
(Uh-oh, uh-oh, uh-oh, oh no, no)
Ever since I made the change over to platinum
(Uh-oh, uh-oh, uh-oh, oh no, no)
The game's been a wrap, one
Got me looking so crazy, my baby
I'm not myself lately, I'm foolish, I don't do this
I've been playing myself, baby, I don't care
'Cause your love's got the best of me
And, baby, you're making a fool of me
You got me sprung and I don't care who sees
'Cause baby, you got me, you got me
You got me so crazy, baby (Hey)
Got me looking so crazy right now (Your love)
Your love's got me looking so crazy right now (Looking crazy)
Got me looking so crazy right now
Your touch got me looking so crazy right now (Baby, your touch)
Got me hoping you'll page me right now (Yeah, babe)
Your kiss got me hoping you'll save me right now (Oh)
Looking so crazy, your love's got me looking (Yeah)
Got me looking so crazy in love (Woah)
Got me looking so crazy right now
Your love's got me looking so crazy right now (Your love)
Got me looking so crazy right now
Your touch got me looking so crazy right now (Your touch)
Got me hoping you'll page me right now
Your kiss got me hoping you'll save me right now
Looking so crazy, your love's got me looking
Got me looking so crazy in love",Missing Genre Only
2000s,2006,Promiscuous,Nelly Furtado,,88,4.04,False,-0.074,0.564,681,31.57,168.64,"Am I throwin' you off?
Nope
Didn't think so
How you doin', young lady?
That feelin' that you're givin' really drives me crazy
You're dope, have a player 'bout to choke
I was at a loss for words first time that we spoke
You lookin' for a girl that'll treat you right?
You lookin' for her in the daytime with the light?
You might be the type if I play my cards right
I'll find out by the end of the night
You expect me to just let you hit it?
But will you still respect me if you get it?
All I can do is try, gimme one chance (Chance)
What's the problem? I don't see the ring on your hand (Hand)
I'll be the first to admit it
I'm curious about you, you seem so innocent
You wanna get in my world, get lost in it?
Boy, I'm tired of runnin', let's walk for a minute
Promiscuous girl, wherever you are
I'm all alone, and it's you that I want
Promiscuous boy, you already know
That I'm all yours, what you waitin' for?
Promiscuous girl, you're teasin' me
You know what I want, and I got what you need
Promiscuous boy, let's get to the point
'Cause we're on a roll, you ready?
Roses are red, some diamonds are blue
Chivalry is dead, but you're still kinda cute
Hey, I can't keep my mind off you
Where you at? Do you mind if I come through?
I'm out of this world, come with me to my planet
Get you on my level, do you think that you can handle it?
They call me Thomas, last name Crown
Recognize game, I'ma lay mine's down
I'm a big girl, I can handle myself
But if I get lonely, I'ma need your help
Pay attention to me, I don't talk for my health
I want you on my team (So does everybody else)
Shh, baby, we can keep it on the low
 (
Low
)
Let your guard down, ain't nobody gotta know
 (
Know
)
If you with it, girl, I know a place we can go
What kind of girl do you take me for?
Promiscuous girl, wherever you are
I'm all alone, and it's you that I want
Promiscuous boy, you already know
That I'm all yours, what you waitin' for?
Promiscuous girl, you're teasin' me
You know what I want, and I got what you need
Promiscuous boy, let's get to the point
'Cause we're on a roll, you ready?
Don't be mad, don't get mean
Don't get mad, don't be mean
Hey, don't be mad, don't get mean
Don't get mad, don't be mean
Wait, I don't mean no harm
I can see you with my t-shirt on
I can see you with nothin' on
Feelin' on me before you bring that on
Bring that on? You know what I mean
Girl, I'm a freak, you shouldn't say those things
I'm only tryna get inside of your brain
To see if you can work me the way you say
It's okay, it's all right
I got somethin' that you gon' like
Hey, is that the truth, or are you talkin' trash?
Is your game M.V.P. like Steve Nash?
Promiscuous girl, wherever you are
I'm all alone, and it's you that I want
Promiscuous boy, I'm callin' your name
But you're drivin' me crazy the way you're makin' me wait
Promiscuous girl, you're teasin' me
You know what I want, and I got what you need
Promiscuous boy, we're one and the same
So we don't gotta play games no more
Eh-eh, eh-eh, ah-ah-ah
Eh-eh, eh-eh, ah-ah-ah
Eh-eh, eh-eh, ah-ah-ah
Eh-eh, eh-eh, ah-ah-ah
Mm, mm, mm, mm
Mm, mm, ah-ah-ah
Eh-eh, eh-eh, ah-ah-ah
Eh-eh, eh-eh, ah-ah-ah",Missing Genre Only
2000s,2008,Umbrella,Rihanna,,84,4.6,False,0.175,0.461,547,27.97,118.92,"Uh-huh, uh-huh (Yeah, Rihanna)
Uh-huh, uh-huh (Good Girl Gone Bad)
Uh-huh, uh-huh (Take three, action)
Uh-huh, uh-huh (Hov)
Rihanna
]
No clouds in my stones
Let it rain, I hydroplane in the bank
Comin' down with the Dow Jones (Ayy, ayy, ayy)
When the clouds come, we go, we Roc-A-Fella (
Ayy-ayy-ayy, ayy
)
We fly higher than weather, in G5's or better
You know me (You know me)
In anticipation for precipitation, stack chips for the rainy day
Jay, Rain Man is back (
Ayy-ayy-ayy, ayy
)
With Little Miss Sunshine, Rihanna, where you at?  (Ayy-ayy-ayy, ayy)
You have my heart, and we'll never be worlds apart
May be in magazines but you'll still be my star
Baby, 'cause in the dark, you can't see shiny cars
And that's when you need me there
With you, I'll always share because
When the sun shine, we shine together
Told you I'll be here forever
Said ""I'll always be your friend""
Took an oath, I'ma stick it out 'til the end
Now that it's rainin' more than ever
Know that we'll still have each other
You can stand under my umbrella
You can stand under my umbrella
Ella-ella, ayy, ayy, ayy
Under my umbrella
Ella-ella, ayy, ayy, ayy
Under my umbrella
Ella-ella, ayy, ayy, ayy
Under my umbrella
Ella-ella, ayy, ayy, ayy, ayy, ayy, ayy
These fancy things
Will never come in between
You're part of my entity
Here for infinity
When the war has took its part
When the world has dealt its cards
If the hand is hard
Together, we'll mend your heart because
When the sun shine, we shine together
Told you I'll be here forever
Said ""I'll always be your friend""
Took an oath, I'ma stick it out 'til the end
Now that it's rainin' more than ever
Know that we'll still have each other
You can stand under my umbrella
You can stand under my umbrella
Ella-ella, ayy, ayy, ayy
Under my umbrella
Ella-ella, ayy, ayy, ayy
Under my umbrella
Ella-ella, ayy, ayy, ayy
Under my umbrella
Ella-ella, ayy, ayy, ayy, ayy, ayy, ayy
You can run into my arms
It's okay, don't be alarmed
Come into me
There's no distance in between our love
So, gonna let the rain pour
I'll be all you need and more because
When the sun shine, we shine together
Told you I'll be here forever
Said ""I'll always be your friend""
Took an oath, I'ma stick it out 'til the end
Now that it's rainin' more than ever
Know that we'll still have each other
You can stand under my umbrella
You can stand under my umbrella
Ella-ella, ayy, ayy, ayy
Under my umbrella
Ella-ella, ayy, ayy, ayy
Under my umbrella
Ella-ella, ayy, ayy, ayy
Under my umbrella
Ella-ella, ayy, ayy, ayy, ayy, ayy, ayy
It's rainin', rainin'
Ooh, baby, it's rainin', rainin'
Baby, come into me
Come into me
It's rainin', rainin'
Ooh, baby, it's rainin', rainin'
You can always come into me
Come into me
It's pourin' rain
It's pourin' rain
Come into me
Come into me
It's pourin' rain
It's pourin' rain
Come into me",Missing Genre Only
2000s,2002,Murder On The Dancefloor,Sophie Ellis-Bextor,,80,3.83,False,0.229,0.518,444,16.22,115.82,"(Murder, murder, murder…)
It's murder on the dancefloor
But you better not kill the groove
DJ, gonna burn this goddamn house right down
Oh, I know, I know, I know, I know, I know, I know, I know
About your kind
And so, and so, and so, and so, and so, and so, and so
I'll have to play
If you think you're getting away, I will prove you wrong
I'll take you all the way, boy, just come along
Hear me when I say, hey
It's murder on the dancefloor
But you better not kill the groove, hey-hey, hey-hey
It's murder on the dancefloor
But you better not steal the moves
DJ, gonna burn this goddamn house right down
Oh, I know, I know, I know, I know, I know, I know, I know
I know there may be others
And so, and so, and so, and so, and so, and so, and so
You'll just have to pray
If you think you're getting away, I will prove you wrong
I'll take you all the way, stay another song
I'll blow you all away, hey
It's murder on the dancefloor
But you better not kill the groove, hey-hey, hey-hey
It's murder on the dancefloor
But you better not steal the moves
DJ, gonna turn this house around somehow
Murder on the dancefloor (On the dancefloor)
But you better not kill the groove, hey-hey, hey-hey
It's murder on the dancefloor (On the dancefloor)
But you better not steal the moves
DJ, gonna burn this goddamn house right down
Don't think you'll get away, I will prove you wrong
I'll take you all the way, boy, just come along
Hear me when I say, hey
It's murder on the dancefloor
But you better not kill the groove
It's murder on the dancefloor
But you better not steal the moves
DJ, gonna burn this goddamn house right down
It's murder on the dancefloor
But you better not kill the groove, hey-hey, hey-hey
It's murder on the dancefloor
But you better not steal the moves
DJ, gonna burn this goddamn house right down
It's murder on the dancefloor (On the dancefloor)
But you better not kill the groove, hey-hey, hey-hey
It's murder on the dancefloor (On the dancefloor)
But you better not steal the moves
DJ, gonna burn this goddamn house right down
Oh, I know, I know, I know, I know, I know, I know, I know (On the dancefloor)
But you better not kill the groove",Missing Genre Only
2000s,2005,Feel Good Inc.,Gorillaz,,90,3.71,False,0.484,0.536,423,35.46,114.0,"Ha-ha-ha-ha-ha-ha-ha-ha-ha-ha-ha-haa
Feel good
Sha-ba, sha-ba, sha-ba-da-ba, feel good
Sha-ba, sha-ba, sha-ba-da-ba, feel good
Sha-ba, sha-ba, sha-ba-da-ba, feel good
Sha-ba, sha-ba, sha-ba-da-ba, feel good
Sha-ba, sha-ba, sha-ba-da-ba, feel good
Sha-ba, sha-ba, sha-ba-da-ba, feel good
Sha-ba, sha-ba, sha-ba-da-ba, feel good
Sha-ba, sha-ba, sha-ba-da-ba, feel good
City's breaking down on a camel's back
They just have to go, 'cause they don't know wack
So while you fill the streets, it's appealing to see
You won't get out the county 'cause you're damned and free
You got a new horizon, it's ephemeral style
A melancholy town where we never smile
And all I wanna hear is the message beep
My dreams, they gotta kiss because I don't get sleep, no
*Beep
*
Windmill, windmill for the land
Turn forever, hand in hand
Take it all in on your stride
It is ticking, falling down
Love forever, love is freely
Turn forever, you and me
Windmill, windmill for the land
Is everybody in?
Laughin' gas, these hazmats, fast cats
Linin' 'em up like ass cracks
Play these ponies at the track
It's my chocolate attack
Shit, I'm steppin' in the heart of this here (Yeah)
Care Bear repping in harder this year (Yeah)
Watch me as I gravitate, ha-ha-ha-ha-ha!
Yo, we gon' ghost town this Motown
With yo' sound, you in the blink
Gon' bite the dust, can't fight with us
With yo' sound, you kill the Inc
So don't stop, get it, get it (Get it)
Until you're cheddar headed
And watch the way I navigate, ha-ha-ha-ha-ha
(Ha! Ha-ha! Ha-ha! Ha-ha! Ha!)
(Ha-ha-ha! Haa!)
(Ha-ha-ha-ha-ha! Haa!)
(Ha-ha-ha-ha-ha-ha-ha-ha! Haa!)
(Ha-ha-ha-ha-ha-ha-ha-ha!)
Sha-ba, sha-ba, sha-ba-da-ba, feel good
Sha-ba, sha-ba, sha-ba-da-ba, feel good
Sha-ba, sha-ba, sha-ba-da-ba, feel good
Sha-ba, sha-ba, sha-ba-da-ba, feel good
Windmill, windmill for the land
Turn forever, hand in hand
Take it all in on your stride
It is ticking, falling down
Love forever, love is free
Let's turn forever, you and me
Windmill, windmill for the land
Is everybody in?
Don't stop, get it, get it, peep how your captain's in it
(Sha-ba, sha-ba, sha-ba-da-ba, feel good)
Steady, watch me navigate, ha-ha-ha-ha-ha!
(Sha-ba, sha-ba, sha-ba-da-ba, feel good)
Don't stop, get it, get it, peep how your captain's in it
(Sha-ba, sha-ba, sha-ba-da-ba, feel good)
Steady, watch me navigate, ha-ha-ha-ha-ha!
(Sha-ba, sha-ba, sha-ba-da-ba, feel good)
Sha-ba, sha-ba, sha-ba-da-ba, feel good (Haa-ha-ha!)
Sha-ba, sha-ba, sha-ba-da-ba, feel good (Haa-ha-ha!)
Sha-ba, sha-ba, sha-ba-da-ba, feel good (Haa-ha-ha-ha-ha!)
Sha-ba, sha-ba, sha-ba-da-ba, feel good (Haa-ha-ha-ha-ha-ha!)",Missing Genre Only
2000s,2007,Beautiful Liar,Beyoncé,,70,3.33,False,0.26,0.521,357,32.77,107.18,"Ay, ay, ay
Nobody likes being played
Oh, Beyoncé, Beyoncé
Oh, Shakira, Shakira (Hey)
He said I'm worth it, his one desire
I know things about him that you wouldn't wanna read about
He kissed me, his one and only (Yes), beautiful liar
Tell me how you tolerate the things I just found out about
You never know
Why are we the ones who suffer?
I have to let go
He won't be the one to cry (Ay)
Let's not kill the karma (Ay)
Let's not start a fight (Ay)
It's not worth the drama
For a beautiful liar (Oh)
Can't we laugh about it? (Ha, ha, ha; oh)
It's not worth our time (Oh)
We can live without him
Just a beautiful liar
I trusted him, but when I followed you, I saw you together
I didn't know about you then 'til I saw you with him again
I walked in on your love scene, slow dancin'
You stole everything, how can you say I did you wrong? Yeah
We'll never know
When the pain and heartbreak's over
I have to let go
The innocence is gone (Ay)
Let's not kill the karma (Ay)
Let's not start a fight (Ay)
It's not worth the drama
For a beautiful liar (Oh)
Can't we laugh about it? (Ha, ha, ha; oh)
It's not worth our time (Oh)
We can live without him
Just a beautiful liar
Tell me how to forgive you (Ooh)
When it's me who's ashamed (Oh, ayy)
And I wish could free you
Of the hurt and the pain
But the answer is simple
He's the one to blame (Hey)
Ay, Beyoncé, Beyoncé
Ay, Shakira, Shakira
Oh, Beyoncé, Beyoncé
Oh, Shakira, Shakira (Hey, ay)
Let's not kill the karma (Ay)
Let's not start a fight (Ay)
It's not worth the drama
For a beautiful liar (Oh)
Can't we laugh about it? (Ha, ha, ha; oh)
It's not worth our time (Oh)
We can live without him
Just a beautiful liar",Missing Genre Only
2000s,1979,You Rock My World - Radio Edit,Michael Jackson,,68,4.45,False,0.47,0.695,689,19.59,154.88,"Chris Tucker: Oh man! Look at that girl, right there!
Goodness gracious! That girl fine, man!
Look at it, she just too fine! She know she fine too!
She is banging!
She's off the hook!
She looks good, you're right
Hey, I bet you, can't nobody get that girl
Chris, I can get her
You can't get that girl, Mike
I guarantee you can't get that girl!
Watch me get that girl
I bet you never-Neverland, you can't
I can get her
All right! Shomon, then. Shomon!
Watch
I don't think they're ready for this one
Darkchild
I like that
My life will never be the same
'Cause girl you came and changed
The way I walk
The way I talk
I cannot explain
These things I feel for you
But girl, you know it's true
Stay with me
Fulfill my dreams
And I'll be all you need
Feels so right
(Girl)
I've searched for the perfect love all my life
(All my life)
Feels like I
(Like I)
Have finally found a perfect love this time
(And I finally found)
Come on, girl
You rocked my world
You know you did
And everything I own I give
The rarest love who'd think I'd find
Someone like you to call mine
You rocked my world
You know you did
And everything I own I give
The rarest love who'd think I'd find
Someone like you to call mine
In time
I knew that love would bring
Such happiness to me
I tried to keep my sanity
I've waited patiently
Girl, you know it seems
My life is so complete
A love that's true because of you
Keep doing what you do
Think that I
Finally found the perfect love I've searched for all my life
(Searched for all my life)
Think I'd find
Such a perfect love that's awesomely so right
Girl
You rocked my world
You know you did
(Come on, come on, come on)
Everything I own I give
(You rock my world)
The rarest love who'd think I'd find
(Girl)
Someone like you to call mine
You rocked my world
(You rock my world)
You know you did
(You rock my world)
And everything I own I give
(Girl)
The rarest love who'd think I'd find
(Girl, girl)
Someone like you to call mine
You rocked my world
You know you did
And everything I own I give
(You rock my world)
The rarest love who'd think I'd find
Someone like you to call mine
You rocked my world
You know you did
And everything I own I give
(You rock my world)
The rarest love who'd think I'd find
Someone like you to call mine
And girl, I know that this is love
I felt the magic's all in the air
And girl, I'll never get enough
That's why I'll always have to have you here
You rocked my world
(You rock my world)
You know you did
Everything I own I give
(Look what you did to me, baby)
The rarest love who'd think I'd find
Someone like you to call mine
(You, you, you, you)
(You rock my world)
You rocked my world
You know you did
(I cannot explain)
And everything I own I give
('Cause you rock my world)
The rarest love who'd think I'd find
Someone like you to call mine
(You rock my world)
You rock my world
(You rocked my world, you know you did)
The way you talk to me
The way you're loving me
The way you give it to me
(You rocked my world, you know you did)
You rock my world
You rock my world
You rock my world
You rock my world
Come on, girl
Come on, girl
Baby, baby, baby
It's you and me
You and me
You and me
You rock my world
You rock my world
You rock my world",Missing Genre Only
2000s,2006,Back To Black,Amy Winehouse,,83,4.02,True,0.009,0.37,220,35.91,54.71,"He left no time to regret
Kept his dick wet
With his same old safe bet
Me and my head high
And my tears dry
Get on without my guy
You went back to what you knew
So far removed
From all that we went through
And I tread a troubled track
My odds are stacked
I'll go back to black
We only said goodbye with words
I died a hundred times
You go back to her
And I go back to
I go back to us
I love you much
It's not enough
You love blow and I love puff
And life
Is like a pipe
And I'm a tiny penny rollin' up the walls inside
We only said goodbye with words
I died a hundred times
You go back to her
And I go back to
We only said goodbye with words
I died a hundred times
You go back to her
And I go back to
Black, black, black, black
Black, black, black
I go back to
I go back to
We only said goodbye with words
I died a hundred times
You go back to her
And I go back to
We only said goodbye with words
I died a hundred times
You go back to her
And I go back to black",Missing Genre Only
2000s,2000,Rock DJ,Robbie Williams,,71,4.31,False,0.348,0.665,390,30.77,90.5,"Me with the floor show kicking with your torso
Boys getting high and the girls even more so
Wave your hands if you're not with the man
Can I kick it? (Yes you can)
I got (funk), you got (soul)
We got everybody
I've got the gift gonna stick it in the goal
It's time to move your body
Babylon back in business
Can I get a witness?
Every girl, every man (hoo-hoo, hoo-ooo)
Houston, do you hear me?
Ground control, can you feel me?
Need permission to land
I don't wanna rock DJ
But you're making me feel so nice
When's it gonna stop DJ
'Cause you're keeping me up all night
Singing in the classes, music for your masses
Give no head no backstage passes
Have a proper giggle I'll be quite polite
But when I rock the mic, I rock the mic (Right)
You got no love then you're with the wrong man
It's time to move your body
If you can't get a girl but your best friend can
It's time to move your body
I don't wanna be sleazy, baby just tease me
Got no family planned
Houston, do you hear me?
Ground control, can you feel me?
Need permission to land
I don't wanna rock (rock) DJ (DJ)
But you're making me feel so nice
When's it gonna stop (stop) DJ (DJ)
'Cause you're keeping me up all night
I don't wanna rock (rock) DJ (DJ)
But you're making me feel so nice
When's it gonna stop (stop) DJ (DJ)
'Cause you're keeping me up all night
Pimping ain't easy, most of them fleece me
Every night
Pimping ain't easy
But if you're selling it (selling it, selling it)
It's alright
Come on
I don't wanna rock (rock) DJ (DJ)
But you're making me feel so nice
When's it gonna stop (stop) DJ (DJ)
'Cause you're keeping me up all night
I don't wanna rock (rock) DJ (DJ)
But you're making me feel so nice
When's it gonna stop (stop) DJ (DJ)
'Cause you're keeping me up all night",Missing Genre Only
2000s,2004,Everybody's Changing,Keane,,79,3.6,False,0.027,0.46,202,32.18,56.14,"You say you wander your own land
But when I think about it, I don't see how you can
You're aching, you're breaking, and I can see the pain in your eyes
Says, ""Everybody's changing and I don't know why""
So little time
Try to understand that I'm
Tryin' to make a move just to stay in the game, I'm
Tryin' to stay awake and remember my name, but
Everybody's changing and I don't feel the same
You're gone from here; soon you'll disappear, fading into beautiful light
'Cause everybody's changing and I don't feel right
So little time
Try to understand that I'm
Tryin' to make a move just to stay in the game, I'm
Tryin' to stay awake and remember my name, but
Everybody's changing and I don't feel the same
So little time
Try to understand that I'm
Tryin' to make a move just to stay in the game, I'm
Tryin' to stay awake and remember my name, but
Everybody's changing and I don't feel the same
Oh, everybody's changing and I don't feel the same",Missing Genre Only
2000s,2005,Pon de Replay,Rihanna,,80,4.12,False,0.221,0.434,686,15.45,166.67,"Come, Mr. DJ, song pon de replay
Come, Mr. DJ, won't you turn the music up?
All the gyal pon the dancefloor wantin' some more what
Come, Mr. DJ, won't you turn the music up?
Come, Mr. DJ, song pon de replay
Come, Mr. DJ, won't you turn the music up?
All the gyal pon the dancefloor wantin' some more what
Come, Mr. DJ, won't you turn the music up?
It goes one by one, even two by two
Everybody on the floor, let me show you how we do
Let's go, dip it low, then you bring it up slow
Wind it up one time, wind it back once more
Come, run (Run), run (Run), everybody move (Run)
Lemme see you move, and rock it 'til the groove (Done)
Shake it 'til the moon becomes the sun (Sun)
Everybody in the club, give me a run (Run)
If you ready to move, say it (Yeah)
One time for your mind, say it (Yeah, yeah)
Well, I'm ready for ya, come, let me show ya
You want to groove, I'ma show you how to move
Come
Come, Mr. DJ, song pon de replay
Come, Mr. DJ, won't you turn the music up?
All the gyal pon the dancefloor wantin' some more what
Come, Mr. DJ, won't you turn the music up?
Come, Mr. DJ, song pon de replay
Come, Mr. DJ, won't you turn the music up?
All the gyal pon the dancefloor wantin' some more what
Come, Mr. DJ, won't you turn the music up?
Hey, Mister
Please, Mr. DJ
Tell me if you hear me
Turn the music up (Hey, Mister)
Hey, Mister
Please, Mr. DJ
Tell me if you hear me
Turn the music up
It goes one by one, even two by two
Everybody in the club gon' be rockin' when I'm through
Let the bass from the speakers run through ya sneakers
Move both ya feet and run to the beat
Come, run (Run), run (Run), everybody move (Run)
Lemme see you move and rock it 'til the groove (Done)
Shake it 'til the moon becomes the sun (Sun)
Everybody in the club give me a run (Run)
If you ready to move, say it (Yeah)
One time for your mind, say it (Yeah, yeah)
Well, I'm ready for ya, come, let me show ya
You want to groove, I'ma show you how to move
Come, Mr. DJ, song pon de replay
Come, Mr. DJ, won't you turn the music up?
All the gyal pon the dancefloor wantin' some more what
Come, Mr. DJ, won't you turn the music up?
Come, Mr. DJ, song pon de replay
Come, Mr. DJ, won't you turn the music up?
All the gyal pon the dancefloor wantin' some more what
Come, Mr. DJ, won't you turn the music up?
Hey, Mister (Hey, Mister)
Please, Mr. DJ
Tell me if you hear me
Turn the music up (Turn the music up right now)
Hey, Mister (Oh, Mister)
Please, Mr. DJ
Tell me if you hear me
Turn the music up (Turn the music up right now)
Okay, everybody get down if you feel me
Put your hands up to the ceiling
Everybody get down if you feel me
Come and put your hands up to the ceiling
Everybody get down if you feel me
Put your hands up to the ceiling
Everybody get down if you feel me
Come and put your hands up to the ceiling
Come, Mr. DJ, song pon de replay (Come, Mr. DJ, song pon de replay)
Come, Mr. DJ, won't you turn the music up?
All the gyal pon the dancefloor wantin' some more what
(All the gyal pon the dancefloor)
Come, Mr. DJ, won't you turn the music up?
Come, Mr. DJ, song pon de replay (Hey, Mr. DJ, boy)
Hey, Mr. DJ, won't you turn the music up?
All the gyal pon the dancefloor wantin' some more what
Come, Mr. DJ, won't you turn the music up?",Missing Genre Only
2000s,2006,Smile,Lily Allen,,75,3.28,True,-0.005,0.366,449,21.38,136.83,"When you first left me
I was wantin' more
But you were fucking that girl next door
What'd you do that for? (What'd you do that for?)
When you first left me
I didn't know what to say
I never been on my own that way
Just sat by myself all day
I was so lost back then
But with a little help from my friends
I found a light in the tunnel at the end
Now you're calling me up on the phone
So you can have a little whine and a moan
And it's only because you're feelin' alone
At first, when I see you cry
Yeah, it makes me smile
Yeah, it makes me smile
At worst, I feel bad for a while
But then I just smile
I go ahead and smile
Whenever you see me
You say that you want me back (Want me back)
And I tell you it don't mean jack (It don't mean jack)
No, it don't mean jack (No, it don't mean jack)
I couldn't stop laughin'
No, I just couldn't help myself (Help myself)
See, you messed up my mental health
I was quite unwell
I was so lost back then
But with a little help from my friends
I found a light in the tunnel at the end
Now you're calling me up on the phone
So you can have a little whine and a moan
And it's only because you're feelin' alone
At first, when I see you cry
Yeah, it makes me smile
Yeah, it makes me smile
At worst, I feel bad for a while
But then I just smile
I go ahead and smile
La-la-la, la-la-la, la-la-la, la-la-la
La-la-la, la-la-la, la-la-la, la-la-la
La-la-la, la-la-la, la-la-la, la-la-la, la-la-la
At first, when I see you cry (When I see you cry)
Yeah, it makes me smile (It makes me smile)
Yeah, it makes me smile (Yeah, it makes me smile)
At worst, I feel bad for a while (I feel bad for a while)
But then I just smile (But then I just smile)
I go ahead and smile (I go ahead and smile)
(La-la-la, la-la-la, la-la-la, la-la-la)
(La-la-la, la-la-la, la-la-la, la-la-la)
(La-la-la, la-la-la, la-la-la, la-la-la, la-la-la)
At first, when I see you cry (When I see you cry)
Yeah, it makes me smile (It makes me smile)
Yeah, it makes me smile (It makes me smile)
At worst, I feel bad for a while (I feel bad for a while)
But then I just smile (But then I just smile)
I go ahead and smile (I go ahead and smile)",Missing Genre Only
2000s,2004,Somewhere Only We Know,Keane,,87,3.95,False,-0.02,0.614,285,29.82,72.11,"I walked across an empty land
I knew the pathway like the back of my hand
I felt the earth beneath my feet
Sat by the river and it made me complete
Oh, simple thing, where have you gone?
I'm getting old and I need something to rely on
So tell me when you're gonna let me in
I'm getting tired and I need somewhere to begin
I came across a fallen tree
I felt the branches of it looking at me
Is this the place we used to love?
Is this the place that I've been dreaming of?
Oh, simple thing, where have you gone?
I'm getting old and I need something to rely on
So tell me when you're gonna let me in
I'm getting tired and I need somewhere to begin
And if you have a minute, why don't we go
Talk about it somewhere only we know?
This could be the end of everything
So why don't we go somewhere only we know?
Somewhere only we know
Oh, simple thing, where have you gone?
I'm getting old and I need something to rely on
So tell me when you're gonna let me in
I'm getting tired and I need somewhere to begin
And if you have a minute, why don't we go
Talk about it somewhere only we know?
This could be the end of everything
So why don't we go? So why don't we go?
Ooh-ooh-ooh
Oh-oh-oh
This could be the end of everything
So why don't we go somewhere only we know?
Somewhere only we know
Somewhere only we know",Missing Genre Only
2000s,2009,Party In The U.S.A.,Miley Cyrus,,81,3.37,False,0.38,0.593,516,26.16,153.22,"I hopped off the plane at LAX
With a dream and my cardigan
Welcome to the land of fame excess (Woah)
Am I gonna fit in?
Jumped in the cab, here I am for the first time
Look to my right, and I see the Hollywood sign
This is all so crazy
Everybody seems so famous
My tummy's turnin' and I'm feelin' kinda homesick
Too much pressure and I'm nervous
That's when the taxi man turned on the radio
And a Jay-Z song was on
And a Jay-Z song was on
And a Jay-Z song was on
So I put my hands up
They're playin' my song, the butterflies fly away
I'm noddin' my head like, ""Yeah""
Movin' my hips like, ""Yeah""
I got my hands up, they're playin' my song
I know I'm gonna be okay
Yeah, it's a party in the U.S.A
Yeah, it's a party in the U.S.A
Get to the club in my taxi cab
Everybody's lookin' at me now
Like, ""Who's that chick that's rockin' kicks?""
""She gotta be from out of town""
So hard with my girls not around me
It's definitely not a Nashville party
'Cause all I see are stilettos
I guess I never got the memo
My tummy's turnin' and I'm feelin' kinda homesick
Too much pressure and I'm nervous
That's when the DJ dropped my favorite tune
And a Britney song was on
And a Britney song was on
And a Britney song was on
So I put my hands up
They're playin' my song, the butterflies fly away
I'm noddin' my head like, ""Yeah""
Movin' my hips like, ""Yeah""
I got my hands up, they're playin' my song
I know I'm gonna be okay
Yeah, it's a party in the U.S.A
Yeah, it's a party in the U.S.A
Feel like hopping on a flight (On a flight)
Back to my hometown tonight (Town tonight)
Something stops me every time (Every time)
The DJ plays my song, and I feel all right (Hey, hey)
So I put my hands up
They're playin' my song, the butterflies fly away
I'm noddin' my head like, ""Yeah"" (N-n-n-noddin' my head)
Movin' my hips like, ""Yeah"" (Ooh, yeah)
I got my hands up, they're playin' my song
I know I'm gonna be okay (Gonna be okay)
Yeah (Na-na, na-na), it's a party in the U.S.A
Yeah, it's a party in the U.S.A
So I put my hands up
They're playin' my song, the butterflies fly away (Flying away)
I'm noddin' my head like, ""Yeah"" (Noddin' my head like, ""Yeah"")
Movin' my hips like, ""Yeah"" (Movin' my hips like, ""Yeah"")
I got my hands up, they're playin' my song
I know I'm gonna be okay (I'm gonna be okay)
Yeah (Yeah), it's a party in the U.S.A
Yeah (Ha-ha-ha, ha-ha), it's a party in the U.S.A",Missing Genre Only
2000s,2000,Yellow,Coldplay,,91,4.45,False,0.243,0.421,213,28.17,47.91,"Look at the stars
Look how they shine for you
And everything you do
Yeah, they were all yellow
I came along
I wrote a song for you
And all the things you do
And it was called ""Yellow""
So then I took my turn
Oh, what a thing to have done
And it was all yellow
(
Ah
) Your skin, oh, yeah, your skin and bones
(
Ooh
) Turn into something beautiful
(
Ah
) And you know, you know I love you so
You know I love you so
I swam across
I jumped across for you
Oh, what a thing to do
'Cause you were all yellow
I drew a line
I drew a line for you
Oh, what a thing to do
And it was all yellow
(Ah) And your skin, oh, yeah, your skin and bones
(Ooh) Turn into something beautiful
(
Ah
) And you know, for you, I'd bleed myself dry
For you, I'd bleed myself dry
It's true
Look how they shine for you
Look how they shine for you
Look how they shine for
Look how they shine for you
Look how they shine for you
Look how they shine
Look at the stars
Look how they shine for you
And all the things that you do",Missing Genre Only
2000s,2003,Where Is The Love?,Black Eyed Peas,,82,4.54,False,0.164,0.592,689,35.85,151.69,"What's wrong with the world, Mama?
People livin' like they ain't got no mamas
I think the whole world's addicted to the drama
Only attracted to things that'll bring you trauma
Overseas, yeah, we tryna stop terrorism
But we still got terrorists here livin'
In the USA, the big CIA
The Bloods and the Crips and the KKK
But if you only have love for your own race
Then you only leave space to discriminate
And to discriminate only generates hate
And when you hate, then you're bound to get irate, yeah
Madness is what you demonstrate
And that's exactly how anger works and operates
Man, you gotta have love just to set it straight
Take control of your mind and meditate
Let your soul gravitate to the love, y'all, y'all
People killin', people dyin'
Children hurt, and you hear them cryin'
Can you practice what you preach?
And would you turn the other cheek?
Father, father, father, help us
Send some guidance from above
'Cause people got me, got me questioning
Where is the love?
(Love) Where is the love? (The love)
Where is the love? (The love)
Where is the love, the love, the love?
It just ain't the same, old ways have changed
New days are strange, is the world insane?
If love and peace is so strong
Why are there pieces of love that don't belong?
Nations droppin' bombs
Chemical gases filling lungs of little ones
With ongoing sufferin' as the youth die young
So ask yourself, is the lovin' really gone?
So I can ask myself, really, what is going wrong
With this world that we livin' in? People keep on givin' in
Makin' wrong decisions, only visions of them dividends
Not respectin' each other, deny thy brother
A war is goin' on, but the reason's undercover
The truth is kept secret, and swept under the rug
If you never know truth, then you never know love
Where's the love, y'all? Come on (I don't know)
And where's the truth, y'all? Come on (I don't know)
And where's the love y'all?
People killin', people dyin'
Children hurt, and you hear them cryin'
Can you practice what you preach?
And would you turn the other cheek?
Father, father, father, help us
Send some guidance from above
'Cause people got me, got me questioning
Where is the love?
(Love) Where is the love? (The love)
Where is the love? (The love)
Where is the love? (The love)
Where is the love?
(Love) Where is the love? (The love)
Where is the love? (The love)
Where is the love, the love, the love?
I feel the weight of the world on my 
shoulder
As I'm gettin' older, y'all people gets 
colder
Most of us only care about 
money-makin'
Selfishness got us followin' the 
wrong direction
Wrong information always shown by the 
media
Negative images is the main 
criteria
Infecting the young minds faster than 
bacteria
Kids wanna act like what they see in the cinema
Yo, whatever happened to the values of humanity? (Yeah)
Whatever happened to the fairness and equality? (Yeah)
Instead of spreading love, we spreading animosity (Yeah)
Lack of understanding leading us away from unity
That's the reason why sometimes I'm feelin' under
That's the reason why sometimes I'm feelin' down
It's no wonder why sometimes I'm feelin' under
Gotta keep my faith alive 'til love is found
Now ask yourself
Where is the love?
Where is the love?
Where is the love?
Where is the love?
Father, father, father, help us
Send some guidance from above
'Cause people got me, got me questioning
Where is the love?
Now sing with me, y'all (One world, one world)
We only got (One world, one world)
That's all we got (One world, one world)
And something's wrong with it (Yeah)
Something's wrong with it (Yeah)
Something's wrong with the w-world, world, yeah
We only got (One world, one world)
That's all we got (One world, one world)",Missing Genre Only
2000s,2007,This Is The Life,Amy Macdonald,,79,3.07,False,-0.058,0.491,459,18.95,149.34,"Oh, the wind whistles down the cold, dark street tonight
And the people, they were dancin' to the music vibe
And the boys chase the girls with the curls in their hair
While the shy, tormented youth sit way over there
And the songs, they get louder, each one better than before
And you're singin' the songs, thinkin' this is the life
And you wake up in the mornin', and your head feels twice the size
Where you gonna go, where you gonna go?
Where you gonna sleep tonight?
And you're singin' the songs, thinkin' this is the life
And you wake up in the mornin', and your head feels twice the size
Where you gonna go, where you gonna go?
Where you gonna sleep tonight?
Where you gonna sleep tonight?
So you're headin' down the road in your taxi for four
And you're waitin' outside Jimmy's front door
But nobody's in, and nobody's home till four
So you're sittin' there with nothin' to do
Talkin' about Robert Riger and his motley crew
And where you gonna go, and where you gonna sleep tonight
And you're singin' the songs, thinkin' this is the life
And you wake up in the mornin', and your head feels twice the size
Where you gonna go, where you gonna go?
Where you gonna sleep tonight?
And you're singin' the songs, thinkin' this is the life
And you wake up in the mornin', and your head feels twice the size
Where you gonna go, where you gonna go?
Where you gonna sleep tonight?
Where you gonna sleep tonight?
And you're singin' the songs, thinkin' this is the life
And you wake up in the mornin', and your head feels twice the size
Where you gonna go, where you gonna go?
Where you gonna sleep tonight?
And you're singin' the songs, thinkin' this is the life
And you wake up in the mornin', and your head feels twice the size
Where you gonna go, where you gonna go?
Where you gonna sleep tonight?
And you're singin' the songs, thinkin' this is the life
And you wake up in the mornin', and your head feels twice the size
Where you gonna go, where you gonna go?
Where you gonna sleep tonight?
And you're singin' the songs, thinkin' this is the life
And you wake up in the mornin', and your head feels twice the size
Where you gonna go, where you gonna go?
Where you gonna sleep tonight?
Where you gonna sleep tonight?",Missing Genre Only
2000s,2008,Infinity 2008 - Klaas Vocal Edit,Guru Josh Project,,75,3.2,False,0.05,0.7,112,26.79,34.95,"Here's my key, philosophy
A freak like me just needs infinity
Relax, take your time
And take your time to trust in me
And you will find infinity, infinity
And take your time to trust in me
And you will find infinity, infinity
And time goes by so naturally
While you receive
Infinity
Here's my key, philosophy
A freak like me just needs infinity
Relax, take your time
And take your time to trust in me
And you will find infinity
Infinity, infinity, infinity
Infinity, infinity, infinity
And take your time to trust in me
And you will find—
And time goes by so naturally
While you receive infinity
Infinity",Missing Genre Only
2000s,2010,TiK ToK,Kesha,,85,3.33,False,-0.102,0.469,509,29.47,152.93,"Wake up in the mornin' feelin' like P. Diddy (
Hey, what up, girl?
)
Grab my glasses, I'm out the door, I'm gonna hit this city (
Let's go
)
Before I leave, brush my teeth with a bottle of Jack
'Cause when I leave for the night, I ain't comin' back
I'm talkin' pedicure on our toes, toes
Tryin' on all our clothes, clothes
Boys blowin' up our phones, phones
Drop-toppin', playin' our favorite CDs
Pullin' up to the parties
Tryna get a little bit tipsy
Don't stop, make it pop, DJ, blow my speakers up
Tonight, I'ma fight 'til we see the sunlight
Tick-tock on the clock, but the party don't stop, no
Oh, woah, woah, oh (Oh)
Oh, woah, woah, oh
Don't stop, make it pop, DJ, blow my speakers up
Tonight, I'ma fight 'til we see the sunlight
Tick-tock on the clock, but the party don't stop, no
Oh, woah, woah, oh (Oh)
Oh, woah, woah, oh
Ain't got a care in the world, but got plenty of beer
Ain't got no money in my pocket, but I'm already here
And now the dudes are linin' up 'cause they hear we got swagger
But we kick 'em to the curb unless they look like Mick Jagger
I'm talkin' 'bout everybody gettin' crunk (Crunk)
Boys try to touch my junk (Junk)
Gonna smack him if he gettin' too drunk, drunk
Now, now we go until they kick us out (Out)
Or the police shut us down, down
Police shut us down, down, po-po shut us (Dow—)
Don't stop, make it pop, DJ, blow my speakers up
Tonight, I'ma fight 'til we see the sunlight
Tick tock on the clock, but the party don't stop, no
Oh, woah, woah, oh (Oh)
Oh, woah, woah, oh
Don't stop, make it pop, DJ, blow my speakers up
Tonight, I'ma fight 'til we see the sunlight
Tick tock on the clock, but the party don't stop, no
Oh, woah, woah, oh (Oh)
Oh, woah, woah, oh
(DJ) You build me up, you break me down
My heart, it pounds, yeah, you got me
With my hands up, you got me now
You got that sound, yeah, you got me (Oh, oh, oh)
(DJ) You build me up, you break me down
My heart, it pounds, yeah, you got me (Oh, oh, oh)
With my hands up, put your hands up, put your hands up
Now, the party don't start 'til I walk in
Don't stop, make it pop, DJ, blow my speakers up
Tonight, I'ma fight 'til we see the sunlight
Tick tock on the clock, but the party don't stop, no
Oh, woah, woah, oh (Oh)
Oh, woah, woah, oh
Don't stop, make it pop, DJ, blow my speakers up
Tonight, I'ma fight 'til we see the sunlight
Tick tock on the clock, but the party don't stop, no
Oh, woah, woah, oh (Oh)
Oh, woah, woah, oh",Missing Genre Only
2000s,2002,Rock Your Body,Justin Timberlake,,83,4.45,False,0.188,0.462,662,20.85,148.62,"Don't be so quick to walk away
Dance with me
I wanna rock your body, please stay
Dance with me
You don't have to admit you wanna play
Dance with me
Just let me rock you 'til the break of day
Dance with me
Guy time, but I don't mind
Just wanna rock you, girl
I'll have whatever you have
Come on, let's give it a whirl
See, I've been watchin' you
And I like the way you move
So go ahead, girl, just do
That ass-shakin' thing you do
So you grab your girls and you grab a couple more
And you all come meet me in the middle of the floor
Said the air is thick, it's smellin' right
So you pass to the left, then you sail to the right
Don't be so quick to walk away
Dance with me
I wanna rock your body, please stay
Dance with me
You don't have to admit you wanna play
Dance with me
Just let me rock you 'til the break of day
Dance with me
I don't mean no harm
Just wanna rock you, girl
Make a move, but be calm
Let's go, let's give it a whirl
See, it appears to me
You like the way I move
I'll tell you what I'm gon' do
Pull you close and share my groove
So you grab your girls and you grab a couple more
And you all come meet me in the middle of the floor
Said the air is thick, it's smellin' right
So you pass to the left, then you sail to the right
Don't be so quick to walk away
Dance with me
I wanna rock your body, please stay
Dance with me
You don't have to admit you wanna play
Dance with me
Just let me rock you 'til the break of day
Dance with me
Talk to me, boy
No disrespect, I don't mean no harm
Talk to me, boy
But I can't wait to have you in my arms
Talk to me, boy
Hurry up 'cause you're takin' too long
Talk to me, boy
Better have you naked by the end of this song
So what did you come for?
I came to dance with you
And you know that you don't wanna hit the floor
Came to romance with you
You're searchin' for love forever more
And I'll take a chance
If love is here on the floor
, 
girl
Hey, dance with me
Yeah
Come on, baby
Don't be so quick to walk away (Don't walk away)
Come on and dance with me
I wanna rock your body, please stay (Let me rock your body)
Come on and dance with me
You don't have to admit you wanna play (You don't have to admit you wanna play)
Just dance with me
Just let me rock you 'til the break of day (Do-do-do-do)
Come on and dance with me
Talk to me, boy
No disrespect, I don't mean no harm
Talk to me, boy
But I can't wait to have you in my arms
Talk to me, boy
Hurry up 'cause you're takin' too long (Come on, baby)
Talk to me, boy
Better have you naked by the end of this song
Don't be so quick to walk away (I was just thinkin' of you)
Don't be so quick to walk away (We could do somethin')
Don't be so quick to walk away (I like the way you look right now)
Don't be so quick to walk away (Come over here, baby)
Are you feelin' me?
Let's do somethin'
Let's make a bet
'Cause I
I better have you naked by the end of this song",Missing Genre Only
2000s,2004,Left Outside Alone,Anastacia,,66,4.29,False,-0.018,0.28,398,25.13,92.76,"All my life I've been waiting
For you to bring a fairy tale my way
Been living in a fantasy without meaning
It's not okay I don't feel safe
I don't feel safe
Left broken, empty and in despair
Wanna breathe, can't find air
Thought you were sent from up above
But you and me never had love
So much more I have to say
Help me find a way
And I wonder if you know how it really feels
To be left outside alone when it's cold out here
Well, maybe you should know just how it feels
To be left outside alone
To be left outside alone
I tell you, all my life I've been waiting
For you to bring a fairy tale my way
Been living in a fantasy without meaning
It's not okay, I don't feel safe
I need to pray
Why do you play me like a game?
Always someone else to blame
Careless, helpless little man
Someday I might understand
There's not much more to say
But I hope you find a way
Still, I wonder if you know how it really feels
To be left outside alone when it's cold out here
Well, maybe you should know just how it feels
To be left outside alone
To be left outside alone
I tell you, all my life I've been waiting
For you to bring a fairy tale my way
Been living in a fantasy without meaning
It's not okay, I don't feel safe
I need to pray
Heavenly father
Please, heavenly father (save me)
Oh, save me
And I wonder if you know how it really feels
To be left outside alone when it's cold out here
Well, maybe you should know just how it feels
To be left outside alone
To be left outside alone
I said, I said, I wonder if you know how it really feels
To be left outside alone when it's cold out here
Well, maybe you should know just how it feels
To be left outside alone
To be left outside alone
All my life I've been waiting
For you to bring a fairy tale my way
Been living in a fantasy without meaning
It's not okay, I don't feel safe
I need to pray",Missing Genre Only
2000s,2011,Pumped Up Kicks,Foster The People,,85,3.99,False,0.254,0.457,389,24.42,97.41,"Robert's got a quick hand
He'll look around the room, he won't tell you his plan
He's got a rolled cigarette
Hanging out his mouth, he's a cowboy kid
Yeah, he found a six-shooter gun
In his dad's closet with a box of fun things
I don't even know what
But he's coming for you, yeah, he's coming for you, wait
All the other kids with the pumped-up kicks
You better run, better run, outrun my gun
All the other kids with the pumped-up kicks
You better run, better run faster than my bullet
All the other kids with the pumped-up kicks
You better run, better run, outrun my gun
All the other kids with the pumped-up kicks
You better run, better run faster than my bullet
Daddy works a long day
He be coming home late, and he's coming home late
And he's bringing me a surprise
'Cause dinner's in the kitchen, and it's packed in ice
I've waited for a long time
Yeah, the sleight of my hand is now a quick-pull trigger
I reason with my cigarette
And say, ""Your hair's on fire, you must've lost your wits,"" yeah
All the other kids with the pumped-up kicks
You better run, better run, outrun my gun
All the other kids with the pumped-up kicks
You better run, better run faster than my bullet
All the other kids with the pumped-up kicks
You better run, better run, outrun my gun
All the other kids with the pumped-up kicks
You better run, better run faster than my bullet
Run, run, run, run
Ru-ru-ru-run, run, run
Ru-ru-ru-ru-run, run, run, run
Ru-ru-ru-run
Run, run, ru-run, run
All the other kids with the pumped-up kicks
You better run, better run, outrun my gun
All the other kids with the pumped-up kicks
You better run, better run faster than my bullet
All the other kids with the pumped-up kicks
You better run, better run, outrun my gun
All the other kids with the pumped-up kicks
You better run, better run faster than my bullet
All the other kids with the pumped-up kicks
You better run, better run, outrun my gun
All the other kids with the pumped-up kicks
You better run, better run faster than my bullet",Missing Genre Only
2000s,2009,Heads Will Roll,Yeah Yeah Yeahs,,70,3.68,False,-0.175,0.381,248,18.15,67.33,"Off with your head
Dance 'til you're dead
Heads will roll
Heads will roll
Heads will roll
On the floor
Glitter on the wet streets
Silver over everything
The river's all wet
You're all chrome
Dripping with alchemy
Shiver, stop shivering
The glitter's all wet
You're all chrome
The men cry out, the girls cry out
The men cry out, the girls cry out
The men cry out, oh no
The men cry out, the girls cry out
The men cry out, the girls cry out
The men cry out, oh no
Oh, ah
Oh, ah
Off, off with your head
Dance, dance 'til you're dead (Dead)
Heads will roll
Heads will roll
Heads will roll
On the floor
Looking glass
Take the past
Shut your eyes
Mirror lies
Looking glass
Take the past
Shut your eyes
Mirror lies
Glitter on the wet streets
Silver over everything
The glitter's all wet
You're all chrome
You're all chrome
Oh, ah
Oh, ah
Off, off, off with your head
Dance, dance, dance 'til you're dead
Off, off, off with your head
Dance, dance, dance 'til you're dead
Off, off, off with your head
Dance, dance, dance 'til you're dead
Off, off, off with your head
Dance, dance, dance 'til you're dead
Off, off, off with your head
Dance, dance, dance 'til you're dead
Off, off, off with your head
Dance, dance, dance 'til you're dead",Missing Genre Only
2000s,2006,SexyBack (feat. Timbaland),Justin Timberlake,,86,4.05,True,0.0,0.0,454,22.03,112.22,"Seksiyi geri getiriyorum (Evet)
Diğer oğlanlar nasıl davranacaklarını bilmiyorlar (Evet)
Özel olduğunu düşünüyorum, arkanda ne var? (Evet)
O yüzden arkanı dön ve boşluğu dolduracağım (Evet)
Köprüye taşı, haydi (Dinle)
Kirli kız (Uh-huh)
Şu prangaları görüyorsun, tatlım, senin kölenim (Uh-huh)
Eğer yaramazlık yaparsam beni kamçılamana izin vereceğim (Uh-huh)
Kimse bana böyle hissettirmiyor sadece (Uh-huh)
Nakarata taşı
Buraya gel, kızım (Önden buyur, akışa bırak)
Arkaya gel (Önden buyur, akışa bırak)
VIP (Önden buyur, akışa bırak)
İçecekler benden (Önden buyur, akışa bırak)
Neyle twerk yaptığını göreyim (Önden buyur, akışa bırak)
Şu kalçalara bak (Önden buyur, akışa bırak)
Beni gülümsetiyorsun (Önden buyur, akışa bırak)
Önden buyur, çocuğum (Önden buyur, akışa bırak)
Ve seksiliğini takın (Önden buyur, akışa bırak)
Seksiliğini takın (Önden buyur, akışa bırak)
Seksiliğini takın (Önden buyur, akışa bırak)
Seksiliğini takın (Önden buyur, akışa bırak)
Seksiliğini takın, ha (Önden buyur, akışa bırak)
Seksiliğini takın (Önden buyur, akışa bırak)
Seksiliğini takın (Önden buyur, akışa bırak)
Seksiliğini takın
Seksiyi geri getiriyorum (Evet)
Diğer sikikler nasıl davranacaklarını bilmiyorlar (Evet)
Kızım, izin ver telafi edeyim eksik olanlarını (Evet)
Çünkü yanıyorsun, hızlıca almam gerek (Evet)
Köprüye taşı, haydi (Dinle)
Kirli kız (Uh-huh)
Şu prangaları görüyorsun, tatlım, senin kölenim (Uh-huh)
Eğer yaramazlık yaparsam beni kamçılamana izin vereceğim (Uh-huh)
Kimse bana böyle hissettirmiyor sadece (Uh-huh)
Nakarata taşı, ha
Buraya gel, kızım (Önden buyur, akışa bırak)
Arkaya gel (Önden buyur, akışa bırak)
VIP (Önden buyur, akışa bırak)
İçecekler benden (Önden buyur, akışa bırak)
Neyle twerk yaptığını göreyim (Önden buyur, akışa bırak)
Şu kalçalara bak (Önden buyur, akışa bırak)
Beni gülümsetiyorsun (Önden buyur, akışa bırak)
Önden buyur, çocuğum (Önden buyur, akışa bırak)
Ve seksiliğini takın (Önden buyur, akışa bırak)
Seksiliğini takın (Önden buyur, akışa bırak)
Seksiliğini takın (Önden buyur, akışa bırak)
Seksiliğini takın (Önden buyur, akışa bırak)
Seksiliğini takın, ha (Önden buyur, akışa bırak)
Seksiliğini takın (Önden buyur, akışa bırak)
Seksiliğini takın (Önden buyur, akışa bırak)
Seksiliğini takın, ha
Hazır mısın?
Hazır mısın?
Hazır mısın?
Uh (Evet)
Seksiyi geri getiriyorum (Evet)
Siz orospu çocukları nasıl saldırdığımı seyrediyorsunuz (Evet)
Eğer o senin sevgilinse, arkanı kontrol etsen iyi olur (Evet)
Çünkü kız benim için yakacak, ve bu bir gerçek (Evet)
Nakarata taşı, ha
Buraya gel, kızım (Önden buyur, akışa bırak)
Arkaya gel (Önden buyur, akışa bırak)
VIP (Önden buyur, akışa bırak)
İçecekler benden (Önden buyur, akışa bırak)
Neyle twerk yaptığını göreyim (Önden buyur, akışa bırak)
Şu kalçalara bak (Önden buyur, akışa bırak)
Beni gülümsetiyorsun (Önden buyur, akışa bırak)
Önden buyur, çocuğum (Önden buyur, akışa bırak)
Ve seksiliğini takın (Önden buyur, akışa bırak)
Seksiliğini takın (Önden buyur, akışa bırak)
Seksiliğini takın (Önden buyur, akışa bırak)
Seksiliğini takın (Önden buyur, akışa bırak)
Seksiliğini takın, ha (Önden buyur, akışa bırak)
Seksiliğini takın (Önden buyur, akışa bırak)
Seksiliğini takın (Önden buyur, akışa bırak)
Seksiliğini takın
Hazır mısın? (Evet)
Hazır mısın? (Evet)
(Evet)",Missing Genre Only
2000s,2010,Break Your Heart,Taio Cruz,,69,3.36,False,-0.101,0.86,388,18.04,115.51,"Woah
Woah
Woah
Woah (Uh)
Now listen to me, baby (Oh, oh-oh, oh, oh)
Before I love and leave you (Oh, oh-oh, oh, oh)
They call me heartbreaker (Oh, oh-oh, oh, oh)
I don't wanna deceive you (Oh, oh-oh, oh, oh)
If you fall for me
I'm not easy to please
I might tear you apart
Told you from the start, baby, from the start
I'm only gonna break, break your, break, break your heart
I'm only gonna break, break your, break, break your heart
I'm only gonna break, break your, break, break your heart
I'm only gonna break, break your, break, break your heart, uh
Woah
Woah
There's no point tryna hide it (Oh, oh-oh, oh, oh)
No point tryna evade it (Oh, oh-oh, oh, oh)
I know I got a problem (Oh, oh-oh, oh, oh)
Problem with misbehavin' (Oh, oh-oh, oh, oh)
If you fall for me
I'm not easy to please
I might tear you apart
Told you from the start, baby, from the start
I'm only gonna break, break your, break, break your heart
I'm only gonna break, break your, break, break your heart
I'm only gonna break, break your, break, break your heart
I'm only gonna break, break your, break, break your heart, uh
Woah
Woah
Woah
Woah
Eh, and I know karma's gonna get me back for bein' so cold, eh
Like the big bad wolf, I'm born to be bad and bad to the bone, eh
If you fall for me, I'm only gonna tear you apart, eh
Told you from the start, eh
I'm only gonna break, break your, break, break your heart
I'm only gonna break, break your, break, break your heart
I'm only gonna break, break your, break, break your heart
I'm only gonna break, break your, break, break your heart
I'm only gonna break, break your, break, break your heart
I'm only gonna break, break your, break, break your heart
I'm only gonna break, break your, break, break your heart
I'm only gonna break, break your, break, break your heart, uh
Woah
Woah
Woah
Woah",Missing Genre Only
2000s,2007,Beautiful Girls,Sean Kingston,,80,3.76,False,0.235,0.611,431,32.25,114.74,"J.R., Sean Kingston
You're way too beautiful, girl
That's why it'll never work
You have me suicidal, suicidal
When you say it's over
Damn, all these beautiful girls
They only wanna do you dirt
They'll have you suicidal, suicidal
When they say it's over
See, it started at the park, used to chill after dark
Oh, when you took my heart, that's when we fell apart
'Cause we both thought that love last forever (Last forever)
They say we're too young to get ourselves sprung
Oh, we didn't care, we made it very clear
And they also said that we couldn't last together (Last together)
See, it's very defined, you're one of a kind
But you mash up my mind, you haffi get declined
Oh Lord, my baby is drivin' me crazy
You're way too beautiful, girl
That's why it'll never work
You have me suicidal, suicidal
When you say it's over
Damn, all these beautiful girls
They only wanna do you dirt
They'll have you suicidal, suicidal
When they say it's over
It was back in '99, watchin' movies all the time
Oh, when I went away for doin' my first crime
And I never thought that we was gonna see each other (See each other)
And then I came out, mami moved me down south
Oh, I'm with my girl who I thought was my world
It came out to be that she wasn't the girl for me (Girl for me)
See, it's very defined, you're one of a kind
But you mash up my mind, you haffi get declined
Oh Lord, my baby is drivin' me crazy
You're way too beautiful, girl
That's why it'll never work
You have me suicidal, suicidal
When you say it's over
Damn, all these beautiful girls
They only wanna do you dirt
They'll have you suicidal, suicidal
When they say it's over
Now we're fussin', and now we're fighting
Please tell me why I'm feelin' slighted
And I don't know how to make it better (Make it better)
You're dating other guys, you're telling me lies
Oh, I can't believe what I'm seein' with my eyes
I'm losin' my mind and I don't think it's clever (Think it's clever)
You're way too beautiful, girl
That's why it'll never work
You have me suicidal, suicidal, suicidal",Missing Genre Only
2000s,2007,Crazy,Gnarls Barkley,,81,2.97,False,-0.218,0.704,226,46.9,76.21,"I remember when
I remember, I remember when I lost my mind
There was something so pleasant about that place
Even your emotions have an echo in so much space, mm
And when you're out there without care
Yeah, I was out of touch
But it wasn't because I didn't know enough
I just knew too much, mm
Does that make me crazy?
Does that make me crazy?
Does that make me crazy?
Possibly
And I hope that you are having the time of your life
But think twice, that's my only advice, mm
Come on now, who do you
Who do you, who do you, who do you think you are?
Ha, ha, ha, bless your soul
You really think you're in control?
Well, I think you're crazy
I think you're crazy
I think you're crazy
Just like me
My heroes had the heart to lose their lives out on the limb
And all I remember is thinkin' I wanna be like them, mhm
Ever since I was little
Ever since I was little, it looked like fun
And it's no coincidence I've come
And I can die when I'm done
But maybe I'm crazy
Maybe you're crazy
Maybe we're crazy
Probably
Mm-woah, ooh
Ooh, woo-ooh
Ooh, ooh
Ooh-hoo, mhm",Missing Genre Only
2000s,2002,Feel,Robbie Williams,,77,4.4,False,0.15,0.591,259,34.75,58.89,"Come and hold my hand
I wanna contact the living
Not sure I understand
This role I've been given
I sit and talk to God
And he just laughs at my plans
My head speaks a language
I don't understand
I just wanna feel real love
Fill the home that I live in
'Cause I got too much life
Running through my veins
Going to waste
I don't wanna die
But I ain't keen on living either
Before I fall in love
I'm preparing to leave her
Scare myself to death
That's why I keep on running
Before I've arrived
I can see myself coming
I just wanna feel real love
Fill the home that I live in
'Cause I got too much life
Running through my veins
Going to waste
And I need to feel real love
And a life ever after
I can not get enough
I just wanna feel real love
Fill the home that I live in
I got too much love
Running through my veins
To go to waste
I just wanna feel real love
And a life ever after
There's a hole in my soul
You can see it in my face
It's a real big place
([?])
(Figure it out, Feel)
Come and hold my hand
I wanna contact the living
Not sure I understand
This role I've been given
Not sure I understand
Not sure I understand
Not sure I understand
Not sure I understand",Missing Genre Only
2000s,2009,4 Minutes (feat. Justin Timberlake & Timbaland),Madonna,,77,3.16,False,0.0,0.0,498,27.11,157.52,"Sono in ritardo ,mi restano solo 4 minuti
Fikki fikki, 4 minuti, aye
Sono in ritardo ,mi restano solo 4 minuti
Fikki fikki, 4 minuti, aye
Sono in ritardo ,mi restano solo 4 minuti
Fikki fikki, 4 minuti, aye
Sono in ritardo ,mi restano solo 4 minuti
Fikki fikki, 4 minuti, aye
Sono in ritardo ,mi restano solo 4 minuti
Fikki fikki, 4 minuti, aye
Sono in ritardo ,mi restano solo 4 minuti
Fikki fikki, 4 minuti, aye
Sono in ritardo ,mi restano solo 4 minuti
Fikki fikki, 4 minuti, aye
Sono in ritardo ,mi restano solo 4 minuti
Fikki fikki, andiamo
Ah, yeah, ha, breakdown, andiamo
Hey, uh, andiamo, Madonna
Andiamo
Stavo aspettando qualcuno che mi facesse divertire, ah
Ah, bene, non sprechiamo tempo
Batti un colpo, dimmi come ti vuoi muovere, mmm
Voglio qualcuno che acceleri, e che poi rallenti
C'è spazio abbastanza per entrambe le cose
Bеne, posso cavarmela, devi solo mostrarmi dov'è
Sеi pronto? Sei pronto?
(Fikki fikki, fikki fikki, come on)
Se lo vuoi, ce l'hai già
Se l'hai pensato, farebbe meglio ad essere ciò che vuoi davvero (Fikki, fikki, ow)
Se lo senti, deve essere per davvero
Dì quella parola, e ti darò ciò che vuoi
Il tempo sta aspettando
Abbiamo soltanto 4 minuti per salvare il mondo
Senza esitazione
Prendi un ragazzo, prendi una ragazza
Il tempo sta aspettando
Abbiamo soltanto 4 minuti per salvare il mondo
Senza esitazione
Abbiamo soltanto 4 minuti, heh, 4 minuti
Continua così, continua così
Non fare la pri-(hey)-madonna (uh)
Devi metterti in riga, hop
(Tick tock, tick tock, tick tock)
Esatto, continua così , continua così
Non fare la pri-(hey)-madonna (uh)
Devi metterti in riga, hop
(Tick tock, tick tock, tick tock)
A volte penso che ciò di cui ho bisogno è un tuo intervento, yeah
E posso dire che ti piace
E va bene così, dal modo in cui ti muovi, oh, hey
La strada verso l'inferno è fatta di buone intenzioni, yeah
Ma se muoio stanotte almeno so di aver fatto ciò che volevo fare
E tu invece?
(Fikki, fikki, ow)
Se lo vuoi, ce l'hai già
Se l'hai pensato, farebbe meglio ad essere ciò che vuoi davvero (Fikki, fikki, ow)
Se lo senti, deve essere per davvero
Dì quella parola, e ti darò ciò che vuoi
Il tempo sta aspettando
Abbiamo soltanto 4 minuti per salvare il mondo
Senza esitazione
Prendi un ragazzo, prendi una ragazza
Il tempo sta aspettando
Abbiamo soltanto 4 minuti per salvare il mondo
Senza esitazione
Abbiamo soltanto 4 minuti, heh, 4 minuti
Continua così, continua così
Non fare la pri-(hey)-madonna (uh)
Devi metterti in riga, hop
(Tick tock, tick tock, tick tock)
Esatto, continua così , continua così
Non fare la pri-(hey)-madonna (uh)
Devi metterti in riga, hop
(Tick tock, tick tock, tick tock)
Breakdown, yeah
(Tick tock, tick tock, tick tock)
Yeah, uh
(Tick tock, tick tock, tick tock)
Mi restano solo 4 minuti, per salvare il mondo",Missing Genre Only
2000s,2001,Clint Eastwood,Gorillaz,,81,5.68,True,0.105,0.478,620,32.42,109.12,"Hoo-hoo-hoo-hoo-hoo
I ain't happy, I'm feeling glad
I got sunshine in a bag
I'm useless, but not for long
The future is coming on
I ain't happy, I'm feeling glad
I got sunshine in a bag
I'm useless, but not for long
The future is coming on
It's coming on, it's coming on (Poof, right)
It's coming on, it's coming on (Yeah, haha)
Finally, someone let me out of my cage
Now time for me is nothing 'cause I'm countin' no age
Nah, I couldn't be there, now you shouldn't be scared
I'm good at repairs (It's all simple) and I'm under each snare
Intangible (Ah, y'all), bet you didn't think, so I command you to
Panoramic view (View?), look, I'll make it all manageable
Pick and choose, sit and lose, all you different crews
Chicks and dudes, who you think is really kickin' tunes?
Picture you getting down in a picture tube
Like you lit the fuse, you think it's fictional?
Mystical? Maybe, spiritual hero
Who appears in you to clear your view (Yeah) when you're too crazy?
Lifeless, to know the definition for what life is
Priceless to you because I put you on the hype shit
You like it? Gun smokin', righteous with one toke
Get psychic among those, possess you with one dose
I ain't happy, I'm feeling glad
I got sunshine in a bag
I'm useless, but not for long
The future is coming on
I ain't happy, I'm feeling glad
I got sunshine in a bag
I'm useless, but not for long
The future is coming on 
(That's right)
It's coming on, it's coming on
It's coming on, it's coming on
The essence, the basics, without it, you naked
Allow me to make this childlike in nature
Rhythm, you have it or you don't, that's a fallacy
I'm in them, every sproutin' tree, every child of peace
Every cloud and sea, you see with your eyes
I see destruction and demise, corruption in disguise 
(That's right)
From this fuckin' enterprise, now I'm sucked into your lies
Through Russel, not his muscles
But percussion he provides for me as a guide, y'all can see me now
'Cause you don't see with your eye, you perceive with your mind
That's the inner (Fuck 'em) so I'ma stick around with Russ and be a mentor
Bust a few rhymes so motherfuckers remember
Where the thought is, I brought all this
So you can survive when law is lawless 
(Right here)
Feelings, sensations that you thought was dead
No squealing and remember that it's all in your head
I ain't happy, I'm feeling glad
I got sunshine in a bag
I'm useless, but not for long
The future is coming on
I ain't happy, I'm feeling glad
I got sunshine in a bag
I'm useless, but not for long
My future is coming on
It's coming on, it's coming on
It's coming on, it's coming on
My future is coming on
It's coming on, it's coming on
It's coming on, it's coming on
My future is coming on
It's coming on, it's coming on
It's coming on, it's coming on
My future is coming on
It's coming on, it's coming on
My future is coming on
It's coming on, it's coming on
My future is coming on
It's coming on, it's coming on
My future",Missing Genre Only
2000s,2008,Viva La Vida,Coldplay,,87,4.04,False,0.12,0.47,341,41.35,84.42,"I used to rule the world
Seas would rise when I gave the word
Now in the mornin', I sleep alone
Sweep the streets I used to own
I used to roll the dice
Feel the fear in my enemy's eyes
Listen as the crowd would sing
""Now the old king is dead, long live the king""
One minute, I held the key
Next, the walls were closed on me
And I discovered that my castles stand
Upon pillars of salt and pillars of sand
I hear Jerusalem bells a-ringin'
Roman cavalry choirs are singin'
Be my mirror, my sword and shield
My missionaries in a foreign field
For some reason, I can't explain
Once you'd gone, there was never
Never an honest word
And that was when I ruled the world
It was a wicked and wild wind
Blew down the doors to let me in
Shattered windows and the sound of drums
People couldn't believe what I'd become
And revolutionaries wait
For my head on a silver plate
Just a puppet on a lonely string (
Mmm, mmm
)
Aw, who would ever wanna be king?
I hear Jerusalem bells a-ringin'
Roman cavalry choirs are singin'
Be my mirror, my sword and shield
My missionaries in a foreign field
For some reason, I can't explain
I know Saint Peter won't call my name
Never an honest word
But that was when I ruled the world
Oh-oh-oh, oh-oh, oh
Oh-oh-oh, oh-oh, oh
Oh-oh-oh, oh-oh, oh
Oh-oh-oh, oh-oh, oh
Brian Eno
, Guy Berryman, Jonny Buckland & Will Champion
]
(
Oh-oh-oh, oh-oh, oh
)
Hear Jerusalem bells a-ringin'
(Oh-oh-oh, oh-oh, oh)
Roman cavalry choirs are singin'
(Oh-oh-oh, oh-oh, oh)
Be my mirror, my sword and shield
(Oh-oh-oh, oh-oh, oh)
My missionaries in a foreign field
(Oh-oh-oh, oh-oh, oh)
For some reason, I can't explain
(Oh-oh-oh, oh-oh, oh)
I know Saint Peter won't call my name
Never an honest word
But that was when I ruled the world
Mmm, mmm, mmm, mmm
Mmm, mmm, mmm, mmm
Mmm, mmm",Missing Genre Only
2000s,2007,The Way I Are,Timbaland,,86,2.99,False,0.417,0.582,397,28.21,132.98,"State of emergency
Yeah, yeah (Yeah)
Yeah, yeah (Yeah)
Remember the time, baby?
Yeah, yeah (Yeah)
I ain't got no money
I ain't got no car to take you on a date
I can't even buy you flowers
But together, we can be the perfect soulmates
Talk to me, girl
(Oh) Baby, it's all right now, you ain't gotta flaunt for me
If we go Dutch, you can still touch my love, it's free (Oh)
We can work without the perks, just you and me
Thug it out 'til we get it right
Baby, if you strip, you can get a tip
'Cause I like you just the way you are
I'm about to strip and I'm well-equipped
Can you handle me the way I'm are?
I don't need the G's or the car keys
Boy, I like you just the way you are
Let me see ya strip, you can get a tip
'Cause I like, I like, I like
I ain't got no Visa
I ain't got no Red American Express
We can't go nowhere exotic
It don't matter, 'cause I'm the one that loves you best
Talk to me, girl
(Oh) Baby, it's all right now, you ain't gotta flaunt for me
If we go Dutch, you can still touch my love, it's free (Oh)
We can work without the perks, just you and me
Thug it out 'til we get it right
Baby, if you strip, you can get a tip
'Cause I like you just the way you are
I'm about to strip and I'm well-equipped
Can you handle me the way I'm are?
I don't need the G's or the car keys
Boy, I like you just the way you are
Let me see ya strip, you can get a tip
'Cause I like you just the way you are
Yeah, baby girl
I don't got a huge ol' house, I rent a room in a house
Listen, baby girl
I ain't got a motorboat, but I can float ya boat
So listen, baby girl
Once you get a dose of D.O.E., you gon' want some mo'
So listen, baby girl
When I make it, I want you there, want you there, yeah",Missing Genre Only
2000s,2008,Sex on Fire,Kings of Leon,,84,3.39,False,0.377,0.631,145,49.66,42.78,"Lay where you're layin'
Don't make a sound
I know they're watchin'
They're watchin'
All the commotion
The kiddie-like play
It has people talkin'
Talkin'
You
Your sex is on fire
The dark of the alley
The breakin' of day
Head while I'm drivin'
I'm drivin'
Soft lips are open
Them knuckles are pale
Feels like you're dyin'
You're dyin'
You
Your sex is on fire
Consumed
With what's to transpire
Hot as a fever
Rattlin' bones
I could just taste it
Taste it
If it's not forever
If it's just tonight
Oh, we're still the greatest
The greatest, the greatest
You
Your sex is on fire
You
Your sex is on fire, ah
Consumed
With what's to transpire
And you
Your sex is on fire
Consume
With what's to transpire",Missing Genre Only
2000s,2007,Girlfriend,Avril Lavigne,,76,3.61,True,0.189,0.575,637,16.17,176.45,"Hey, hey, you, you, I don't like your girlfriend
No way, no way, I think you need a new one
Hey, hey, you, you, I could be your girlfriend
Hey, hey, you, you, I know that you like me
No way, no way, no it's not a secret
Hey, hey, you, you, I want to be your girlfriend
You're so fine, I want you mine, you're so delicious
I think about you all the time, you're so addictive
Don't you know what I can do to make you feel alright?
Don't pretend, I think you know I'm damn precious
And hell yeah, I'm the motherfuckin' princess
I can tell you like me too, and you know I'm right
She's like, so whatever
You could do so much better
I think we should get together now
And that's what everyone's talkin' about
Hey, hey, you, you, I don't like your girlfriend
No way, no way, I think you need a new one
Hey, hey, you, you, I could be your girlfriend
Hey, hey, you, you, I know that you like me
No way, no way, no it's not a secret
Hey, hey, you, you, I want to be your girlfriend
I can see the way, I see the way you look at me
And even when you look away, I know you think of me
I know you talk about me all the time, again and again
(So come over here) So come over here and tell me what I wanna hear
Better yet, make your girlfriend disappear
I don't wanna hear you say her name ever again
And again, and again, and again
'Cause she's like, so whatever
And you could do so much better
I think we should get together now
And that’s what everyone’s talkin' about
Hey, hey, you, you, I don't like your girlfriend
No way, no way, I think you need a new one
Hey, hey, you, you, I could be your girlfriend
Hey, hey, you, you, I know that you like me
No way, no way, no it's not a secret
Hey, hey, you, you, I want to be your girlfriend
(Oh) In a second, you'll be wrapped around my finger
'Cause I can, 'cause I can do it better
There's no other, so when's it gonna sink in?
She's so stupid, what the hell were you thinkin'?
(Oh) In a second, you'll be wrapped around my finger
'Cause I can, 'cause I can do it better
There's no other, so when's it gonna sink in?
She's so stupid, what the hell were you thinkin'?
Hey, hey, you, you, I don't like your girlfriend (Hey, hey)
No way, no way, I think you need a new one (No way, no way)
Hey, hey, you, you, I could be your girlfriend (Hey, hey, no way, no way)
Hey, hey, you, you, I know that you like me (Hey, hey)
No way, no way, no it's not a secret (No way, no way)
Hey, hey, you, you, I want to be your girlfriend (Hey, hey, no way, no way)
(Hey, hey) Hey, hey, you, you, I don't like your girlfriend
(No way) No way, no way, I think you need a new one
(Hey, hey) Hey, hey, you, you, I could be your girlfriend (No way, no way)
Hey (Hey, hey, you, you, I know that you like me; hey, hey)
No way (No way, no way, no it's not a secret; no way, no way)
Hey (Hey, hey, you, you, I want to be your girlfriend; hey, hey)
No way, no way
Hey, hey",Missing Genre Only
2000s,2002,The Scientist,Coldplay,,89,5.16,False,0.103,0.504,193,43.52,37.4,"Come up to meet you, tell you I'm sorry
You don't know how lovely you are
I had to find you, tell you I need you
And tell you I set you apart
Tell me your secrets and ask me your questions
No, let's go back to the start
Runnin' in circles, comin' up tails
Heads on a science apart
Nobody said it was easy
It's such a shame for us to part
Nobody said it was easy
No one ever said it would be this hard
Oh, take me back to the start
I was just guessin' at numbers and figures
Pullin' your puzzles apart
Questions of science, science and progress
Do not speak as loud as my heart
And tell me you love me, come back and haunt me
Oh, and I rush to the start
Runnin' in circles, chasin' our tails
Comin' back as we are
Nobody said it was easy
Oh, it's such a shame for us to part
Nobody said it was easy
No one ever said it would be so hard
I'm goin' back to the start
Ah-ooh
Ah-ooh
Ah-ooh
Ah-ooh",Missing Genre Only
2000s,2006,Lonely,Akon,,59,3.93,True,0.065,0.709,629,24.48,160.05,"Lonely, I'm Mr. Lonely
I have nobody for my own
I'm so lonely, I'm Mr. Lonely
I have nobody for my own
I'm so lonely
Yo, this one here
Goes out to all my players out there, man, you know
That got that one good girl, dawg, that's always been there, man
Like, took all the bullshit
But then one day she can't take it no more and decides to leave
Yeah, I woke up in the middle of the night
And I noticed my girl wasn't by my side
Could've sworn I was dreamin' for her
I was feenin' so I had to take a little ride
Backtrackin' on these few years
Tryin' to figure out what I do to make it go bad
'Cause ever since my girl left me
My whole life came crashin', and I'm so
Akon
]
Lonely (So lonely)
I'm Mr. Lonely (Mr. Lonely)
I have nobody (I have nobody)
For my own (To call my own, girl)
I'm so lonely (So lonely)
I'm Mr. Lonely (Mr. Lonely)
I have nobody (I have nobody)
For my own (To call my own, girl)
I'm so lonely
Can't believe I had a girl like you
And I just let you walk right out of my life
After all I put you through
You still stuck around and stayed by my side
What really hurt me is I broke your heart
Baby, you a good girl and I had no right
I really wanna make things right
'Cause without you in my life, girl, I'm so
Akon
]
Lonely (So lonely)
I'm Mr. Lonely (Mr. Lonely)
I have nobody (I have nobody)
For my own (To call my own, girl)
I'm so lonely (So lonely)
I'm Mr. Lonely (Mr. Lonely)
I have nobody (I have nobody)
For my own (To call my own, baby)
I'm so lonely
Been all about the world, ain't never met a girl
That could take the things that you been through
Never thought the day would come
Where you would get up and run
And I would be out chasin' you
'Cause ain't nowhere in the globe I'd rather be
Ain't no one in the globe I'd rather see (That I'd rather see)
Than the girl of my dreams that made me be
So happy, but now so lonely
Akon
]
Lonely (So lonely)
I'm Mr. Lonely (Mr. Lonely)
I have nobody (I have nobody)
For my own (To call my own, no)
I'm so lonely (So lonely)
I'm Mr. Lonely (Mr. Lonely)
I have nobody (I have nobody)
For my own (To call my own, girl)
I'm so lonely
Never thought that I'd be alone (Be alone)
I didn't think you'd be gone this long (Gone so long)
I just want you to call my phone
So stop playin', girl, and come on home (Come on home)
Baby girl, I didn't mean to shout (No)
I want me and you to work it out (Work it out, baby)
I never wished that I would ever hurt my baby (Hurt my baby)
And it's drivin' me crazy, 'cause I'm so
Akon
]
Lonely (So lonely)
I'm Mr. Lonely (Mr. Lonely)
I have nobody (Have nobody)
For my own (To call my own, no)
I'm so lonely (So lonely)
I'm Mr. Lonely (Mr. Lonely)
I have nobody (I have nobody)
For my own (To call my own, girl)
I'm so lonely
So lonely (Lonely), so lonely (So lonely)
Mr. Lonely (Lonely), so lonely (So lonely)
So lonely (Lonely), so lonely (So lonely)
So lonely, Mr. Lonely",Missing Genre Only
2010s,2011,Where Have You Been,Rihanna,,79,4.04,False,0.225,0.5,300,16.33,74.17,"I've been everywhere, man, looking for someone
Someone who can please me, love me all night long
I've been everywhere, man, looking for you, babe
Looking for you, babe, searching for you, babe
Where have you been?
'Cause I never see you out
Are you hiding from me, yeah?
Somewhere in the crowd
Yeah, yeah, yeah, yeah, yeah
Yeah-yeah-yeah-yeah-yeah (Oh-ooh)
Yeah, yeah, yeah, yeah, yeah
Yeah-yeah-yeah-yeah-yeah
Where have you been?
All my life
All my life, life, life, life
Where have you been all my li-i-i-i-i-ife?
Where have you been all my li-i-i-i-i-ife?
Where have you been all my li-i-i-i-i-ife?
Where have you been all my life?
I've been everywhere, man, looking for someone
Someone who can please me, love me all night long
I've been everywhere, man, looking for you, babe
Looking for you, babe, searching for you, baby
Where have you been?
'Cause I never see you out
Are you hiding from me, yeah?
Somewhere in the crowd
Yeah, yeah, yeah, yeah, yeah
Yeah-yeah-yeah-yeah-yeah (Oh-ooh)
Yeah, yeah, yeah, yeah, yeah
Yeah-yeah-yeah-yeah-yeah
Where have you been?
All my life
All my life, life, life, life
Where have you been all my li-i-i-i-i-ife?
Where have you been all my li-i-i-i-i-ife?
Where have you been all my li-i-i-i-i-ife?
Where have you been all my li-i-i-i-i-ife?
(Li-i-i-i-ife)
(Where have you been all my li-i-i-i-ife?)
(Y-you)
(Y-you)
(Y-you)
(You)
You can have me all you want
Any way, any day
Just show me where you are tonight
Yeah, yeah, yeah, yeah, yeah (Oh-ooh)
Yeah-yeah-yeah-yeah-yeah (Yeah, yeah, yeah)
Yeah, yeah, yeah, yeah, yeah (Oh-oh)
Yeah-yeah-yeah-yeah-yeah
I've been everywhere, man, looking for someone
Someone who can please me, love me all night long
I've been everywhere, man, looking for you, babe
Looking for you, babe, searching for you, babe",Missing Genre Only
2010s,2017,ocean eyes,Billie Eilish,,82,3.34,False,-0.073,0.585,223,43.05,66.77,"I've been watchin' you for some time
Can't stop starin' at those ocean eyes
Burning cities and napalm skies
Fifteen flares inside those ocean eyes
Your ocean eyes
No fair
You really know how to make me cry
When you give me those ocean eyes
I'm scared
I've never fallen from quite this high
Fallin' into your ocean eyes
Those ocean eyes
I've been walkin' through a world gone blind
Can't stop thinkin' of your diamond mind
Careful creature made friends with time
He left her lonely with a diamond mind
And those ocean eyes
No fair (No fair)
You really know how to make me cry
When you give me those ocean eyes (Those ocean eyes)
I'm scared (I'm scared)
I've never fallen from quite this high
Fallin' into your ocean eyes
Those ocean eyes
(seye naeco esohT)
(seye naeco ruoy otni 'nillaF)
Da-da-da-da-da, da-da-da-da-da (hgih siht etiuq morf nellaf reven ev'I)
(deracs m'I) Da-da-da-da-da-da
Da-da-da (seye naeco esoht em evig uoy nehW)
Mm (yrc em ekam ot woh wonk yllaer uoY)
Mm (riaf oN)
No fair
You really know how to make me cry
When you give me those ocean eyes
I'm scared
I've never fallen from quite this high
Fallin' into your ocean eyes
Those ocean eyes",Missing Genre Only
2010s,2012,Beauty And A Beat,Justin Bieber,,79,3.8,False,0.16,0.418,359,36.77,94.48,"Yeah
Young Money
Nicki Minaj
Justin, rrr
Show you off
Tonight, I wanna show you off (Ayy, ayy, ayy)
What you got
A billion could've never bought (Ayy, ayy, ayy)
We gonna party like it's 3012 tonight
I wanna show you all the finer things in life
So just forget about the world, we young tonight
I'm coming for ya, I'm coming for ya
'Cause all I need
Is a beauty and a beat
Who can make my life complete
It's all (All) 'bout you
When the music makes you move
Baby, do it like you do
'Cause all—
Body rock
Girl, I can feel your body rock (Ayy, ayy, ayy)
Take a bow
You're on the hottest ticket now, ooh (Ayy, ayy, ayy)
We gonna party like it's 3012 tonight
I want to show you all the finer things in life
So just forget about the world, we young tonight
I'm coming for ya, I'm coming for ya
'Cause all I need
Is a beauty and a beat
Who can make my life complete
It's all (All) 'bout you
When the music makes you move
Baby, do it like you do (Uh, uh)
'Cause all—
I-i-i-i-in time, ink lines
B-b-bitches couldn't get on my incline
World tours, i-i-it's mine
Ten little letters on a big sign
Justin Bieber
You know I'ma hit 'em with the ether
Buns out, wiener
But I gotta keep an eye out for Selener (Ow, ow)
B-b-beauty, beauty and the beast
Beauty from the East
Beautiful confessions of the priest
Beast, beauty from the streets
Beat will get deceased
Every time beauty on the beat eats
Body rock, oh (Yeah, yeah, yeah, yeah)
I wanna feel your body rock (Let's go, let's go, frr)
'Cause all I need (All I need is love)
Is a beauty and a beat
Who can make my life complete (Oh, oh, oh, oh-woah)
It's all 'bout you (All I need is you)
When the music makes you move
Baby, do it like you do (Do)
'Cause all—",Missing Genre Only
2010s,2018,Let Me Down Slowly,Alec Benjamin,,83,2.82,False,-0.185,0.372,430,21.4,152.34,"This night is cold in the kingdom
I can feel you fade away
From the kitchen to the bathroom sink and
Your steps keep me awake
Don't cut me down, throw me out, leave me here to waste
I once was a man with dignity and grace
Now I'm slipping through the cracks of your cold embrace
So please, please
Could you find a way to let me down slowly?
A little sympathy, I hope you can show me
If you wanna go, then I'll be so lonely
If you're leaving, baby, let me down slowly
Let me down, down
Let me down, down
Let me down, let me down
Down, let me down, down
Let me down
If you wanna go, then I'll be so lonely
If you're leaving, baby, let me down slowly
Cold skin, drag my feet on the tile
As I'm walking down the corridor
And I know we haven't talked in a while
So I'm looking for an open door
Don't cut me down, throw me out, leave me here to waste
I once was a man with dignity and grace
Now I'm slipping through the cracks of your cold embrace
So please, please
Could you find a way to let me down slowly?
A little sympathy, I hope you can show me
If you wanna go, then I'll be so lonely
If you're leaving, baby, let me down slowly
Let me down, down
Let me down, down
Let me down, let me down
Down, let me down, down
Let me down
If you wanna go, then I'll be so lonely
If you're leaving, baby, let me down slowly
And I can't stop myself from falling down
And I can't stop myself from falling down
And I can't stop myself from falling down
And I can't stop myself from falling down
Could you find a way to let me down slowly?
A little sympathy, I hope you can show me
If you wanna go, then I'll be so lonely
If you're leaving, baby, let me down slowly
Let me down, down
Let me down, down
Let me down, let me down
Down, let me down, down
Let me down
If you wanna go, then I'll be so lonely
If you're leaving, baby, let me down slowly
If you wanna go, then I'll be so lonely
If you're leaving, baby, let me down slowly",Missing Genre Only
2010s,2010,Airplanes (feat. Hayley Williams of Paramore),B.o.B,,79,3.01,True,0.16,0.379,538,29.55,178.86,"Can we pretend that airplanes in the night sky are like shooting stars?
I could really use a wish right now, wish right now, wish right now
Can we pretend that airplanes in the night sky are like shooting stars?
I could really use a wish right now,wish right now, wish right now (Yeah)
I could use a dream or a genie or a wish
To go back to a place much simpler than this
'Cause after all the partyin' and smashin' and crashin'
And all the glitz and the glam and the fashion
And all the pandemonium and all the madness
There comes a time where you fade to the blackness
And when you starin' at that phone in your lap
And you hopin', but them people never call you back
But that's just how the story unfolds
You get another hand soon after you fold
And when your plans unravellin', they're sayin'
""What would you wish for if you had one chance?""
So airplane, airplane, sorry, I'm late
I'm on my way, so don't close that gate
If I don't make that, then I switch my flight
And I'll be right back at it by the end of the night
Can we pretend that airplanes in the night sky are like shooting stars? (
Shooting stars
)
I could really use a 
wish right now, wish right now, wish right now
Can we pretend that airplanes in the night sky are like shooting stars? (
Shooting stars
)
I could really use a 
wish right now, wish right now, wish right now (Yeah, yeah)
Somebody take me back to the days
Before this was a job, before I got paid
Before it ever mattered what I had in my bank
Yeah, back when I was tryna get a tip at Subway
And back when I was rappin' for the hell of it
But, nowadays, we rappin' to stay relevant
I'm guessin' that if we can make some wishes outta airplanes
Then maybe, oh, maybe I'll go back to the days (Days)
Before the politics that we call the rap game
And back when ain't nobody listen to my mixtape
And back before I tried to cover up my slang
But this is for Decatur—what's up, Bobby Ray?
So, can I get a wish to end the politics? (
Oh
)
And get back to the music that started this shit?
So here I stand, and then again, I say
I'm hopin' we can make some wishes out of airplanes
Can we pretend that Airplanes in the night sky are like shooting stars? (
Shooting stars
)
I could really use a 
wish right now, wish right now, wish right now
Can we pretend that airplanes in the night sky are like shooting stars? (
Shooting stars
)
I could really use a 
wish right now, wish right now, wish right now
I could really use a wish right now (Oh, oh, oh, oh)
I, I, I could really use a wish right now
(Mm) Like, like
Like shooting stars (Ah)
I, I could
I could, I could really use a wish right now
A wish, a wish right now (A wish right now)",Missing Genre Only
2010s,2018,Eastside (with Halsey & Khalid),benny blanco,,73,2.9,False,0.134,0.402,498,30.52,171.72,"Uh
Yeah, yeah

When I was young, I fell in love
We used to hold hands, man, that was enough (Yeah)
Then we grew up, started to touch
Used to kiss underneath the light on the back of the bus (Yeah)
I know your daddy didn't like me much
And he didn't believe me when I said you were the one
Oh, every day, she found a way out of the window to sneak out late

She used to meet me on the Eastside
In the city where the sun don't set
And every day, you know that we'd ride
Through the backstreets in a blue Corvette
Baby, you know I just wanna leave tonight
We can go anywhere we want
Drive down to the coast, jump in the sea
Just take my hand and come with me, yeah

We can do anything if we put our minds to it
Take your old life, then you put a line through it
My love is yours if you're willing to take it
Give me your heart 'cause I ain't gonna break it
So come away, starting today
Start a new life together in a different place
We know that love is how all these ideas came to be
So baby, run away with me

Seventeen, and we got a dream to have a family
A house, and everything in between
And then, oh, suddenly, we turned twenty-three
And now we got pressure for taking our life more seriously
We got our dead-end jobs and got bills to pay
Our old friends are now our enemies
And now I, I'm thinking back to when I was young
Back to the day when I was falling in love

He used to meet me on the Eastside
In the city where the sun don't set
And every day, you know where we'd ride
Through the backstreets in a blue Corvette
And baby, you know I just wanna leave tonight
We can go anywhere we want
Drive down to the coast, jump in the sea
Just take my hand and come with me, singing

We can do anything if we put our minds to it
Take your old life, then you put a line through it
My love is yours if you're willing to take it
Give me your heart 'cause I ain't gonna break it
So come away, starting today
To start a new life together in a different place
We know that love is how all these ideas came to be
So baby, run away with me

Run away now, run away now
Run away now
Run away now, run away now
Run away now

He used to meet me on the Eastside
She used to meet me on the Eastside
He used to meet me on the Eastside
She used to meet me on the Eastside
In the city where the sun don't 
set",Both Missing
2010s,2015,Run Away With Me,Carly Rae Jepsen,,48,4.19,False,0.039,0.485,439,22.1,104.81,"You're stuck in my head, stuck in my heart
Stuck in my body, body
I wanna go, get outta here
I'm sick of the party, party
I'd run away
I'd run away with you, ooh
This is the part you gotta say
All that you're feeling, feeling
Packin' a bag, leaving tonight
While everyone's sleepin', sleepin'
Let's run away
I'd run away with you, ooh
'Cause you make me feel like
I could be drivin' you all night
And I'll find your lips in the streetlights
I wanna be there with you, ooh
Baby (Hey)
Take me to the feeling (Hey)
I'll be your sinner in secret (Hey)
When the lights go out
Run away with me, run away with me
Baby (Hey)
Every single minute (Hey)
I'll be your hero and win it (Hey)
When the lights go out
Run away with me, run away with me
Up in the clouds, high as a kite
Over the city, city
We never sleep, we never try
When you are with me, with me
I wanna stay
I wanna stay here with you, ooh
'Cause you make me feel like
I could be drivin' you all night
And I'll find your lips in the streetlights
I wanna be there with you, ooh
Oh, baby (Hey)
Take me to the feeling (Hey)
I'll be your sinner in secret (Hey)
When the lights go out
Run away with me, run away with me
Oh, baby (Oh; hey)
Every single minute (Hey)
I'll be your hero and win it (Hey)
When the lights go out
Run away with me, run away with me
Hold on to me, I never wanna let you go, oh
(Run away with me, run away with me)
Over the weekend, we could turn the world to gold, oh
(Run away with me, run away with me)
(We could turn the world to gold, oh)
Over the weekend, we could turn the world to gold, oh, oh
Oh, my baby (Hey)
Take me to the feeling (Take me to, take me to it, yeah)
I'll be your sinner in secret (Hey)
Oh, when the lights go out
Run away with me, run away with me (Just run away with me)
Baby (Yeah, yeah)
Every single minute (Yeah, yeah; hey)
I'll be your hero and win it (Hey)
When the lights go out
Run away with me, run away with me
Run away with me, run away with me
Run away with me, run away with me",Missing Genre Only
2010s,2011,Give Me Everything (feat. Nayer),Pitbull,,87,4.21,False,0.223,0.506,674,23.29,160.28,"Me not workin' hard?
Yeah, right, picture that with a Kodak
Or, better yet, go to Times Square
Take a picture of me with a Kodak
Took my life from negative to positive
I just want y'all to know that
And tonight, let's enjoy life
Pitbull, Nayer, Ne-Yo, that's right
Tonight, I want all of you tonight
Give me everything tonight
For all we know
We might not get tomorrow, let's do it tonight
Don't care what they say or what games they play
Nothing is enough 'til I have your love (Let's do it tonight)
I want you tonight, I want you to stay
I want you tonight
Grab somebody sexy, tell 'em, ""Hey"" (Ayy)
Give me everything tonight (Ayy)
Give me everything tonight (Ooh-ooh-ooh-ohh, ayy)
Give me everything tonight (Ooh-ooh-ooh-ohh, ayy)
Give me everything tonight
Take advantage of tonight (Yeah)
'Cause tomorrow I'm off to Dubai to perform for a princess
But tonight, I can make you my queen
And make love to you endless (Yeah)
It's insane, the way the name growin' (Hey, hey)
Money keep flowin', hustlers move in silence (Hey, hey, hey, hey)
So, I'm tiptoein', to keep blowin' (Hey, hey, hey, hey)
I got it locked up like Lindsay Lohan (Hey, hey, woo)
I put it on my life, baby (Heh)
I'll make ya feel right, baby
Can't promise tomorrow
But I promise tonight, dale (Woo)
Excuse me (Excuse me)
And I might drink a little more than I should tonight (I should tonight)
And I might take you home with me if I could tonight (I could tonight)
And baby, I'ma make you feel so good tonight (Good)
'Cause we might not get tomorrow, woo
Tonight, I want all of you tonight
Give me everything tonight
For all we know
We might not get tomorrow, let's do it tonight
Don't care what they say or what games they play
Nothing is enough 'til I have your love (Let's do it tonight)
I want you tonight, I want you to stay
I want you tonight
Grab somebody sexy, tell 'em, ""Hey"" (Ayy)
Give me everything tonight (Ayy)
Give me everything tonight (Ooh-ooh-ooh-ohh, ayy)
Give me everything tonight (Ooh-ooh-ooh-ohh, ayy)
Give me everything tonight
Reach for the stars, and if you don't grab them, at least you'll fall on top of the world
Think about it, 'cause if you slip, I'm gon' fall on top of your girl, ha-ha-ha-ha
What I'm involved with is deeper than the Mason's baby, baby, and it ain't no secret
My family's from Cuba, but I'm an American idol gettin' money like Seacrest (Yeah)
Put it on my life, baby (Baby)
I'll make you feel right, baby (Baby)
Can't promise tomorrow (Nah)
But I promise tonight, dale (Woo)
Excuse me (Excuse me)
And I might drink a little more than I should tonight (I should tonight)
And I might take you home with me if I could tonight (I could tonight)
And, baby, I'ma make you feel so good, tonight (Good)
'Cause we might not get tomorrow, woo (Ooh)
Tonight, I want all of you tonight
Give me everything tonight
For all we know
We might not get tomorrow, let's do it tonight
Don't care what they say or what games they play
Nothing is enough 'til I have your love (Let's do it tonight)
I want you tonight, I want you to stay
I want you tonight
Grab somebody sexy, tell 'em, ""Hey"" (Ayy)
Give me everything tonight (Ayy)
Give me everything tonight (Ooh-ooh-ooh-ohh, ayy)
Give me everything tonight (Ooh-ooh-ooh-ohh, ayy)
Give me everything tonight
Excuse me (Excuse me)
And I might drink a little more than I should tonight (I should tonight)
And I might take you home with me if I could tonight (I could tonight)
And, baby, I'ma make you feel so good, tonight (Good)
'Cause we might not get tomorrow, woo (Get tomorrow)",Missing Genre Only
2010s,2010,The Time (Dirty Bit),Black Eyed Peas,,52,5.13,False,0.077,0.548,540,30.56,105.32,"This is international
Big mega radio smasher
I had the time of my life
And I've never felt this way before
And I swear, this is true
And I owe it all to you
Oh, I
had the time of my life
And I've never felt this way before
And I swear, this is true
And I owe it all to you-you
You, you, you, you, you, you, you, you
You-you-you-you-you-you-you-you
Ou-ou-ou-ou-ou-ou-ou-ou-ou-ou-ou-ou
Dirty bit
Dirty bit
I-I came up in here to rock, light a fire, make it hot
I don't wanna take no pictures, I just wanna take some shots
So come on, let's go, let's lose control
Let's do it all night 'til we can't do it no more
People rockin' to the sound, turn it up and watch it pound
We gon' rock it to the top until the roof come burnin' down
Yeah, it's hot in here, the temperature
Has got these ladies gettin' freakier
I got freaky, freaky, baby, I was chillin' with my ladies
I didn't come to get bougie, I came here to get crazy
I was born to get wild, that's my style
If you didn't know that, well, baby, now you know now
'Cause I'm havin'
A good time with you, I'm tellin' you
I had the time of my life
And I've never felt this way before
And I swear, this is true
And I owe it all to you
Oh, I
had the time of my life
And I've never felt this way before
And I swear, this is true
And I owe it all to you-you
You, you, you, you, you, you, you, you
You-you-you-you-you-you-you-you
Ou-ou-ou-ou-ou-ou-ou-ou-ou-ou-ou-ou
Dirty bit
Dirty bit
All-All these girls, they like my swagger, they callin' me Mick Jagger
I be rollin' like a Stone, jet-setter, jet-lagger
We ain't messin' with no maggots, messin' with the baddest
Chicks in the club, honey, what's up?
Mirror, mirror on the wall, who's the baddest of them all?
Yeah, it's gotta be the apl, I'm the mack daddy, y'all
Haters better step back, ladies, download your app
I'm the party application, rockin' just like that
This is international
Big mega radio smasher
'Cause I'm havin'
A good time with you, I'm tellin' you
I-I-I-I had the time of my li-i-i—
And I've never felt this way before-fore
And I swear-wear, this is tru-u-u-ue
And I owe it all to you-ou
Oh, I-I-I-I had the time of my li-i-i—
And I've never felt this way before-fore
And I swear-wear, this is tru-u-u-u-ue
And I owe it all to you
I-I-I-I had the time of my li-i-i—
And I've never felt this way before-fore
And I swear-wear, this is tru-u-u-ue
And I owe it all to you-ou
Oh, I-I-I-I had the time of my li-i-i—
And I've never felt this way before-fore
And I swear-wear, this is tru-u-u-u-ue
And I owe it all to you
Dirty bit
Welcome, this is The Beginning
For every ending is mega starter
When they bring the dark, we bring the light
Let's go",Missing Genre Only
2010s,2013,I Love It (feat. Charli XCX),Icona Pop,,75,2.62,True,0.205,0.56,328,18.9,125.23,"I got this feelin' on the summer day when you were gone
I crashed my car into the bridge, I watched, I let it burn
I threw your shit into a bag and pushed it down the stairs
I crashed my car into the bridge
I don't care, I love it
I don't care
I got this feeling on the summer day when you were gone
I crashed my car into the bridge, I watched, I let it burn
I threw your shit into a bag and pushed it down the stairs
I crashed my car into the bridge
I don't care, I love it
I don't care
You're on a different road, I'm in the Milky Way
You want me down on Earth, but I am up in space
You're so damn hard to please, we gotta kill this switch
You're from the '70s, but I'm a '90s bitch
I love it
I love it
I got this feeling on the summer day when you were gone
I crashed my car into the bridge, I watched, I let it burn
I threw your shit into a bag and pushed it down the stairs
I crashed my car into the bridge
I don't care, I love it
I don't care, I love it, I love it
I don't care, I love it
I don't care
You're on a different road, I'm in the Milky Way
You want me down on Earth, but I am up in space
You're so damn hard to please, we gotta kill this switch
You're from the '70s, but I'm a '90s bitch
I don't care, I love it
I don't care, I love it, I love it
I don't care, I love it
I don't care, I love it, I love it
I don't care
I love it",Missing Genre Only
2010s,2010,Only Girl (In The World),Rihanna,,74,3.92,False,0.097,0.824,429,19.35,109.3,"La-la-la-la
La-la-la-la
La-la-la-la (Uh, yeah)
La-la-la-la
I want you to love me
Like I'm a hot ride (Uh, yeah)
Be thinking of me (Uh)
Doing what you like (Haha)
So, boy, forget about the world
'Cause it's gon' be me and you tonight (Yeah)
I wanna make you beg for it
Then I'ma make you swallow your pride, oh (Uh, uh)
Want you to make me feel
Like I'm the only girl in the world
Like I'm the only one that you'll ever love
Like I'm the only one who knows your heart
Only girl in the world
Like I'm the only one that's in command
'Cause I'm the only one who understands
How to make you feel like a man, yeah
Want you to make me feel
Like I'm the only girl in the world
Like I'm the only one that you'll ever love
Like I'm the only one who knows your heart
Only one
Want you to take it (Uh)
Like a thief in the night (Uh)
Hold me like a pillow
Make me feel right (Uh)
Baby, I'll tell you all my secrets that I'm keeping
You can come inside (Yeah)
And when you enter, you ain't leaving
Be my prisoner for the night, oh
Want you to make me feel
Like I'm the only girl in the world
Like I'm the only one that you'll ever love
Like I'm the only one who knows your heart
Only girl in the world
Like I'm the only one that's in command
'Cause I'm the only one who understands
Like I'm the only one who knows your heart
Only one
Take me for a ride, ride
Oh, baby, take me high, high
Let me make you rise, rise
Oh, make it last all night, night
Take me for a ride, ride
Oh, baby, take me high, high
Let me make you rise, rise
Make it last all night
Want you to make me feel
Like I'm the only girl in the world
Like I'm the only one that you'll ever love
Like I'm the only one who knows your heart
Only girl in the world
Like I'm the only one that's in command
'Cause I'm the only one who understands
How to make you feel like a man
Only girl in the world
Girl in the world
Only girl in the world
Girl in the world",Missing Genre Only
2010s,2013,Safe and Sound,Capital Cities,,83,3.21,False,0.412,0.437,307,19.22,95.54,"I could lift you up
I could show you what you wanna see
And take you where you wanna be
You could be my luck
Even if the sky is falling down
I know that we'll be safe and sound
We're safe and sound
I could fill your cup
You know my river won't evaporate
This world we still appreciate
You could be my luck
Even in a hurricane of frowns
I know that we'll be safe and sound
(Safe and sound)
We're safe and sound
(Safe and sound)
We're safe and sound
(Hold your ground)
We're safe and sound
(Safe and sound)
I could show you love
In a tidal wave of mystery
You'll still be standing next to me
You could be my luck
Even if we're six feet underground
I know that we'll be safe and sound
We're safe and sound
(Safe and sound)
(Safe and sound)
(Hold your ground)
(Safe and sound)
I could lift you up
I could show you what you wanna see
And take you where you wanna be
You could be my luck
Even if the sky is falling down
I know that we'll be safe and sound
I could lift you up
I could show you what you wanna see
And take you where you wanna be
You could be my luck
Even if the sky is falling down
I know that we'll be safe and sound
We're safe and sound
We're safe and sound
We're safe and sound
We're safe and sound
(Safe and sound)
We're safe and sound
(Safe and sound)
We're safe and sound
(Hold your ground)
We're safe and sound
(Safe and sound)
We're safe and sound",Missing Genre Only
2010s,2012,Locked out of Heaven,Bruno Mars,,89,3.89,False,0.044,0.415,324,27.47,83.26,"(One, two, one, two, three)
Aw, yeah, yeah
Aw, yeah, yeah, yeah, yeah (Uh)
Aw, yeah, yeah
Aw, yeah, yeah, yeah, yeah (Uh)
Never had much faith in love or miracles (Uh)
Never wanna put my heart on the line (Uh)
But swimmin' in your water's somethin' spiritual (Uh)
I'm born again every time you spend the night, —ight (Uh)
'Cause your sex takes me to paradise
Yeah, your sex takes me to paradise
And it shows
Yeah, yeah, yeah
'Cause you make me feel like
I've been locked outta heaven
For too long
For too long
Yeah, you make me feel like
I've been locked outta heaven
For too long
For too long
Aw, yeah, yeah, yeah, yeah (Uh)
Aw, yeah, yeah
Aw, yeah, yeah, yeah, yeah (Uh)
You bring me to my knees, you make me testify (Uh)
You can make a sinner change his ways (Uh)
Open up your gates 'cause I can't wait to see the light (Uh)
And right there is where I wanna stay, —ay (Uh)
'Cause your sex takes me to paradise
Yeah, your sex takes me to paradise
And it shows
Yeah, yeah, yeah
'Cause you make me feel like
I've been locked outta heaven
For too long
For too long
Yeah, you make me feel like
I've been locked outta heaven
For too long
For too long
Oh, woah, woah, woah
Yeah, yeah, yeah
Can I just stay here?
Spend the rest of my days here?
Oh, woah, woah, woah
Yeah, yeah, yeah
Can I just stay here?
Spend the rest of my days here?
'Cause you make me feel like
I've been locked outta heaven
For too long
For too long
Yeah, you make me feel like
I've been locked outta heaven
For too long
For too long
Aw, yeah, yeah, yeah, yeah (Uh)
Aw, yeah, yeah
Aw, yeah, yeah, yeah, yeah (Uh)",Missing Genre Only
2010s,2011,We Found Love,Rihanna,,79,3.59,False,0.412,0.548,218,27.98,60.77,"Yellow diamonds in the light
And we're standin' side by side
As your shadow crosses mine
What it takes to come alive
It's the way I'm feelin', I just can't deny
But I've gotta let it go
We found love in a hopeless place
We found love in a hopeless place
We found love in a hopeless place
We found love in a hopeless place
Shine a light through an open door
Love and life, I will divide
Turn away 'cause I need you more
Feel the heartbeat in my mind
It's the way I'm feelin', I just can't deny
But I've gotta let it go-ooh-oh
We found love in a hopeless place
We found love in a hopeless place
We found love in a hopeless place
We found love in a hopeless place
Yellow diamonds in the light
And we're standin' side by side
As your shadow crosses mine
We found love in a hopeless place
We found love in a hopeless place
We found love in a hopeless place
We found love in a hopeless place
We found love in a hopeless place
We found love in a hopeless place
We found love in a hopeless place
We found love in a hopeless place",Missing Genre Only
2010s,2017,See You Again (feat. Kali Uchis),"Tyler, The Creator",,89,3.01,True,0.192,0.529,483,27.74,160.66,"Okay, okay, okay, okay, okay, okay, o—
You live in my dream state
Relocate my fantasy
I stay in reality
You live in my dream state
Any time I count sheep
That's the only time we make up, make up
You exist behind my eyelids, my eyelids
Now, I don't wanna wake up
20/20, 20/20 
visions
Cupid hit me, Cupid hit me with 
precision, 
I
Wonder if you look 
both ways 
when you cross 
my mind
 (Yeah)
I said, I said
I'm 
sick of, sick of, sick of, sick of chasing
You're the one that's always running through my 
daydream, I
I can only see 
your face
 when I close 
my eyes
(Uh-huh)
Tyler, The Creator
]
Can I get a kiss? (
Ah
)
And can you make it last forever? (
I said
)
I said I'm 'bout to go to war (
Uh-huh
)
And I don't know if I'ma see you again
Can I get a kiss? (Can I?)
And can you make it last forever? (Can you?)
I said I'm 'bout to go to war ('Bout to)
And I don't know if I'ma see you again
Ayy, switch it up
I said (Oh), okay, okay, okay (Oh), okey-dokey, my infatuation (Woo)
Is translatin' to another form of, what you call it? (Love)
(Oh) Oh, yeah, oh, yeah, oh, yeah (Oh), I ain't met you, I've been lookin' (Woo)
Stop the waitin' 'fore I stop the chasin', like a alcoholic
""You don't understand me""  – What the fuck do you mean?
It's them rose-tinted cheeks, yeah, it's them dirt-colored eyes (Yeah) (Woo)
Sugar-honey iced tea, bumblebee on the scene
Yeah, I'd give up my bakery to have a piece of your pie
Ugh
20/20, 20/20 
visions
Cupid hit me, Cupid hit me with 
precision, 
I
Wonder if you look 
both ways 
when you cross 
my mind
I said, I said
I'm 
sick of, sick of, sick of, sick of chasing
You're the one that's always running through my 
daydream, I
I can only see 
your face
 when I close 
my eyes
So
Can I get a kiss? (Can I get a kiss?)
And can you make it last forever? (Make it last forever)
I said I'm 'bout to go to war ('Bout to go to war)
I don't know if I'ma see you again (See you again)
Can I get a kiss? (Can I?)
And can you make it last forever? (Can you?)
I said I'm 'bout to go to war ('Bout to)
And I don't know if I'ma see you again
Okay, okay, okay, okay, okay, okay, okay, o—
(
La-la-la, la-la-la-la
)
Okay, okay, okay, okay, okay, okay, okay, o—
(
La-la-la, la-la-la
)
Okay, okay, okay, okay, okay, okay, okay, o—
(
La-la-la, la-la-la-la
)
Okay, okay, okay, okay, okay, o—
(
La-la-la, la-la—
)
One more time?",Missing Genre Only
2010s,2011,Midnight City,M83,,79,4.07,False,-0.133,0.367,144,22.92,35.42,"Waiting in the car
Waiting for a ride in the dark
At night the city grows
Look at the horizon glow
Waiting in the car
Waiting for a ride in the dark
Drinking in the lights
Following the neon signs
Waiting for a word (Waiting for a word)
Looking at the milky skyline (Skyline)
The city is my church (The city is my church)
It wraps me in its blinding twilight (Twilight)
Waiting in the car
Waiting for the ride in the dark
Waiting in the car (Waiting in the car)
Waiting for the ride in the dark (Ride in the dark)
Waiting in the car (Car)
Waiting for the ride in the dark
Waiting in the car (Waiting in the car)
Waiting for the ride in the dark
Waiting in the car (Waiting in the car)
Waiting for the ride in the dark",Missing Genre Only
2010s,2015,Ride,Twenty One Pilots,,84,3.58,False,0.144,0.28,446,24.44,124.75,"I just wanna stay in the sun where I find
I know it's hard sometimes
Pieces of peace in the sun's peace of mind
I know it's hard sometimes
Yeah, I think about the end just way too much
But it's fun to fantasize
On my enemies who wouldn't wish who I was
But it's fun to fantasize
Oh-woah-woah, oh-woah-woah, I'm fallin'
So I'm takin' my time on my ride, oh-woah-woah, I'm fallin'
So I'm takin' my time on my ride
Takin' my time on my ride
""I'd die for you,"" that's easy to say
We have a list of people that we would take
A bullet for them, a bullet for you
A bullet for everybody in this room
But I don't seem to see many bullets comin' through
See many bullets comin' through
Metaphorically, I'm the man
But literally, I don't know what I'd do
""I'd live for you,"" and that's hard to do
Even harder to say when you know it's not true
Even harder to write when you know that tonight
There were people back home who tried talking to you
But then you ignore them still
All these questions they're for real
Like ""Who would you live for?"" ""Who would you die for?""
And ""Would you ever kill?""
Oh-woah-woah, oh-woah-woah, I'm fallin'
So I'm takin' my time on my ride, oh-woah-woah, I'm fallin'
So I'm takin' my time on my ride
Takin' my time on my ride
I've been thinkin' too much
I've been thinkin' too much
I've been thinkin' too much
I've been thinkin' too much
Help me
I've been thinkin' too much
I've been thinkin' too much
I've been thinkin' too much
Help me
I've been thinkin' too much
I've been thinkin' too much
I've been thinkin' too much
Oh-woah-woah, oh-woah-woah, I'm fallin'
So I'm takin' my time on my ride, oh-woah-woah, I'm fallin'
So I'm takin' my time
Takin' my time on my ride, woah-oh-oh (Woah, yeah)
Oh-woah-woah, oh-woah-woah, I'm fallin'
So I'm takin' my time on my ride, oh-woah-woah, I'm fallin'
So I'm takin' my time on my—
I've been thinkin' too much
Help me
I've been thinkin' too much
Help me
I've been thinkin' too much
I've been thinkin' too much
I've been thinkin' too much
Help me
I've been thinkin' too much
I've been thinkin' too much
I've been thinkin' too much
Help me",Missing Genre Only
2010s,2012,Feel So Close - Radio Edit,Calvin Harris,edm,81,3.44,False,0.222,0.458,134,25.37,38.95,"I feel so close to you right now, it's a force field
I wear my heart upon my sleeve like a big deal
Your love pours down on me, surround me like a waterfall
And there's no stopping us right now
I feel so close to you right now



I feel so close to you right now, it's a force field
I wear my heart upon my sleeve like a big deal
Your love pours down on me, surround me like a waterfall
And there's no stopping us right now
I feel so close to you right now


And there's no stopping us right now
And there's no stopping us right now
And there's no stopping us right now
I feel so close to you right now",Missing Lyrics Only
2010s,2013,Stolen Dance,Milky Chance,,80,5.23,False,0.066,0.458,355,24.51,67.9,"I want you by my side
So that I never feel alone again
They've always been so kind
But now they've brought you away from me
I hope they didn't get your mind
Your heart is too strong anyway
We need to fetch back the time
They have stolen from us
And I want you, we can bring it on the floor
You've never danced like this before
We don't talk about it
Dancin' on, doin' the boogie all night long
Stoned in paradise
Shouldn't talk about it
And I want you, we can bring it on the floor
You've never danced like this before
We don't talk about it
Dancin' on, doin' the boogie all night long
Stoned in paradise
Shouldn't talk about it
Shouldn't talk about it
Coldest winter for me
No sun is shinin' anymore
The only thing I feel is pain
Caused by absence of you
Suspense controllin' my mind
I cannot find the way outta here
I want you by my side
So that I never feel alone again
And I want you, we can bring it on the floor
You've never danced like this before
We don't talk about it
Dancin' on, doin' the boogie all night long
Stoned in paradise
Shouldn't talk about it
And I want you, we can bring it on the floor
You've never danced like this before
We don't talk about it
Dancin' on, doin' the boogie all night long
Stoned in paradise
Shouldn't talk about it
Shouldn't talk about it
And I want you, we can bring it on the floor
You've never danced like this before
We don't talk about it
Dancin' on, doin' the boogie all night long
Stoned in paradise
Shouldn't talk about it
And I want you, we can bring it on the floor
You've never danced like this before
We don't talk about it
Dancin' on, doin' the boogie all night long
Stoned in paradise
Shouldn't talk about it
Shouldn't talk about it",Missing Genre Only
2010s,2015,Wait a Minute!,WILLOW,,81,3.28,False,0.125,0.376,343,30.9,104.72,"Wait a minute
I think I left my conscience on your front doorstep, woah, woah
Wait a minute
I think I left my consciousness in the sixth dimension
But I'm here right now, right now
(Right now, right now)
Just sitting in a cloud, oh wow
I'm here right now, right now with you, oh wow, oh wow
(Right now, with you)
I don't even care
I’ll run my hands through your hair
You wanna run your fingers through mine
But my dreads too thick and that's alright
Hold on, wait a minute
Feel my heart's intention, oh
Hold on, wait a minute
I left my consciousness in the sixth dimension
Left my soul in his vision
Let's go get it, oh, oh
Let's go get it, oh, oh
Some things don't work
Some things are bound to be
Some things, they hurt
And they tear apart me
You left your diary at my house
And I read those pages, do you really love me, baby?
Some things don't work
Some things are bound to be
Some things, they hurt
And they tear apart me
But I broke my word, and you were bound to see
And I cried at the curb
When you first said, ""Oel ngati kameie""
Hold on, wait a minute (Oh)
Feel my heart's intention
Hold on, wait a minute
I left my consciousness in the sixth dimension
Left my soul in his vision
Let's go get it, oh, oh
Let's go get it, oh, oh
Some people like to live
Some just tryin' to get by
Some people like that hurt
Some just rather say goodbye, bye
Hold on, wait a minute
Feel my heart's intention, oh
Hold on, wait a minute
I left my consciousness in the sixth dimension
Left my soul in his vision
Let's go get it, ah, ah
Let's go get it, ah, ah
(Let's go get it)
(Mmh)
(Let's go get it)
(Mmh)",Missing Genre Only
2010s,2010,S&M,Rihanna,,73,4.06,True,0.294,0.583,506,17.0,124.66,"Na-na-na, come on
Na-na-na, come on
Na-na-na-na-na, come on
Na-na-na, come on, come on, come on
Na-na-na-na, come on
Na-na-na, come on
Na-na-na-na-na, come on
Na-na-na, come on, come on, come on
Na-na-na-na
Feels so good being bad (Oh-oh-oh-oh-oh)
There's no way I'm turning back (Oh-oh-oh-oh-oh)
Now the pain is my pleasure 'cause nothing could measure
(Oh, oh, oh-oh-oh-oh-oh)
Love is great, love is fine (Oh-oh-oh-oh-oh)
Out the box, outta line (Oh-oh-oh-oh-oh)
The affliction of the feeling leaves me wanting more
(Oh, oh, oh-oh-oh-oh-oh)
'Cause I may be bad, but I'm perfectly good at it
Sex in the air, I don't care, I love the smell of it
Sticks and stones may break my bones
But chains and whips excite me
'Cause I may be bad, but I'm perfectly good at it
Sex in the air, I don't care, I love the smell of it
Sticks and stones may break my bones
But chains and whips excite me
Na-na-na, come on, come on, come on
I like it, like it
Come on, come on, come on
I like it, like it (Na-na-na)
Come on, come on, come on
I like it, like it
Come on, come on, come on
I like it, like it
Love is great, love is fine (Oh-oh-oh-oh-oh)
Out the box, outta line (Oh-oh-oh-oh-oh)
The affliction of the feeling leaves me wanting more
(Oh, oh, oh-oh-oh-oh-oh)
'Cause I may be bad, but I'm perfectly good at it
Sex in the air, I don't care, I love the smell of it
Sticks and stones may break my bones
But chains and whips excite me
Na-na-na, come on, come on, come on
I like it, like it
Come on, come on, come on
I like it, like it (Na-na-na)
Come on, come on, come on
I like it, like it
Come on, come on, come on
I like it, like it
S-S-S and M-M-M
S-S-S and M-M-M
Oh, I love the feeling you bring to me
Oh, you turn me on
It's exactly what I've been yearning for
Give it to me strong
And meet me in my boudoir
Make my body say, ""Ah-ah-ah""
I like it, like it
'Cause I may be bad, but I'm perfectly good at it
Sex in the air, I don't care, I love the smell of it
Sticks and stones may break my bones
But chains and whips excite me
'Cause I may be bad, but I'm perfectly good at it
Sex in the air, I don't care, I love the smell of it
Sticks and stones may break my bones
But chains and whips excite me
Na-na-na, come on, come on, come on
I like it, like it
Come on, come on, come on
I like it, like it (Na-na-na)
Come on, come on, come on
I like it, like it
Come on, come on, come on
I like it, like it
S-S-S and M-M-M
S-S-S and M-M-M
S-S-S and M-M-M
S-S-S and M-M-M",Missing Genre Only
2010s,2013,Scream & Shout,will.i.am,,80,4.72,True,-0.004,0.463,552,18.84,116.87,"(
Bring the action
)
When you hear this in the club
You're gonna turn this shit up
You're gonna turn this shit up
You're gonna turn this shit up
When we up in the club
All eyes on us
All eyes on us
All eyes on us
See the boys in the club
They watchin' us
They watchin' us
They watchin' us
Everybody in the club
All 
eyes on us
All 
eyes on us
All 
eyes on us
I wanna scream and shout, and let it all out
And scream and shout, and let it out
We sayin' ""Oh-we-oh, we-oh-we-oh""
We sayin' ""Oh-we-oh, we-oh-we-oh""
I wanna scream and shout, and let it all out
And scream and shout, and let it out
We sayin' ""Oh-we-oh, we-oh-we-oh""
You are now-now rockin' with
​​will.i.am and 
Britney, bitch
Ah, yeah
Ah, yeah
Ah, yeah
(Bring the action)
Rock and roll
Everybody, let's lose control
On the bottom, we let it go
Goin' fast, we ain't goin' slow, no, no
Ayy, yo
Hear the beat, now let's hit the floor
Drink it up and then drink some more
Light it up and let's let it blow, blow, blow
Ayy, yo
Rock it out, rockin' now
If you know what we talkin' 'bout
Turn it up and burn down the house, hou-house
Ayy, yo
Turn it up and don't turn it down
Here we go, we gon' shake the ground
'Cause everywhere that we go, we
(
Bring the action
)
When you hear this in the club
You're gonna turn this shit up
You're gonna turn this shit up
You're gonna turn this shit up
When we up in the club
All 
eyes on us
All 
eyes on us
All 
eyes on us
You see them girls in the club?
They lookin' at us
They lookin' at us
They lookin' at us
Everybody in the club
All 
eyes on us
All 
eyes on us
All 
eyes on us
I wanna scream and shout, and let it all out
And scream and shout, and let it out
We sayin' ""Oh-we-oh, we-oh-we-oh""
We sayin' ""Oh-we-oh, we-oh-we-oh""
I wanna scream and shout, and let it all out
And scream and shout, and let it out
We sayin' ""Oh-we-oh, we-oh-we-oh""
You are now-now rockin' with
​​will.i.am and 
Britney, bitch
Ah, yeah
Ah, yeah
Ah, yeah
It goes on and on and on and on
When me and you party together
I wish this night would last forever
'Cause I was feelin' down, now I'm feelin' better
And maybe it goes on and on and on and on
When me and you party together
I wish this night would last forever
Forever, forever, forever, forever, forever
I wanna scream, and shout, and let it all out
And scream, and shout, and let it out
We sayin' ""Oh-we-oh, we-oh-we-oh""
We sayin' ""Oh-we-oh, we-oh-we-oh""
I wanna scream, and shout, and let it all out
And scream, and shout, and let it out
We sayin' ""Oh-we-oh, we-oh-we-oh""
We sayin' ""Oh-we-oh, we-oh-we-oh""
I wanna scream and shout, and let it all out
And scream and shout, and let it out
We sayin' ""Oh-we-oh, we-oh-we-oh""
You are now-now rockin' with
​​will.i.am and 
Britney, bitch",Missing Genre Only
2010s,2015,Adventure of a Lifetime,Coldplay,,84,4.4,False,0.178,0.686,282,30.14,64.14,"""Turn your magic on,"" Umi, she'd say
""Everythin' you want's a dream away
We are legends every day""
That's what she told me
""Turn your magic on,"" to me, she'd say
""Everythin' you want's a dream away
Under this pressure, under this weight
We are diamonds""
Now, I feel my heart beatin'
I feel my heart underneath my skin
Now, I feel my heart beatin'
Oh, you make me feel
Like I'm alive again
(Alive again)
Oh, you make me feel
Like I'm alive again
Said, ""I can't go on, not in this way
I'm a dream that died by light of day
Gonna hold up half the sky and say
Only I own me""
Now, I feel my heart beatin'
I feel my heart underneath my skin
Oh, I can feel my heart beatin'
'Cause you make me feel
Like I'm alive again
(Alive again)
Oh, you make me feel
Like I'm alive again
""Turn your magic on,"" Umi, she'd say
""Everythin' you want's a dream away
Under this pressure, under this weight
We are diamonds takin' shape
We are diamonds takin' shape""
(Woo, woo-hoo)
(Woo, woo-hoo)
If we've only got this life, this adventure, oh, then I
And if we've only got this life, you'll get me through alive
And if we've only got this life, in this adventure, oh, then I
Want to share it with you, with you, with you
Oh, see, yeah, see, yeah, I
Woo-hoo (Woo-hoo)
Woo-hoo (Woo-hoo)
Woo-hoo (Woo-hoo)
Woo-hoo (Woo-hoo)
Woo-hoo (Woo-hoo)
Woo-hoo (Woo-hoo)
Woo-hoo (Woo-hoo)
Woo-hoo (Woo-hoo)
Woo-hoo (Woo-hoo)
Woo-hoo (Woo-hoo)
Woo-hoo (Woo-hoo)
Woo-hoo (Woo-hoo)",Missing Genre Only
2010s,2012,Video Games,Lana Del Rey,,74,4.7,False,0.106,0.541,407,29.24,86.61,"Swingin' in the backyard, pull up in your fast car
Whistlin' my name
Open up a beer and you say, ""Get over here
And play a video game""
I'm in his favorite sundress, watching me get undressed
Take that body downtown
I say, ""You the bestest,"" lean in for a big kiss, put his favorite perfume on
""Go play your video game""
It's you, it's you, it's all for you, everything I do
I tell you all the time, Heaven is a place on Earth with you
Tell me all the things you wanna do
I heard that you like the bad girls, honey, is that true?
It's better than I ever even knew
They say that the world was built for two
Only worth living if somebody is loving you
And, baby, now you do
Mmm
Singin' in the old bars, swinging with the old stars
Livin' for the fame
Kissin' in the blue dark, playing pool and wild darts
Video games
He holds me in his big arms, drunk, and I am seeing stars
This is all I think of
Watchin' all our friends fall in and out of Old Paul's, this is my idea of fun
Playin' video games
It's you, it's you, it's all for you, everything I do
I tell you all the time, Heaven is a place on Earth with you
Tell me all the things you wanna do
I heard that you like the bad girls, honey, is that true?
It's better than I ever even knew
They say that the world was built for two
Only worth living if somebody is loving you
And, baby, now you do
(N-now you do, now you do, now you do)
(N-now you do, now you do, now you do)
It's you, it's you, it's all for you, everything I do
I tell you all the time, Heaven is a place on Earth with you
Tell me all the things you wanna do
I heard that you like the bad girls, honey, is that true?
It's better than I ever even knew
They say that the world was built for two
Only worth living if somebody is loving you
And, baby, now you do
(N-now you do, now you do, now you do)
Mmm, now you do
(N-now you do, now you do, now you do)",Missing Genre Only
2010s,2015,Where Are Ü Now (with Justin Bieber),Jack Ü,,77,4.17,False,0.099,0.496,253,30.43,60.67,"I need you the, I need you, I need you the, I need you
I need y-y-y-y-y, I need you the, I need you, I need you the
I need you, I need y-y-y-y-you the m-m-m
I need you the most

I gave you the key when the door wasn't open, just admit it
See, I gave you faith, turned your doubt into hoping, can’t deny it
Now I'm all alone and my joys turned to moping
Tell me, where are you now that I need you? Where are you now?

Where are you now that I need ya? Couldn't find you anywhere
When you broke down, I didn't leave ya, I was by your side
So where are you now that I need ya?
Where are you now that I need ya?

Where are you now that I need ya?
Where are you now that I need ya?

I gave you attention when nobody else was payin'
I gave you the shirt off my back, what you sayin'? To keep you warm
I showed you the game everybody else was playin', that's for sure
And I was on my knees when nobody else was prayin', oh Lord

Where are you now that I need ya? Couldn't find you anywhere
When you broke down, I didn't leave ya, I was by your side
So where are you now that I need ya?
Where are you now that I need ya?

Where are you now?",Both Missing
2010s,2013,We Can't Stop,Miley Cyrus,,80,3.85,False,0.342,0.595,614,19.71,159.32,"It's our party, we can do what we want (
Ear Drummers
, ooh)
It's our party, we can say what we want (
Mike WILL Made-It
, ooh)
It's our party, we can love who we want (Ooh)
We can kiss who we want, we can screw who we want (Ayy)
It's our party, we can do what we want (Ooh)
It's our party, we can say what we want (Ooh)
It's our party, we can love who we want (Ooh)
We can kiss who we want, we can screw who we want (
Right about now
, ayy)
Red cups and sweaty bodies everywhere
Hands in the air like we don't care
'Cause we came to have so much fun now
Bet somebody here might get some now (Hey, hey, hey, hey)
If you're not ready to go home
Can I get a ""hell no""? (Hell no, hell no)
'Cause we gonna go all night
'Til we see the sunlight, alright (Hey, hey, hey, hey)
So la-da-di-da-di, we like to party
Dancin' with Molly
Doin' whatever we want
This is our house, this is our rules
And we can't stop (Woah)
And we won't stop (Woah)
Can't you see it's we who own the night?
Can't you see it's we who 'bout that life?
And we can't stop (Woah)
And we won't stop (Woah)
We run things, things don't run we
Don't take nothin' from nobody, yeah, yeah
It's our party, we can do what we want (Ooh)
It's our party, we can say what we want (Ooh)
It's our party, we can love who we want (Ooh)
We can kiss who we want, we can screw who we want (Ayy)
To my homegirls here with the big butt
Shakin' it like we at a strip club
Remember only God can judge ya
Forget the haters 'cause somebody loves ya
And everyone in line in the bathroom
Tryna get a line in the bathroom
We all so turned up here
Gettin' turned up, yeah, yeah, yeah, yeah
So la-da-di-da-di, we like to party
Dancin' with Molly
Doin' whatever we want
This is our house, this is our rules
And we can't stop (Woah)
And we won't stop (Woah)
Can't you see it's we who own the night?
Can't you see it's we who 'bout that life?
And we can't stop (Woah)
And we won't stop (Woah)
We run things, things don't run we
Don't take nothin' from nobody, yeah, yeah
It's our party, we can do what we want (Ooh)
It's our party, we can say what we want (Ooh)
It's our party, we can love who we want (Ooh)
We can kiss who we want, we can screw who we want (Ayy)
It's our party, we can do what we want to
It's our house, we can love who we want to
It's our song, we can sing if we want to
It's my mouth, I can say what I want to
Say yeah, yeah
Yeah, yeah
And we can't stop (Yeah)
And we won't stop (Woah)
Can't you see it's we who own the night?
Can't you see it's we who 'bout that life?
And we can't stop (Woah)
And we won't stop (Woah)
We run things, things don't run we
We don't take nothin' from nobody, yeah, yeah
Yeah (Ooh)
Yeah (Ooh)
Yeah (Ooh)
We can do what we want, do what we want to (Ayy)",Missing Genre Only
2010s,2016,Somebody Else,The 1975,,74,5.79,True,-0.108,0.668,530,19.06,91.5,"So I heard you found somebody else
And at first, I thought it was a lie
I took all my things that make sounds
The rest I can do without
I don't want your body
But I hate to think about you with somebody else
Our love has gone cold
You're intertwining your soul with somebody else
I'm looking through you
While you're looking through your phone
And then leaving with somebody else
No, I don't want your body
But I'm picturing your body with somebody else (Else, else...)
I don't want your body, I don't want your body
I don't want your body, I don't want your body
I don't want your body, I don't want your body
I don't want your body, I don't want your body
And c'mon baby (I know)
This ain't the last time that I'll see your face
And c'mon baby (I know)
You said you'd find someone to take my place (Place, place)
I just don't believe that you have got it in you
'Cause we are just gonna keep “Doin' it” and every time
I start to believe in anything you're saying
I'm reminded that I should be gettin' over it
I don't want your body
But I hate to think about you with somebody else
Our love has gone cold
You're intertwining your soul with somebody else
I'm looking through you
While you're looking through your phone
And then leaving with somebody else
No, I don't want your body
But I'm picturing your body with somebody else (Else, else...)
I don't want your body, I don't want your body
I don't want your body, I don't want your body
I don't want your body, I don't want your body
I don't want your body, I don't want your body
Get someone you love?
Get someone you need?
Fuck that, get money
I can't give you my soul, 'cause we're never alone
Get someone you love?
Get someone you need?
Fuck that, get money
I can't give you my soul, 'cause we're never alone
Get someone you love?
Get someone you need?
Fuck that, get money
I can't give you my soul, 'cause we're never alone
Get someone you love?
Get someone you need?
Fuck that, get money
I can't give you my soul, 'cause we're never alone
I don't want your body (I don't want your body)
But I hate to think about you with somebody else
(I don't want your body)
Our love has gone cold
You're intertwining your soul with somebody else
(I don't want your body)
I'm looking through you
While you're looking through your phone
And then leaving with somebody else
(I don't want your body)
No, I don't want your body (I don't want your body)
But I'm picturing your body with somebody else
(I don't want your body)",Missing Genre Only
2010s,2015,What Do You Mean?,Justin Bieber,,83,3.43,False,-0.029,0.569,494,19.23,144.11,"What do you mean?  Oh, oh
When you nod your head yes, but you wanna  say no
What do you mean?  Hey, yeah
When you don't want me to move, but you tell me to go
What do  you mean? Oh,  what do you mean?
Said you're runnin' outta time,  what do you mean?
Oh, oh, oh, what do you mean?
Better make up your mind, what do you mean?
You're so indecisive of what I'm sayin'
Tryna catch the beat, make up your heart
Don't know if you're happy or complainin'
Don't want for us to end, where do I start?
First you wanna go to the left, then you wanna turn right (Right)
Wanna argue all day, makin' love all night (All night)
First you're up, then you’re down, and then  between ('Tween)
Oh, I really wanna know
What do you mean? Oh, oh
When you nod your head yes, but you wanna say no
What do you mean? Hey, yeah
When you don't want me to move, but you tell me to go
What do you mean? Oh, what do you mean?
Said you're runnin' outta time, what do you mean?
Oh, oh, oh, what do you mean? Better make up your mind
What do you mean?
You're overprotective when I'm leavin'
Tryna compromise, but I can’t win
You wanna make a point, but you keep preachin'
You had me from the start, won't let this end
First, you wanna go to the left, then you wanna turn right
(Turn right)
Wanna argue all day, makin' love all night (All night)
First you're up, then you’re down, and then between ('Tween)
Oh, I really wanna know
What do you mean? Oh, oh (Yeah, yeah, yeah, yeah)
When you nod your head yes, but you wanna say no
What do you mean? (Oh, what do you mean?) Hey, yeah
When you don't want me to move, but you tell me to go
What do you mean? (I wanna know, ooh)
Oh, what do you mean? (Ooh)
Said you're runnin' outta time, what do you mean? (Oh, baby)
Oh, oh, oh, what do you mean? Better make up your mind
What do you mean? (Don't be so selfish, baby, yeah, yeah) Oh, oh
When you nod your head yes, but you wanna say no
What do you mean? (You're so confusin', baby) Hey, yeah
When you don't want me to move (Hey), but you tell me to go
What do you mean? (Be more straightforward)
Oh, what do you mean? (Hey, ah, ah, ah)
Said you're runnin' outta time, what do you mean? (Hey, ah, ah, ah)
Oh, oh, oh, what do you mean?
Better make up your mind, what do you mean?",Missing Genre Only
2010s,2018,I Like It,Cardi B,,79,4.22,True,0.009,0.666,814,37.1,192.75,"Yeah, baby, I like it like that
You gotta believe me when I tell you
I said I like it like that
You gotta believe me when I tell you
I said I like it like—
Now I like dollars, I like diamonds
I like stuntin', I like shinin' (Yeah)
I like million dollar deals
Where's my pen? Bitch, I'm signin' (Signin')
I like those Balenciagas (Those)
The ones that look like socks
I like going to the jeweler
I put rocks all in my watch (Cha-ching)
I like texts from my exes when they want a second chance (What?)
I like proving niggas wrong, I do what they say I can't
They call me Cardi Bardi, banging body
Spicy mami, hot tamale
Hotter than a Somali, fur coat, Ferrari (Rrr, woo)
Hop out the stu', jump in the coupe (Coupe)
Big Dipper on top of the roof
Flexing on bitches as hard as I can
Eating halal, driving the Lam'
Told that bitch I'm sorry, though (Sorry, though)
'Bout my coins like Mario (Mario)
Yeah, they call me Cardi B
I run this shit like cardio (Woo, facts)
Diamond district in the chain, chain (I said I like it like that)
Certified, you know I'm gang, gang, gang, gang (I said I like it like—woo)
Drop the top and blow the brains, woo (I said I like it like that; woo)
Oh, he's so handsome, what's his name? Yeah (Woo, facts, I said I like it)
Oh, I need the dollars (I said I like it like that; cha-ching)
Beat it up like piñatas (I said I like it like—; uh)
Tell the driver, close the curtains (I said I like it like that; skrrt)
Bad bitch make you nervous (I said I like it)
Cardi B
Chambean, chambean, pero no jalan (¡Jalan!)
Tú compras to'a las Jordan, bo, a mí me las regalan (Jeje)
I spend in the club what you have in the bank (¡Wuh; ¡yeh!)
This is the new religion bang in Latino gang, gang, ¡yeh!
Trato de hacer dieta, pero es que en el closet tengo mucha grasa (¡Yeh!; ¡wuh!)
Ya mudé la' Gucci pa' dentro de casa, yeh (¡Wuh!)
Cabrón, a ti no te conocen ni en Plaza (No)
El Diablo me llama, pero Jesucristo me abraza (Amén)
Guerrero como Eddie, que viva la raza, yeh
Me gustan boricuas, me gustan cubanas
Me gusta el acento de las colombianas (¿Qué hubo pues?)
Como mueve el culo la dominicana (¿Qué lo que?)
Lo rico que me chingan las venezolanas (¡Wuh!)
Andamos activos, Perico Pin Pin (Wuh)
Billetes de cien en el maletín (¡Ching!)
Que retumbe el bajo, Bobby Valentín, yeh (¡Buh!)
Aquí es prohibido amar, diles, Charytín
Que pa'l picor les tengo Claritín
Yo llego a la disco y se forma el motín (¡Rrrah!)
Diamond district in the chain (I said I like it like that; Bad Bunny baby, bebé, bebé)
Certified, you know I'm gang, gang, gang, gang (I said I like it like—woo)
Drop the top and blow the brains, woo (I said I like it like that; woo)
Oh, he's so handsome, what's his name? Yeah (Woo, yeh, I said I like it)
Oh, I need the dollars, cha-ching (I said I like it like that)
Beat it up like piñatas (I said I like it like—)
Tell the driver, close the curtains (I said I like it like that; skrrt)
Bad bitch make you nervous (I said I like it)
Como Celia Cruz tengo el azúcar (Azúca')
Tu jeva me vio y se fue de pecho como Jimmy Snuka (Ah)
Te vamos a tumbar la peluca
Y arranca pa'l carajo, cabrón, que a ti no te vo'a pasar la hookah (Hookah, hookah)
Mis tenis Balenciaga me reciben en la entrada (Wuh)
Pa-pa-paparazzi like I'm Lady Gaga (Wuh)
Y no te me hagas (Eh)
Que en cover de Billboard tú has visto mi cara (Eh)
No salgo de tu mente (Wuh)
Donde quieras que viajes has escuchado ""Mi Gente""
Yo no soy hype, soy como el Testarossa (Hype; 'rossa)
Yo soy el que se la vive y también el que la goza (Goza, goza)
Es la cosa, mami es la cosa (Cosa, cosa)
El que mira sufre y el que toca goza (Goza, goza, goza)
I said I like it like that
I said I like it like that (Rrr)
I said I like it like that (Woo)
I said I like it like that
Diamond district in the chain (I said I like it like that)
Certified, you know I'm gang, gang (I said I like it like—)
Drop the top and blow the brains (I said I like it like that)
Oh, he's so handsome, what's his name? Yeah (I said I like it)",Missing Genre Only
2010s,2009,Stereo Love - Edit,Edward Maya,,69,3.07,False,0.279,0.536,274,35.04,89.34,"When you gonna stop breaking my heart?
I don't wanna be another one
Paying for the things I never done
Don't let go, don't let go to my love
Can I get to your soul? Can you get to my flow?
Can we promise we won't let go?
All the things that I need, all the things that you need
You can make it feel so real
'Cause you can't deny, you've blown my mind
When I touch your body, I feel I'm losing control
'Cause you can't deny, you've blown my mind
When I see you baby, I just don't wanna let go
When you gonna stop breaking my heart?
I don't wanna be another one
Paying for the things I never done
Don't let go, don't let go to my love
I came to see you, but I just might go overboard tonight
I came to see you, but I might go inside
I think I found the one that'll hold my heart
I wanna feel your heart, we're in love tonight
I can fix all those lies
Oh baby, baby, I run, but I'm running to you
You won't see me cry, I'm hiding inside
My heart is in pain, but I'm smiling for you
Oh baby, I'll try to make the things right
I need you more than air when I'm not with you
Please don't ask me why, just kiss me this time
My only dream is about you and I",Missing Genre Only
2010s,2013,Team,Lorde,,81,3.22,False,0.138,0.529,390,33.33,121.21,"Wait till you're announced
We've not yet lost all our graces
The hounds will stay in chains
Look upon Your Greatness and she'll
Send the call out, send the call out
Send the call out, send the call out
Send the call out, send the call out
Send the call out, send the call out
Send the call out, send the call out
Send the call out, send the call out
Send the call out, send the call out
Send the call out, send the call out
Call all the ladies out
They're in their finery
A hundred jewels on throats
A hundred jewels between teeth
Now bring my boys in
Their skin in craters like the moon
The moon we love like a brother
While he glows through the room
Dancin' around the lies we tell
Dancin' around big eyes, as well
Even the comatose
They don't dance and tell
We live in cities you'll never see on-screen
Not very pretty, but we sure know how to run things
Livin' in ruins of a palace within my dreams
And you know, we're on each other's team
I'm kind of over gettin' told to throw my hands up in the air
So there
So all the cups got broke
Shards beneath our feet
But it wasn't my fault
And everyone's competing
For a love they won't receive
'Cause what this palace wants is release
We live in cities you'll never see on-screen
Not very pretty, but we sure know how to run things
Livin' in ruins of a palace within my dreams
And you know, we're on each other's team
I'm kind of over gettin' told to throw my hands up in the air
So there
I'm kind of older than I was when I reveled without a care
So there
We live in cities you'll never see on-screen
Not very pretty, but we sure know how to run things
Livin' in ruins of a palace within my dreams
And you know, we're on each other's team
We're on each other's team
And you know, we're on each other's team
We're on each other's team
And you know, and you know, and you know",Missing Genre Only
2010s,2015,Can't Feel My Face,The Weeknd,,84,3.56,False,0.292,0.611,550,12.73,154.55,"And I know she'll be the death of me
At least we'll both be numb
And she'll always get the best of me
The worst is yet to come
But at least we'll both be beautiful
And stay forever young
This I know, uh
This I know
She told me, ""Don't worry
About it""
She told me, ""Don't worry
No more""
We both know we can't go
Without it
She told me, ""You'll never
Be alo-oh-oh-ooh""
I can't feel my face when I'm with you
But I love it
But I love it, oh
I can't feel my face when I'm with you
But I love it
But I love it, oh
And I know she'll be the death of me
At least we'll both be numb
And she'll always get the best of me
The worst is yet to come
All the misery was necessary
When we're deep in love
This I know (Girl)
Girl, I know, uh
She told me, ""Don't worry
About it""
She told me, ""Don't worry
No more""
We both know we can't go
Without it
She told me, ""You'll never
Be alo-oh-oh-ooh""
I can't feel my face when I'm with you
But I love it
But I love it, oh
I can't feel my face when I'm with
You (I can't feel my face)
But I love it (But I love it)
But I love it (I can't feel my face), oh
I can't feel my face when I'm with you (When I'm with you)
But I love it (But I love it, yeah)
But I love it (But I love it), oh
(I can't feel my face) I can't feel my face when I'm with (When I'm with you) you
But I love it (But I love it)
But I love it (Girl, I love it), oh
Oh
Oh-oh
Ooh-ooh
She told me, ""Don't worry
About it""
She told me, ""Don't worry
No more""
We both know we can't go (Can't go)
Without it
She told me, ""You'll never
Be alo-oh-oh—
Ooh""
I can't feel my face when I'm with you (I can't feel my face, girl)
But I love it (But I love it, yeah)
But I love it (Oh, I love it, yeah) oh
I can't feel my face when I'm with
You (Said, I can't feel my face)
But I love it (But I love it)
But I love it (Girl, I love it), oh
(I can't feel my face) I can't feel my face when I'm with
(When I'm with you) you
But I love it (Know I love it, girl)
But I love it (Don't you think I do?), oh
(I can't feel my face) I can't feel my face when I'm with
(When I'm with you) you (I can't feel my face, girl)
But I love it (When I'm with you, baby)
But I love it (Said, when I'm with you, baby), oh
I can't feel my fa—
Uh
Hey!",Missing Genre Only
2010s,2016,Love On The Brain,Rihanna,,87,3.73,True,0.347,0.686,362,26.8,96.96,"And you got me like, oh
What you want from me? (What you want from me?)
And I tried to buy your pretty heart, but the price too high
Baby, you got me like, oh, mmm
You love when I fall apart (
Fall apart
)
So you can put me together and throw me against the wall
Baby, you got me like, I, woo, I
Don't you stop loving me (
Loving me
)
Don't quit loving me (
Loving me
)
Just start loving me, oh (
Loving me
)
And, babe, I'm fist-fighting with fire
Just to get close to you
Can we burn something, babe?
And I'll run for miles just to get a taste
Must be love on the brain
That's got me feeling this way (
Feeling this way
)
It beats me black and blue, but it fucks me so good
And I can't get enough
Must be love on the brain, yeah
And it keeps cursing my name (
Cursing my name
)
No matter what I do, I'm no good without you
And I can't get enough
Must be love on the brain
Baby, keep loving me
Just love me, yeah
Just love me
All you need to do is love me, yeah
Got me like, ow
I'm tired of being played like a violin
What do I gotta do to get in your motherfuckin' heart?
Baby, like, I, woo, I
Don't you stop loving me (
Loving me
)
Don't quit loving me (
Loving me
)
Just start loving me, ooh (
Loving me
)
And, babe, I'm fist-fighting with fire
Just to get close to you
Can we burn something, babe?
And I'll run for miles just to get a taste
Must be love on the brain
That's got me feeling this way (
Feeling this way
)
It beats me black and blue, but it fucks me so good
And I can't get enough
Must be love on the brain, yeah
And it keeps cursing my name (
Cursing my name
)
No matter what I do, I'm no good without you
And I can't get enough
Must be love on the brain",Missing Genre Only
2010s,2014,Habits (Stay High),Tove Lo,,77,3.49,False,-0.004,0.498,350,30.57,100.4,"Oh-oh, oh-oh, oh-oh
I eat my dinner in my bathtub, then I go to sex clubs
Watchin' freaky people gettin' it on
It doesn't make me nervous, if anything, I'm restless
Yeah, I've been around and I've seen it all
I get home, I got the munchies, binge on all my Twinkies
Throw up in the tub, then I go to sleep
And I drank up all my money, dazed and kinda lonely
You're gone and I gotta stay
High all the time to keep you off my mind
Ooh-ooh-ooh-ooh, ooh-ooh-ooh-ooh
High all the time to keep you off my mind
Ooh-ooh-ooh-ooh, ooh-ooh-ooh-ooh
Spend my days locked in a haze
Tryna forget you, babe, I fall back down
Gotta stay high all my life to forget I'm missin' you
Ooh-ooh-ooh-ooh, ooh-ooh-ooh-ooh
Pick up daddies at the playground, how I spend my day time
Loosen up their frown, make 'em feel alive
I make it fast and greasy, I'm numb and way too easy
You're gone and I gotta stay
High all the time to keep you off my mind
Ooh-ooh-ooh-ooh, ooh-ooh-ooh-ooh
High all the time to keep you off my mind
Ooh-ooh-ooh-ooh, ooh-ooh-ooh-ooh
Spend my days locked in a haze
Tryna forget you, babe, I fall back down
Gotta stay high all my life to forget I'm missin' you
Ooh-ooh-ooh-ooh, ooh-ooh-ooh-ooh
Stayin' in my play pretend, where the fun ain't got no end, oh
Can't go home alone again, need someone to numb the pain, oh
Stayin' in my play pretend, where the fun ain't got no end, oh-oh
Can't go home alone again, need someone to numb the pain
You're gone and I gotta stay
High all the time to keep you off my mind
Ooh-ooh-ooh-ooh, ooh-ooh-ooh-ooh
High all the time to keep you off my mind
Ooh-ooh-ooh-ooh, ooh-ooh-ooh-ooh
Spend my days locked in a haze
Tryna forget you, babe, I fall back down
Gotta stay high all my life, to forget I'm missin' you
Ooh-ooh-ooh-ooh, ooh-ooh-ooh-ooh
Oh-oh",Missing Genre Only
2010s,2015,Electric Love,BØRNS,,80,3.64,False,0.435,0.585,205,32.68,56.39,"Candy, she's sweet like candy in my veins
Baby, I'm dying for another taste
And every night my mind is running around her
Thunder's getting louder and louder
Baby, you're like lightning in a bottle
I can't let you go now that I got it
And all I need is to be struck
By your electric love (Ohh)
Baby, your electric love (Ahh)
Electric love
Drown me (Drown me), you make my heart beat like the rain
Surround me, hold me deep beneath your waves
(Oh)
And every night my mind is running around her
Thunder's getting louder and louder and louder
Baby, you're like lightning in a bottle
I can't let you go now that I got it
And all I need is to be struck
By your electric love (Ohh)
Baby, your electric love (Ahh)
Electric love
(Ohh)
Rushing through me
Feel your energy rushing through me
I feel your energy rushing through me
Baby, you're like lightning in a bottle
I can't let you go now that I got it
And all I need is to be struck by your electric love (Ohh)
Baby, your electric love (Ahh)
Baby, you're electric",Missing Genre Only
2010s,2013,Love Me Again,John Newman,,79,4.0,False,0.269,0.595,284,26.41,71.03,"Know I've done wrong, left your heart torn
Is that what devils do?
Took you so low, where only fools go
I shook the angel in you
Now I'm rising from the ground
Rising up to you
Filled with all the strength I found
There's nothing I can't do
I need to know now, know now
Can you love me again?
I need to know now, know now
Can you love me again?
I need to know now, know now
Can you love me again?
I need to know now, know now
Can you love me again?
Can you love me again?
It's unforgivable, I stole and burnt your soul
Is that what demons do? (Yeah)
They rule the worst of me, destroy everything
They bring down angels like you (Yeah)
Now I'm rising from the ground
Rising up to you
Filled with all the strength I found
There's nothing I can't do
(Alright)
I need to know now, know now
Can you love me again?
I need to know now, know now
Can you love me again?
(Alright, oh-oh-oh)
(Can you love me again?)
(Alright)
Can you love me again?
Oh, I told you once, I can't do this again
Do this again, oh lord
I told you once, I can't do this again
Do this again, oh no
I need to know now, know now
Can you love me again?
I need to know now, know now
Can you love me again?
I need to know now, know now, oh-oh
(Can you love me again?)
(Can you love me again?)
Can you love me again? (Oh, no)
Can you love me again?",Missing Genre Only
2010s,2017,Supercut,Lorde,,79,4.63,False,0.017,0.563,404,23.02,87.35,"In my head
I play a supercut of us
All the magic we gave off
All the love we had and lost
And in my head
The visions never stop
These ribbons wrap me up
But when I reach for you
There's just a supercut
In your car, the radio up
In your car, the radio up
We keep trying to talk about us
I'm someone you maybe might love
I'll be your quiet afternoon crush
Be your violent overnight rush
Make you crazy over my touch
But it's just a supercut of us
Supercut of us
Oh, it's just a supercut of us
Supercut of us
So I fall
Into continents and cars
All the stages and the stars
I turn all of it
To just a supercut
'Cause in my head (In my head, I do everything right)
When you call (When you call, I'll forgive and not fight)
Because ours are the moments I play in the dark
We were wild and fluorescent, come home to my heart, uh
In your car, the radio up
In your car, the radio up
We keep trying to talk about us
Slow motion, I'm watching our love
I'll be your quiet afternoon crush
Be your violent overnight rush
Make you crazy over my touch
But it's just a supercut of us
Supercut of us
Oh, it's just a supercut of us
Supercut of us
But it's just a supercut of us
Supercut of us
Oh, it's just a supercut of us
Supercut of us
'Cause in my head, in my head, I do everything right
When you call, I'll forgive and not fight
All the moments I play in the dark
Wild, fluorescent, come home to my heart, uh
'Cause in my head (In my head, I do everything right)
When you call (When you call, I'll forgive and not fight)
Because ours are the moments I play in the dark
We were wild and fluorescent, come home to my heart, uh
'Cause in my head (In my head, I do everything right)
When you call (When you call, I'll forgive and not fight)
Because ours are the moments I play in the dark
We were wild and fluorescent, come home to my heart, uh
In my head, I do everything right
In my head, I do everything right",Missing Genre Only
2010s,2011,Party Rock Anthem,LMFAO,,75,4.37,False,0.297,0.484,501,26.55,114.67,"Party Rock
Yeah
Woo
Let's go
Party Rock is in the house tonight
Everybody just have a good time (Yeah)
And we gon' make you lose your mind (Woo)
Everybody just have a good time (Clap)
Party Rock is in the house tonight (Oh)
Everybody just have a good time (I can feel it, baby)
And we gon' make you lose your mind (Yeah)
We just wanna see you
Shake that
In the club, Party Rock
Looking for your girl? She on my jock (Huh)
Non-stop when we in the spot
Booty moving weight like she on the block (Woo)
Where the drank? I gots to know
Tight jeans, tattoo, 'cause I'm rock and roll
Half-black, half-white, domino
Gainin' money, Oprah, dough
Yo, I'm runnin' through these hoes like Drano
I got that devilish flow, rock and roll, no halo
We Party Rock, yeah, that's the crew that I'm reppin'
On the rise to the top, no Led in our Zeppelin (Hey)
Party Rock is in the house tonight (Woo)
Everybody just have a good time (Yeah)
And we gon' make you lose your mind
Everybody just have a good time (Let's go)
Party Rock is in the house tonight
Everybody just have a good time (I can feel it, baby)
And we gon' make you lose your mind
We just wanna see you
Shake that
Every day I'm shufflin'
(
Shake
)
Shufflin', shufflin' (
Shake
)
Step up fast and be the first girl to make me throw this cash
We get money, don't be mad, now stop, hatin' is bad
One more shot for us (Another round)
Please fill up my cup (Don't mess around)
We just wanna see (You shake it now)
Now you home with me (You're naked now)
Get up, get down, put your hands up to the sound
Get up, get down, put your hands up to the sound
Get up, get down, put your hands up to the sound (Woo)
Put your hands up to the sound, put your hands up to the sound (Let's go)
Get up, get up, get up, get up
Get up, get up, get up, get up (Yeah)
Get up, put your hands up to the sound, to the sound (Woo)
Put your hands up, put your hands up, put your hands up, put your hands up
Party Rock is in the house tonight (Put your hands up; woo)
Everybody just have a good time (Put your hands up; yeah)
And we gon' make you lose your mind (Put your hands up)
Everybody just have a good, good, good time
Oh (Put your hands up)
Oh (I can feel it, baby)
Oh (Put your hands up)
Oh (Put your hands up)
Shake that
Every day I'm shu-ffl-fflin'
Put your, put your
Put your, put your (Yeah)
Put your, put your (Woo)
—nds up
Put your, put your
Your hands up
Your hands up
Put your hands up",Missing Genre Only
2010s,2016,Pink + White,Frank Ocean,,86,3.08,False,0.067,0.368,332,48.19,107.96,"Yeah, yeah, oh (Woo)
Yeah, yeah, yeah
That's the way every day goes
Every time we've no control
If the sky is pink and white
If the ground is black and yellow
It's the same way you showed me
Nod my head, don't close my eyes
Halfway on a slow move
It's the same way you showed me
If you could fly, then you'd feel south
Up north's getting cold soon
The way it is, we're on land
So I'm someone to hold true
Keep you cool when it's still alive
Won't let you down when it's all ruin
Just the same way you showed me, showed me
You showed me love
Glory from above
Regard, my dear
It's all downhill from here
In the wake of a hurricane
Dark skin of a summer shade
Nosedive in the flood lines
Tall tower of milk crates
It's the same way you showed me
Cannonball off the porch side
Older kids trying off the roof
Just the same way you showed me (You showed)
If you could die and come back to life
Up for air from the swimming pool
You'd kneel down to the dry land
Kiss the earth that birthed you
Gave you tools just to stay alive
And make it out when the sun is ruined
That's the same way you showed me, showed me
Frank Ocean & 
Beyoncé
]
You showed me love (
Ah
)
Glory from above
Regard, my dear
 (
Ah
)
It's all downhill from here
Remember life, remember how it was? (
Ah
)
Climb trees, Michael Jackson, all ends here (
Recalling
)
Say what up to Matthew, to Shoob (
Ooh
)
Say what up to Danny
Say what up to life, immortality (
Ah
, yeah)
Bending up my Nikes
Running out of the Melpomene, nicotine (
Ah
, yeah)
Stealing granny cigs (
Take it easy
)
Gimme something sweet
Bitch, I might like immortality (Woo)
This is life, life immortality",Missing Genre Only
2010s,2014,Time of Our Lives,Pitbull,,85,3.82,True,0.132,0.506,675,26.96,176.58,"I knew my rent was gon' be late about a week ago (Hey)
I worked my ass off, but I still can't pay it though (Woo)
But I got just enough to get off in this club
Have me a good time, before my time is up
Hey, let's get it now
Ooh, I want the time of my life, yeah (
Mr. Worldwide
), oh, baby
Ooh, give me the time of my life (Ne-yo), hey, hey, hey
Let's get it now
This the last twenty dollars I got
But I'ma have a good time ballin' tonight
Tell the bartender, ""Line up some shots""
'Cause I'ma get loose tonight
She's on fire, she's so hot
I'm no liar, she burned up the spot
Look like Mariah, I took another shot
And told her drop, drop, drop, drop it like it's hot
Dirty talk (Hey), dirty dance (Hey)
She a freaky girl (Hey) and I'm a freaky man (Hey)
She on the rebound, broke up with her ex
And I'm like Rodman, ready on deck
I told her, ""Wanna ride out?"" And she said, ""Yes""
We didn't go to church but I got blessed
I knew my rent was gon' be late about a week ago
I worked my ass off, but I still can't pay it though
But I got just enough to get off in this club
Have me a good time, before my time is up
Hey, let's get it now
Ooh, I want the time of my life, yeah, oh, baby
Ooh, give me the time of my life, hey, hey, hey
Let's get it now
Tonight, I'ma lose my mind
Better get yours 'cause I'm gon' get mine
Party every night like my last
Mami know the drill, shake that ass
Go ahead, baby, let me see what you got
You know you got the biggest booty in this spot
And I just wanna see that thing drop
From the back, to the front, to the top
You know me, I'm off in the cut
Always like a squirrel lookin' for a nut
This is a fo' sho, I'm not talkin' 'bout luck
I'm not talkin' 'bout love, I'm talkin' 'bout lust
Now let's get loose, have some fun
Forget about bills and the first of the month
It's my night, your night, our night, let's turn it up
I knew my rent was gon' be late about a week ago
I worked my ass off, but I still can't pay it though
But I got just enough to get off in this club
Have me a good time, before my time is up
Hey, let's get it now
Ooh, I want the time of my life, yeah, oh, baby
Ooh, give me the time of my life, hey, hey, hey
Let's get it now
Everybody goin' through something
(Everybody goin' through something)
I said, everybody goin' through something
(Everybody goin' through something)
So you might as well roll it up
Pour it up, drink it up, throw it up tonight
I said, everybody goin' through something
(Everybody goin' through something)
Ayy, said, everybody goin' through something
(Everybody goin' through something)
So you might as well roll it up
Pour it up, drink it up, throw it up tonight, oh, yeah, yeah
This for everybody going through tough times
Believe me, been there, done that
But every day above ground is a great day, remember that
Dale
I knew my rent was gon' be late about a week ago
I worked my ass off, but I still can't pay it though
But I got just enough to get off in this club
Have me a good time, before my time is up
Hey, let's get it now
Ooh, I want the time of my life, yeah, oh, baby
Ooh, give me the time of my life, hey, hey, hey
Let's get it now",Missing Genre Only
2010s,2012,We Are Young (feat. Janelle Monáe),fun.,,80,4.18,False,0.016,0.336,366,32.51,87.62,"Give me a second I, I need to get my story straight
My friends are in the bathroom getting higher than the Empire State
My lover, she is waiting for me just across the bar
My seat's been taken by some sunglasses askin' 'bout a scar, and
I know I gave it to you months ago
I know you're tryin' to forget
But between the drinks and subtle things
The holes in my apologies
You know, I'm tryin' hard to take it back
So if by the time the bar closes
And you feel like fallin' down
I'll carry you home
Tonight
We are young
So let's set the world on fire
We can burn brighter than the sun
Tonight
We are young
So let's set the world on fire
We can burn brighter than the sun
Now I know that I'm not all that you got
I guess that I, I just thought
Maybe we could find new ways to fall apart
But our friends are back, so let's raise a toast
'Cause I found someone to carry me home
Tonight
We are young
So let's set the world on fire
We can burn brighter than the sun
Tonight
We are young
So let's set the world on fire
We can burn brighter than the sun
Carry me home tonight
(Na-na, na-na-na-na-na-na, na-na-na-na)
Just carry me home tonight
(Na-na, na-na-na-na-na-na, na-na-na-na)
Carry me home tonight
(Na-na, na-na-na-na-na-na, na-na-na-na)
Just carry me home tonight
(Na-na, na-na-na-na-na-na, na-na-na-na)
(Na-na, na-na-na-na-na-na, na-na-na-na)
The moon is on my side, I have no reason to run
(Na-na, na-na-na-na-na-na, na-na-na-na)
So will someone come and carry me home tonight?
(Na-na, na-na-na-na-na-na, na-na-na-na)
The angels never arrived, but I can hear the choir
(Na-na, na-na-na-na-na-na, na-na-na-na)
So will someone come and carry me home?
Tonight
We are young
So let's set the world on fire
We can burn brighter than the sun
Tonight
We are young
So let's set the world on fire
We can burn brighter than the sun
So if by the time the bar closes
And you feel like fallin' down
I'll carry you home tonight",Missing Genre Only
2010s,2010,Nothin' on You (feat. Bruno Mars),B.o.B,,56,4.47,False,0.2,0.3,461,45.34,103.09,"Lindas garotas em todo o mundo, eu podia seguir
Mas meu tempo seria desperdiçado
Elas não são nada comparadas à você, amor
Nada contra você, amor
Elas podem dizer ""Oi"", e eu poderia dizer ""Olá""
Mas você não deve se preocupar, com o que dizem
Porque elas não são nada contra você, amor (Sim)
Nada contra você, amor
Na-na-na nada contra você, amor, na-nada contra você, ha
Sim
Eu sei que você sente de onde eu venho (De)
Independentemente do que fiz no meu passado (Fiz)
A maioria foi realmente só por pura diversão (Diversão)
Em um carrossel, só fiquei girando (Girando)
Sem direção, apenas tentando ganhar alguma coisa (Alguma?)
Indo atrás de saias, vivendo sob o sol do verão (Sol)
E assim eu perdi mais do que eu já tinha ganhado (Ganhado)
E honestamente, eu acabei sem nada (Hein?)
É tamanho absurdo, está na minha consciência
Estou pensando ""talvez eu devesse tirar""
E eu não quero soar redundante, mas eu estava pensando
Se houvesse algo que você queira saber (Que você queira saber)
Mas não importa, devemos deixar para lá (Devemos deixar para lá)
Porque nós não queremos ser um episódio de TV (Episódio de TV)
E todos os maus pensamentos, deixem para lá (Lá, lá, lá, lá, hein)
Lindas garotas em todo o mundo, eu podia seguir
Mas meu tempo seria desperdiçado
Elas não são nada comparadas à você, amor
Nada contra você, amor
Elas podem dizer ""Oi"", e eu poderia dizer ""Olá""
Mas você não deve se preocupar, com o que dizem
Porque elas não são nada contra você, amor (Sim)
Nada contra você, amor
Na-na-na nada contra você, amor, na-nada contra você, ha
Sim
Mãos para baixo, nunca haverá outra (não)
Eu estive andando por aí, e eu nunca vi outra
(nunca)
Porque o seu estilo, eu realmente não sou nada perto
(nada)
E você fica selvagem quando não veste nada (Haha)
Baby você é o pacote completo
Além disso, você paga seus impostos
E você fica na real, enquanto as outras só fantasiam
Minha Mulher Maravilha, me chame de Sr. Fantástico
Pare, agora pense nisso
Eu fui para Londres, eu fui a Paris
Fui até bem longe, Tóquio
De volta para casa, na Geórgia, em Nova Orleans
Mas você sempre rouba a cena
E assim como essa menina, você me paralisou
Como um de Nintendo 64
Se você nunca soube bem, agora você sabe, sabe
Aonde quer que eu vá, sempre ouço o seu nome
E não importa onde eu estou, menina você me faz querer
Cantar
Quer seja um ônibus, avião, carro ou trem
Não penso em mais ninguém, você é a única a ser culpada
Sim
E é assim que fazemos
E eu vou só deixar esse passeio
B. o. B
E Bruno Mars",Missing Genre Only
2010s,2018,SLOW DANCING IN THE DARK,Joji,,87,3.49,True,-0.024,0.479,281,30.25,80.56,"I don't want a friend
I want my life in two (Please, one more night; my life in two)
Waiting to get there
Waiting for you (I done fighted all night; waiting for you)
(I done fighted all night)
When I'm around slow dancing in the dark
Don't follow me, you'll end up in my arms
You done made up your mind
I don't need no more signs
Can you?
Can you?
Give me reasons we should be complete
You should be with him, I can't compete
You looked at me like I was someone else, oh well
Can't you see? (Can't you see?)
I don't wanna slow dance (I don't wanna slow dance)
In the dark, dark
When you gotta run (Gotta run, gotta run)
Just hear my voice in you (My voice in you)
Shutting me out, you (Shutting me out)
Doing so great (So great, so great)
Yeah
Used to be the one (Used to be the one)
To hold you when you fall, yeah, yeah, yeah (When you fall, when you fall)
I don't fuck with your tone (I don't fuck with your tone)
I don't wanna go home (I don't wanna go home)
Can it be one night?
Can you?
Can you?
Give me reasons we should be complete
You should be with him, I can't compete
You looked at me like I was someone else, oh well
Can't you see?
I don't wanna slow dance (I don't wanna slow dance)
In the dark, dark
In the dark, dark",Missing Genre Only
2010s,2012,Boyfriend,Justin Bieber,,63,2.86,False,0.314,0.656,436,28.67,152.69,"If I was your boyfriend, I'd never let you go
I could take you places you ain’t never been before
Baby, take a chance, or you'll never ever know
I got money in my hands that I'd really like to blow
Swag swag swag, on you
Chillin' by the fire while we eating fondue
I don't know about me, but I know about you
So say hello to falsetto in three, two, swag
I'd like to be everything you want
Hey girl, let me talk to you
If I was your boyfriend, I'd never let you go
Keep you on my arm, girl, you'd never be alone
And I can be a gentleman, anything you want
If I was your boyfriend, I'd never let you go, I'd never let you go
Tell me what you like, yeah, tell me what you don't
I could be your Buzz Lightyear, fly across the globe
I don't never wanna fight, yeah, you already know
I'ma make you shine bright, like you’re laying in the snow, burr
Girlfriend, girlfriend, you could be my girlfriend
You could be my girlfriend until the-the-the world ends
Make you dance, do a spin, and a twirl, and
Voice goin' crazy on this hook, like a whirl wind
Swaggy
I'd like to be everything you want
Hey girl, let me talk to you
If I was your boyfriend, I'd never let you go
Keep you on my arm, girl, you'd never be alone
And I can be a gentleman, anything you want
If I was your boyfriend, I'd never let you go, I'd never let you go
So give me a chance 'cause you're all I need, girl
Spend a week with your boy, I'll be calling you my girlfriend
If I was your man (If I was your man), I'd never leave you, girl
I just wanna love and treat you right
If I was your boyfriend, I'd never let you go (Oh yeah)
Keep you on my arm, girl, you'd never be alone (Never be alone)
And I could be a gentleman (A gentleman, ooh), anything you want
If I was your boyfriend (Boyfriend), I'd never let you go
I'd never let you go (If I was your boyfriend)
(Uh) Na-na-na (Yeah), na-na-na, (Uh) na-na-na, yeah, girl
(Uh) Na-na-na (Yeah), na-na-na, yeah, if I was your boyfriend
(Uh) Na-na-na (Yeah), na-na-na, (Uh) na-na-na, hey
(Uh) Na-na-na (Yeah), na-na-na, hey, if I was your boyfriend",Missing Genre Only
2010s,2017,Unforgettable,French Montana,,86,3.9,True,0.093,0.549,560,30.36,143.65,"It's not good enough for me
Since I've been with you, ooh
It's not gonna work for you
Nobody can equal me (I know)
I'm gonna sip on this drink, when I'm fucked up
I should know how to pick up
I'm gonna catch the rhythm
While she push up against me, ooh, and she tipsy
I had enough convo for 24
I peep'd you from across the room
Pretty little body dancin' like GoGo, hey
And you are unforgettable
I need to get you alone (Ooh)
Why not? A fuckin' good time never hurt nobody
I got a little drink but it's not Bacardi
If you loved the girl, then I'm so, so sorry
I gotta give it to her like we in a marriage
Oh, like we in a hurry
No, no, I won't tell nobody
You're on your level too
Tryna do what lovers do
Feelin' like I'm fresh out; Boosie (Boosie)
If they want the drama, got the Uzi (Uzi)
Ship the whole crew to the cruise ship (Cruise)
Doin' shit you don't even see in movies (Movies)
Ride with me, ride with me, boss (Boss)
I got a hard head, but her ass soft (Soft)
She want the last name with the ring on it
'Cause I pulled out a million cash, told her plank on it
French Montana
]
And you are unforgettable
I need to get you alone
Now you wanna choose
Just pop the bubbly in the 'cuzi
It's not good enough for me
Since I've been with you, ooh
I'm gonna sip on this drink, when I'm fucked up
I should know how to pick up
I'm gonna catch the rhythm
While she push up against me, ooh, and she tipsy
I had enough convo for 24
I peep'd you from across the room
Pretty little body dancin' like GoGo, hey
And you are unforgettable
I need to get you alone (Ooh)
Why not? A fuckin' good time never hurt nobody
I got a little drink but it's not Bacardi
If you loved the girl, then I'm so, so sorry
I gotta give it to her like we in a marriage
Oh, like we in a hurry
No, no, I won't tell nobody
You're on your level too
Tryna do what lovers do
You ain't enough for me
Too much for you alone
Baby, go and grab some bad bitches, bring 'em home
Know the jet's on me
I'ma curve my best for you, you know
So pick up that dress for me
Leave the rest on
Too much convo for 24 hours
When you stand next to 24 karats
She left her man at home
She don't love him no more
I want your mind and your body
Don't mind nobody
So, you don't ever hurt nobody
Baby girl, work your body, work your body
French Montana
]
And you are unforgettable
I need to get you alone
Now you wanna choose
Just pop the bubbly in the 'cuzi
Why not?
Oh, like we in a hurry
No, no, I won't tell nobody
You're on your level too
Tryna do what lovers do",Missing Genre Only
2010s,2013,Sweater Weather,The Neighbourhood,,92,4.01,False,-0.113,0.663,364,36.54,90.85,"And all I am is a man
I want the world in my hands
I hate the beach, but I stand
In California with my toes in the sand
Use the sleeves of my sweater, let's have an adventure
Head in the clouds, but my gravity's centered
Touch my neck and I'll touch yours
You in those little high-waisted shorts, oh
She knows what I think about
And what I think about
One love, two mouths
One love, one house
No shirt, no blouse
Just us, you find out
Nothing that I wouldn't wanna tell you about, no
'Cause it's too cold for you here and now
So let me hold both your hands in the holes of my sweater
And if I may just take your breath away
I don't mind if there's not much to say
Sometimes the silence guides a mind
To move to a place so far away
The goosebumps start to raise
The minute that my left hand meets your waist
And then I watch your face
Put my finger on your tongue 'cause you love the taste, yeah
These hearts adore
Everyone the other beats hardest for
Inside, this place is warm
Outside, it starts to pour
Comin' down
One love, two mouths
One love, one house
No shirt, no blouse
Just us, you find out
Nothin' that I wouldn't wanna tell you about
No, no, no
'Cause it's too cold for you here and now
So let me hold both your hands in the holes of my sweater
'Cause it's too cold for you here and now
So let me hold both your hands in the holes of my sweater
Woah
Woah, woah, woah
Woah, woah, woah, woah
Woah, woah
Woah, woah, woah, woah
Woah, woah
'Cause it's too cold for you here and now
So let me hold both your hands in the holes of my sweater
'Cause it's too cold for you here and now
Let me hold both your hands in the holes of my sweater
And it's too cold, it's too cold
The holes of my sweater",Missing Genre Only
2010s,2015,Cool for the Summer,Demi Lovato,,79,3.58,True,0.079,0.545,379,21.37,105.9,"Tell me what you want, what you like, it's okay
I'm a little curious too
Tell me if it's wrong, if it's right, I don't care
I can keep a secret, can you?
Got my mind on your body
And your body on my mind
Got a taste for the cherry
I just need to take a bite
Don't tell your mother
Kiss one another
Die for each other
We're cool for the summer (Ha)
Ooh
Ooh
Take me down into your paradise
Don't be scared 'cause I'm your body type
Just something that we wanna try
'Cause you and I
We're cool for the summer
Tell me if I won, if I did, what's my prize?
I just wanna play with you too
Even if they judge, fuck it, I'll do the time
I just wanna have some fun with you
Got my mind on your body
And your body on my mind
Got a taste for the cherry
I just need to take a bite
Don't tell your mother
Kiss one another
Die for each other
We're cool for the summer (Ha)
Ooh
Ooh
Take me down into your paradise
Don't be scared 'cause I'm your body type
Just something that we wanna try
'Cause you and I (You and I)
We're cool for the summer (Ha)
We're cool for the summer
We're cool for the summer
Shh, don't tell your mother
Got my mind on your body
And your body on my mind
Got a taste for the cherry
I just need to take a bite
Take me down
Take me down into your paradise (Don't be scared)
Don't be scared 'cause I'm your body type
Just something that we wanna try (Wanna try)
'Cause you and I (You and I)
We're cool for the summer (Oh)
(Take me down)
We're cool for the summer
(Don't be scared)
'Cause I'm your body type
(Just something)
Just something that we wanna try
'Cause you and I (You and I)
We're cool for the summer (Ha)
(Ooh)
We're cool for the summer",Missing Genre Only
2010s,2011,Somebody That I Used To Know,Gotye,,62,4.08,False,0.222,0.6,392,30.1,96.05,"Now and then, I think of when we were together
Like when you said you felt so happy, you could die
I told myself that you were right for me
But felt so lonely in your company
But that was love and it's an ache I still remember
You can get addicted to a certain kind of sadness
Like resignation to the end, always the end
So when we found that we could not make sense
Well, you said that we would still be friends
But I'll admit that I was glad it was over
But you didn't have to cut me off
Make out like it never happened and that we were nothing
And I don't even need your love
But you treat me like a stranger and that feels so rough
No, you didn't have to stoop so low
Have your friends collect your records and then change your number
I guess that I don't need that, though
Now you're just somebody that I used to know
Now you're just somebody that I used to know
Now you're just somebody that I used to know
Now and then, I think of all the times you screwed me over
But had me believing it was always something that I'd done
But I don't wanna live that way
Reading into every word you say
You said that you could let it go
And I wouldn't catch you hung up on somebody that you used to know
But you didn't have to cut me off
Make out like it never happened and that we were nothing (Ah)
And I don't even need your love (Ohh)
But you treat me like a stranger and that feels so rough (Ah)
No, you didn't have to stoop so low (Ohh)
Have your friends collect your records and then change your number (Ah)
I guess that I don't need that, though (Ohh)
Now you're just somebody that I used to know
Gotye & Kimbra
]
Somebody (I used to know)
Somebody (Now you're just somebody that I used to know)
Somebody (I used to know)
Somebody (Now you're just somebody that I used to know)
(I used to know)
(That I used to know)
(I used to know)
Somebody",Missing Genre Only
2010s,2012,Can't Hold Us (feat. Ray Dalton),Macklemore,,79,4.31,False,0.051,0.361,780,29.87,181.16,"Hey, hey, hey
Good to see you
Come on, dude, let's go
Yeah, let's go
Hahaha, alright
Alright, okay
Uh, alright, okay
Alright, okay
Return of the Mack
Get 'em; what it is? What it does? What it is? What it isn't?
Looking for a better way to get up outta bed
Instead of getting on the Internet
And checking on who hit me, get up
Thrift shop, pimp-strut walkin'
Little bit of humble, little bit of cautious
Somewhere between like Rocky and Cosby
Sweater game, nope, nope, y'all can't copy, yeah
Bad, moonwalking, this here is our party
My posse's been on Broadway, and we did it our way
Grown music, I shed my skin and put my bones
Into everything I record to it and yet I'm on
Let that stage light go and shine on down
Got that Bob Barker suit game and Plinko in my style
Money, stay on my craft and stick around for those pounds
But I do that to pass the torch and put on for my town
Trust me on my I-N-D-E-P-E-N-D-E-N-T shit, hustlin'
Chasing dreams since I was fourteen
With the four-track, bussin'
Halfway 'cross that city with the back (Back) pack (Pack), fat (Fat) cat (Cat), crushin'
Labels out here, now they can't tell me nothin' (Hey, hey, hey)
We give that to the people, spread it across the country (Hey, hey, hey, oh)
Labels out here, now they can't tell me nothin' (Hey, hey, hey)
We give it to the people, spread it across the country (Hey, hey, hey, oh)
Can we go back? This is the moment
Tonight is the night, we'll fight 'til it's over
So we put our hands up
Like the ceiling can't hold us
Like the ceiling can't hold us
Can we go back? This is the moment
Tonight is the night, we'll fight 'til it's over
So we put our hands up
Like the ceiling can't hold us
Like the ceiling can't hold us
Now, can I kick it? Thank you
Yeah, I'm so damn grateful
I grew up really wanting gold fronts
But that's what you get when Wu-Tang raised you
Y'all can't stop me
Go hard like I got a 808 in my heartbeat
And I'm eating at the beat like you gave a little speed
To a great white shark on 
Shark Week
, raw
Time to go off, I'm gone
Deuces, goodbye, I got a world to see
And my girl, she wanna see Rome
Caesar'll make you a believer
Nah, I never ever did it for a throne
That validation comes from giving it back to the people
Now, sing a song, and it goes like
Raise those hands, this is our party (Hey, hey, hey)
We came here to live life like nobody was watching (Hey, hey, hey, oh)
I got my city right behind me, if I fall, they got me (
Hey, hey, hey
)
Learn from that failure, gain humility (
Hey, hey, hey
)
And then we keep marching, I said
Can we go back? This is the moment
Tonight is the night, we'll fight 'til it's over
So we put our hands up
Like the ceiling can't hold us
Like the ceiling can't hold us
Can we go back? This is the moment
Tonight is the night, we'll fight 'til it's over
So we put our hands up
Like the ceiling can't hold us
Like the ceiling can't hold us
(And so we put our hands up)
(And so we put our hands up)
(Woah-oh, oh, oh)
(Woah-oh, oh, oh)
(Woah-oh, oh, oh)
Let's go
Na, na, na-na, na, na-na, na (Uh-huh)
Hey (And all my people sing)
Na, na, na-na, na, na-na, na (Hey, hey, that's right)
Hey (Here we go, all right, uh)
And all my people sing
Na, na, na-na, na, na-na, na (You do it, Ray)
Oh (Ha-ha, let's go)
And all my people sing
Na, na, na-na, na, na-na, na
Mackle-uh, uh, uh, uh, more
Can we go back? This is the moment
Tonight is the night, we'll fight 'til it's over
So we put our hands up
Like the ceiling can't hold us
Like the ceiling can't hold us
Can we go back? This is the moment (Ooh)
Tonight is the night, we'll fight 'til it's over (Ooh)
So we put our hands up (Ooh)
Like the ceiling can't hold us (Ooh)
Like the ceiling can't hold us (Ooh)",Missing Genre Only
2010s,2015,Daddy Issues,The Neighbourhood,,86,4.34,False,-0.169,0.47,428,25.47,98.71,"Take you like a drug
I taste you on my tongue
You ask me what I'm thinking about
I tell you that I'm thinking about
Whatever you're thinking about (Ah)
Tell me somethin' then I'll forget
And you might have to tell me again
It's crazy what you do for a friend
Go ahead and cry, little girl
Nobody does it like you do
I know how much it matters to you
I know that you got daddy issues
And if you were my little girl
I'd do whatever I could do
I'd run away and hide with you
I know that you got daddy issues, and I do too
I tried to write your name in the rain
But the rain never came
So I made with the sun
The shade
Always comes at the worst times (Ah)
You ask me what I'm thinking about
I tell you that I'm thinking about
Whatever you're thinking about
Tell me somethin' then I'll forget
And you might have to tell me again
It's crazy what you do for a friend
Go ahead and cry, little girl
Nobody does it like you do
I know how much it matters to you
I know that you got daddy issues
And if you were my little girl
I'd do whatever I could do
I'd run away and hide with you
I know that you got daddy issues
I keep on tryin' to let you go
I'm dyin' to let you know
How I'm getting on
I didn't cry when you left at first
But now that you're dead it hurts
This time I gotta know
Where did my daddy go?
I'm not entirely here
Half of me has disappeared
Go ahead and cry, little boy
You know that your daddy did too
You know what your mama went through
You gotta let it out soon, just let it out
Go ahead and cry, little girl
Nobody does it like you do
I know how much it matters to you
I know that you got daddy issues
And if you were my little girl
I'd do whatever I could do
I'd run away and hide with you
I know that you got daddy issues, and I do too
If you were my little girl
I'd do whatever I could do
I'd run away and hide with you
I know that you got daddy issues, and I do too",Missing Genre Only
2010s,2012,Born To Die,Lana Del Rey,,57,4.77,False,-0.117,0.497,562,22.06,117.8,"Mountain
]
Why? (
Got that?
)
Who? Me? (
Louder
)
Why? (
Got that?
)
Feet don't fail me now, take me to the finish line
Oh, my heart, it breaks every step that I take
But I'm hoping that the gates, they'll tell me that you're mine
Walking through the city streets, is it by mistake or design?
I feel so alone on a Friday night
Can you make it feel like home if I tell you you're mine?
It's like I told you, honey (
Louder
)
Don't make me sad, don't make me cry
Sometimes, love is not enough
And the road gets tough, I don't know why
Keep makin' me laugh, let's go get high
The road is long, we carry on
Try to have fun in the meantime
Come and take a walk on the wild side
Let me kiss you hard in the pouring rain
You like your girls insane (
Louder, alright
)
Choose your last words, this is the last time
'Cause you and I, we were born to die
Lost, but now I am found
I can see that, once, I was blind
I was so confused as a little child
Tried to take what I could get, scared that I couldn't find
All the answers, honey (
Louder
)
Don't make me sad, don't make me cry
Sometimes, love is not enough
And the road gets tough, I don't know why
Keep makin' me laugh, let's go get high
The road is long, we carry on
Try to have fun in the meantime
Come and take a walk on the wild side
Let me kiss you hard in the pouring rain
You like your girls insane (
Louder, alright
)
Choose your last words, this is the last time
'Cause you and I, we were born to die
(We were born to die, we were born to die)
We were born to die
(We were born to die, we were born to die, we were born to die)
We were born to die
Come and take a walk on the wild side
Let me kiss you hard in the pouring rain
You like your girls insane
So don't make me sad, don't make me cry
Sometimes, love is not enough
And the road gets tough, I don't know why
Keep makin' me laugh, let's go get high
The road is long, we carry on
Try to have fun in the meantime
Come and take a walk on the wild side
Let me kiss you hard in the pouring rain
You like your girls insane (
Louder, alright
)
Choose your last words, this is the last time
'Cause you and I, we were born to die
(Louder)
(We were born to die, we were born to die)
We were born to die
(We were born to die, we were born to die)
(We were born to die, we were born to die)
(Louder)
(We were born to die, we were born to die)
(We were born to die, we were born to die)
(Louder)
(We were born to die, we were born to die)
(We were born to die, we were born to die)
(Louder)
(We were born to die, we were born to die)
(We were born to die, we were born to die)
(Got that?)
(Louder)",Missing Genre Only
2010s,2017,Lush Life,Zara Larsson,,86,3.34,False,0.053,0.334,490,23.27,146.53,"I live my day as if it was the last
Live my day as if there was no past
Doin' it all night, all summer
Doin' it the way I wanna
Yeah, I'ma dance my heart out 'til the dawn
But I won't be done when mornin' comes
Doin' it all night, all summer
Gonna spend it like no other
It was a crush
But I couldn't, couldn't get enough
It was a rush
But I gave it up
It was a crush
Now, I might've went and said too much
But that's all it was
So I gave it up
I live my day as if it was the last
Live my day as if there was no past
Doin' it all night, all summer
Doin' it the way I wanna
Yeah, I'ma dance my heart out 'til the dawn
But I won't be done when mornin' comes
Doin' it all night, all summer
Gonna spend it like no other
It was a crush
I kept sayin', ""I'ma stay in touch""
But that thing went bust
So I gave it up, ooh
No tricks, no bluff
I'm just better off without them cuffs
Yeah, the sun won't set on us
Ooh, ooh, ooh, yeah, yeah
Went low, went high
Still waters run dry
Gotta get back in the groove
I ain't ever worried
Went low, went high
What matters is now
Gettin' right back in the mood
I live my day as if it was the last
Live my day as if there was no past
Doin' it all night, all summer
Doin' it the way I wanna
Yeah, I'ma dance my heart out 'til the dawn
But I won't be done when mornin' comes
Doin' it all night, all summer
Gonna spend it like no other
Now I've found another crush
The lush life's given me a rush
Had one chance to make me blush
Second time is one too late
Now I've found another crush
The lush life's given me a rush
Had one chance to make me blush
Second time is one too late
Ooh, ooh-woah
Ooh, ooh-woah
I live my day as if it was the last
Live my day as if there was no past
Doin' it all night, all summer
Doin' it the way I wanna
Yeah, I'ma dance my heart out 'til the dawn
But I won't be done when mornin' comes
Doin' it all night, all summer
Gonna spend it like no other
Now I've found another crush
The lush life's given me a rush
Had one chance to make me blush
Second time is one too late
Now I've found another crush
The lush life's given me a rush
Had one chance to make me blush
Second time is one too late",Missing Genre Only
2010s,2015,Locked Away (feat. Adam Levine),R. City,,83,3.79,False,0.227,0.48,658,19.76,173.56,"If I got locked away
And we lost it all today
Tell me honestly
Would you still love me the same? (Need 'em)
If I showed you my flaws (Whirl)
If I couldn't be strong (Why)
Tell me honestly
Would you still love me the same?
Right about now (What)
If a judge 'for life' me, would ya stay by my side? (Ya)
Or is you gonna say goodbye? (Bye, bye, bye)
Can you tell me right now? (Can you tell me)
If I couldn't buy you the fancy things in life (My, my)
Shawty, would it be alright? (Right)
Come on, show me that you are down (Down, down, down, down)
Uh-huh
Now tell me, would you really ride for me?
(
Would you really ride for me? Uh
)
Baby, tell me, would you die for me?
(Tell me, would you die for me? Uh)
Would you spend your whole life with me? (Wassup?)
Would you be there to always hold me down? (Woo)
(Uh-huh, uh-huh)
Tell me, would you really cry for me?
(Would you really cry for me? Uh)
Baby, don't lie to me
(
Baby, don't lie to me
)
If I didn't have anything (
Wassup?
)
I wanna know, would you stick around? (
What
)
If I got locked away (Go)
And we lost it all today (Yo)
Tell me honestly
Would you still love me the same? (Go)
If I showed you my flaws (Wow)
If I couldn't be strong (Wow)
Tell me honestly (What)
Would you still love me the same?
Skiddly dong, dong, dong, dang (Ah)
All I want is somebody real, who don't need much (Yeah, yeah)
A gyal I know that I can trust (Shut up, shut)
To be here when money low (Low, low, low, low)
If I did not have nothing else to give but love (Ow)
Would that even be enough? (Tell me, tell me, tell me)
Gyal, me need fi know (Know, know, know, know)
Uh-huh
Now tell me, would you really ride for me?
(
Would you really ride for me?
 Eh)
Baby, tell me, would you die for me?
(
Tell me, would you die for me?
 Yeah)
Would you spend your whole life with me? (
Wassup?
)
Would you be there to always hold me down?
(Uh-huh, uh-huh)
Tell me, would you really cry for me?
(Would you really cry for me? Yeah)
Baby, don't lie to me
(Baby, don't lie to me, lie)
If I didn't have anything (Wassup?)
I wanna know, would you stick around? (Go)
If I got locked away (Go)
And we lost it all today (Yo)
Tell me honestly
Would you still love me the same? (Go)
If I showed you my flaws (Wow)
If I couldn't be strong (Yo)
Tell me honestly (What)
Would you still love me the same?
Tell me, tell me, would you want me, want me?
Tell me, tell me, would you call me, call me?
If you knew I wasn't balling
'Cause I need a gyal who's always by my side
Tell me, tell me, do you need me?
Tell me, tell me, do you love me? Yeah
Or is you just tryna play me?
'Cause I need a gyal to hold me down for life (Die, die, die, die, die, die now)
If I got locked away
And we lost it all today
Tell me honestly
Would you still love me the same?
If I showed you my flaws
If I couldn't be strong
Tell me honestly
Would you still love me the same?
If I got locked away (Go)
And we lost it all today (Yo)
Tell me honestly
Would you still love me the same? (Go)
If I showed you my flaws (Wow)
If I couldn't be strong (Wow)
Tell me honestly (Low)
Would you still love me the same?
Would you still love me the same?",Missing Genre Only
2010s,2012,Starships,Nicki Minaj,,79,3.51,True,0.306,0.551,415,30.84,118.22,"RedOne
Uh
Let's go to the beach-each, let's go get away
They say, what they gonna say
Have a drink, clink, found the Bud Light
Bad bitches like me is hard to come by
The Patrón own, let's go get it on
The zone on, yes, I'm in the zone
Is it two, three? Leave a good tip
I'ma blow off my money and don't give two shits, oh-oh
I'm on the floor, floor, I love to dance
So give me more, more 'til I can't stand
Get on the floor, floor like it's your last chance
If you want more, more, then here I am
Starships were meant to fly
Hands up and touch the sky (
Oh-oh-oh-oh
)
Can't stop 'cause we're so high
Let's do this one more time (
Oh-oh-oh-oh
)
Starships were meant to fly
Hands up and touch the sky (
Oh-oh-oh-oh
)
Let's do this one last time
Can't stop
We're higher than a motherfucka
We're higher than a motherfucka
We're higher than a motherfucka
Jump in my hoopty-hoopty-hoop, I own that
And I ain't payin' my rent this month, I owe that
But fuck who you want, and fuck who you like
Dancehall life, there's no end in sight
Twinkle, twinkle little star
Now everybody let me hear you say, ""Ray, ray, ray""
Now spend all your money, 'cause today payday
And if you a G, you a G-G-G
My name is Onika, you can call me Nicki (Woo)
Get on the floor, floor like it's your last chance
If you want more, more, then here I am
Starships were meant to fly
Hands up and touch the sky (
Oh-oh-oh-oh
)
Can't stop 'cause we're so high
Let's do this one more time (
Oh-oh-oh-oh
)
Starships were meant to fly
Hands up and touch the sky (
Oh-oh-oh-oh
)
Let's do this one last time
Can't stop
We're higher than a motherfucka
We're higher than a motherfucka
We're higher than a motherfucka
Starships were meant to fly
Hands up and touch the sky
Can't stop 'cause we're so high
Let's do this one more time (
Oh-oh-oh-oh
)
Starships were meant to fly
Hands up and touch the sky (
Oh-oh-oh-oh
)
Let's do this one last time
Can't stop
We're higher than a motherfucka
We're higher than a motherfucka
We're higher than a motherfucka",Missing Genre Only
2010s,2016,Redbone,Childish Gambino,,83,5.45,True,0.008,0.495,303,30.69,55.61,"Daylight
I wake up feelin' like you won't play right
I used to know, but now that shit don't feel right
It made me put away my pride
So long
You made a nigga wait for some, so long
You make it hard for boy like that to go on
I'm wishin' I could make this mine, oh
(If you want it) Yeah
(You can have it) Oh, oh, oh
(If you need it) Ooh
(We can make it, oh)
If you want it
You can have it
But stay woke
Niggas creepin'
They gon' find you
Gon' catch you sleepin', ooh
Now stay woke
Niggas creepin'
Now, don't you close your eyes
Too late
You wanna make it right, but now it's too late
My peanut butter chocolate cake with Kool-Aid
I'm tryin' not to waste my time
(If you want it) Oh
(You can have it) You can have it
(If you need it) You better believe in somethin'
(We can make it, oh)
If you want it
(You can have it) Ahh!
But stay woke (Stay woke)
Niggas creepin' (They be creepin')
They gon' find you (They gon' find you)
Gon' catch you sleepin', ooh (Gon' catch you sleepin', put your hands up now, baby)
Now stay woke
Niggas creepin'
Now, don't you close your eyes
But stay woke (Ooh-ahh)
Niggas creepin' (They gon' find you)
They gon' find you
Gon' catch you sleepin', ooh (Gon' catch you, gon' catch you)
Now stay woke
Niggas creepin'
Now, don't you close your eyes
How'd it get so scandalous?
Oh, how'd it get so scandalous?
Oh, oh, baby, you, how'd it get
How'd it get so scandalous?
How'd it get so scandalous?
But stay woke
But stay woke",Missing Genre Only
2010s,2016,I Took A Pill In Ibiza - Seeb Remix,Mike Posner,,81,3.3,True,-0.275,0.726,350,32.29,106.1,"I took a pill in Ibiza
To show Avicii I was cool
And when I finally got sober, felt ten years older
But fuck it, it was somethin' to do
I'm livin' out in LA
I drive a sports car just to prove
I'm a real big baller 'cause I made a million dollars
And I spend it on girls and shoes
But you don't wanna be high like me
Never really knowin' why like me
You don't ever wanna step off that rollercoaster and be all alone
You don't wanna ride the bus like this
Never knowin' who to trust like this
You don't wanna be stuck up on that stage singin', stuck up on that stage singin'
All I know
Are sad songs, sad songs
Darlin', all I know
Are sad songs, sad songs
I know
I know are sad songs
I know
I know are sad songs
I know
I know are sad songs
I know
I know are sad songs
I'm just a singer
Who already blew his shot
I get along with oldtimers 'cause my name's a reminder
Of a pop song people forgot
And I can't keep a girl, no
'Cause as soon as the sun comes up
I cut 'em all loose and work's my excuse
But the truth is I can't open up
No, you don't wanna be high like me
Never really knowin' why like me
You don't ever wanna step off that rollercoaster and be all alone
You don't wanna ride the bus like this
Never knowin' who to trust like this
You don't wanna be stuck up on that stage singin', stuck up on that stage singin'
All I know
Are sad songs, sad songs
Darlin', all I know
Are sad songs, sad songs
I know
I know are sad songs
I know
I know are sad songs
I know (Sad songs)
I know are sad songs
I know (Sad songs)
I know are sad songs",Missing Genre Only
2010s,2019,Streets,Doja Cat,,84,3.78,True,-0.065,0.484,469,34.97,123.98,"I've been goin' through some things (Oh)
I struggle with my inner man (Yeah, yeah)
I hustle, I'll do what I can to get this money
Blaq Tuxedo
Don Dada on the, Don Dada on the beat
Like you, like you
Like you, ooh
I found it hard to find someone like you
Like you, like you
Send your location, come through
I can't sleep no more
In my head, we belong
And I can't be without you
Why can't I find no one like you?
I can't sleep no more
In my head, we belong
And I can't be without you
Why can't I find no one like you?
Baby, we tried to fight it
We all been there some days
Thought I needed something else
And acted like I was okay
We just had to work it out
And baby, I needed space
Ain't nobody 'round here on your level
You're so far away
You're pouring your heart out
I'm acting like I knew
You held me so down
So down I never grew, oh
I tried to find out
When none of them came through
And now I'm stuck in the middle
And baby had to pull me out, oh
Like you, like you
Like you, ooh
I found it hard to find someone like you
Like you, like you
Send your location, come through (Yeah)
Damn papa, you a rare breed, no comparing
And it's motherfuckin' scary
Tryna keep him 'cause I found him
Let a ho know I ain't motherfuckin' sharing
I could take you to the parents, then to Paris
Plan a motherfuckin' wedding
You the type I wanna marry (Yeah) and keep you merry
I'll put the ring on when you ready
We play our fantasies out in real life ways and
No Final Fantasy, can we end these games though?
You give me energy, make me feel lightweight (Woo)
Like the birds of a feather, baby (Woo)
We real life made for each other (Woo)
And it's hard to keep my cool
When other bitches tryna get with my dude and
When other chickens tryna get in my coop
'Cause you're a one in a million
There ain't no man like you
Like you, like you
Like you, ooh
I found it hard to find someone like you
Like you, like you
Send your location, come through
I can't sleep no more
In my head, we belong
And I can't be without you
Why can't I find no one like you?
I can't sleep no more
In my head, we belong
And I can't be without you
Why can't I find no one like you?",Missing Genre Only
2010s,2010,"Moves Like Jagger - Studio Recording From ""The Voice"" Performance",Maroon 5,pop,82,3.36,False,0.043,0.692,493,25.15,146.73,"Oh, na
Oh

Just shoot for the stars if it feels right
Then aim for my heart if you feel like it
Take me away, and make it okay
I swear I'll behave
You wanted control, so we waited
I put on a show, now we're naked
You say I'm a kid, my ego is big
I don't give a shit

And it goes like this (Uh)
Take me by the tongue and I'll know you (Uh)
Kiss me 'til you're drunk and I'll show you
All the moves like Jagger
I've got them moves like Jagger
I've got them moves like Jagger (Uh)
I don't need to try to control you (Uh)
Look into my eyes and I'll own you
With them moves like Jagger
I've got them moves like Jagger
I've got them moves like Jagger

Maybe it's hard when you feel like
You're broken and scarred, nothing feels right
But when you're with me, I'll make you believe
That I've got the key
Oh, so get in the car, we can ride it
Wherever you want, get inside it
And you wanna steer, but I'm shifting gears
I'll take it from here (Oh, yeah, yeah)

And it goes like this (Uh)
Take me by the tongue and I'll know you (Uh)
Kiss me 'til you're drunk and I'll show you
All the moves like Jagger
I've got them moves like Jagger
I've got them moves like Jagger (Woo, uh)
I don't need to try to control you (Oh, yeah, uh)
Look into my eyes and I'll own you
With them moves like Jagger
I've got them moves like Jagger (Yeah, yeah, yeah)
I've got them moves like Jagger

Uh, you wanna know how to make me smile?
Take control, own me just for the night (Ah)
And if I share my secret, you're gonna have to keep it (Shh)
Nobody else can see this (Ah, uh)
So watch and learn, I won't show you twice
Head to toe, ooh, baby, rub me right, yeah
And if I share my secret, you're gonna have to keep it
Nobody else can see this, hey, hey, hey, yeah

And it goes like this (Uh)
Take me by the tongue and I'll know you (Take me by the tongue, uh)
Kiss me 'til you're drunk and I'll show you (Yeah, yeah)
All the moves like Jagger
I've got them moves like Jagger
I've got them moves like Jagger (Oh, yeah, woo, uh)
I don't need to try to control you (Yeah, ooh, uh)
Look into my eyes and I'll own you (Oh-oh)
With them moves like Jagger
I've got them moves like Jagger
I've got them moves like Jagger",Missing Lyrics Only
2020s,2020,telepatía,Kali Uchis,,83,2.67,False,0.162,0.504,281,38.79,105.25,"Quién lo diría que se podría
Hacer el amor por telepatía
La luna está llena, mi cama vacía
Lo que yo te haría
Si te tuviera de frente, la mente te la volaría
De noche y de día, de noche y de día
You know I'm just a flight away
If you want it, you could take a private plane
A kilómetros estamos conectando
Y me prendes aunque no me estés tocando
You know I got a lot to say
All these voices in the background of my brain
Y me dicen todo lo que estás pensando
Me imagino lo que ya estás maquinando
Quién lo diría que se podría
Hacer el amor por telepatía
La luna está llena, mi cama vacía
Lo que yo te haría
Si te tuviera de frente, la mente te la volaría
De noche y de día, de noche y de día
You know that I can see right through you
I can read your mind, I can read your mind
What you wanna do?
It's written all over your face, times two
'Cause I can read your mind, I can read your mind
I can hear your thoughts like a melody
Listen while you talk when you're fast asleep
You stay on the phone just to hear me breathe
(On repeat)
Quién lo diría que se podría
Hacer el amor por telepatía
La luna está llena, mi cama vacía
Lo que yo te haría
Si te tuviera de frente, la mente te la volaría
De noche y de día, de noche y de día
(You know I got a lot to say)
(All these voices in the background of my brain)",Missing Genre Only
2020s,2024,i like the way you kiss me,Artemas,,76,2.38,False,0.234,0.541,419,18.62,176.4,"I like the way you kiss me
I like the way you, uh
I like the way you kiss me, I can tell you miss me
I can tell it hits, hits, hits, hits
Not tryna be romantic, I'll hit it from the back
Just so you don't get attached ('Tached, 'tached, 'tached)
I like the way you kiss me, I can tell you miss me
I can tell it hits, hits, hits, hits
Not tryna be romantic, I'll hit it from the back
Just so you don't get attached ('Tached, 'tached, 'tached)
You bite my lip just for the taste
You're on your knees, I'm on the case
You take the heat and with such grace
You say we'rе done, but here you stay
Said you'rе scared I'll let you down (I'll let you down)
Stick around and you'll find out (And you'll find out)
But don't you wanna make me proud? (Don't you wanna make me proud?)
'Cause I'm so proud, baby, I'm so proud of you
I like the way you kiss me, I can tell you miss me
I can tell it hits, hits, hits, hits
Not tryna be romantic, I'll hit it from the back
Just so you don't get attached ('Tached, 'tached, 'tached)
I like the way you kiss me, I can tell you miss me
I can tell it hits, hits, hits, hits
Not tryna be romantic, I'll hit it from the back
Just so you don't get attached ('Tached, 'tached, 'tached)
Do I stress you out? Can I help you out?
Does it turn you on when I turn you 'round?
Can we make a scene? (Scene) Can you make it loud? (Loud)
'Cause I'm so proud, baby, I'm so proud of you
(So proud of you)
(Mm, so proud of you)
I like the way you kiss me, I can tell you miss me
I can tell it hits, hits, hits, hits
Not tryna be romantic, I'll hit it from the back
Just so you don't get attached ('Tached, 'tached, 'tached)
I like the way you kiss me, I can tell you miss me
I can tell it hits, hits, hits, hits
Not tryna be romantic, I'll hit it from the back
Just so you don't get attached ('Tached, 'tached, 'tached)
I like the way you kiss me
I like the way you, uh",Missing Genre Only
2020s,2023,"One Of The Girls (with JENNIE, Lily Rose Depp)",The Weeknd,,92,4.08,False,0.272,0.585,415,27.47,101.72,"Lock me up and throw away the key
He knows how to get the best out of me
I'm no force for the world to see
Trade my whole life just to be

Tell nobody I control you
I broke you just to own you
They can't tell but I love you
'Cause you're loyal, baby
I love when you're submissive
You love it when I break skin
You feel pain without flinchin'
So say it

Give me tough love
Leave me with nothin' when I come down
My kind of love
Force me and choke me 'til I pass out

We don't gotta bе in love, no
I don't gotta be the onе, no
I just wanna be one of your girls tonight
We don't gotta be in love, no
I don't gotta be the one, no
I just wanna be one of your girls tonight, oh

Push me down, hold me down
Spit in my mouth while you turn me out
I wanna take your light inside
Tear me down, snuff me out
Hands on my neck while you push it up
And I'm screamin' now

Give me tough love
Leave me with nothin' when I come down
My kind of love
Force me and choke me 'til I pass out

We don't gotta be in love, no
I don't gotta be the one, no
I just wanna be one of your girls tonight (Tonight)
We don't gotta be in love, no
I don't gotta be the one, no (Oh)
I just wanna be one of your girls tonight, oh

Lock me up and throw away the key
He knows how to get the best out of me
I'm no force for the world to see
Trade my whole life just to be
Top of the world, but I'm still not free
This is a secret that I keep
Until it's gone, I can never find peace
Waste my whole life just to be

We don't gotta be in love, no
I don't gotta be the one, no
I just wanna be one of your girls tonight (Tonight)
We don't gotta be in love, no
I don't gotta be the one, no (Oh)
I just wanna be one of your girls tonight (Oh), oh",Both Missing
2020s,2022,End of Beginning,Djo,,91,2.65,False,0.147,0.23,200,36.5,75.36,"Just one more tear to cry, one teardrop from my eye
You better save it for
The middle of the night when things aren't black and white
Enter, Troubadour
""Remember twenty-four?""
And when I'm back in Chicago, I feel it
Another version of me, I was in it
I wave goodbye to the end of beginning
This song has started now, and you're just finding out
Now isn't that a laugh?
A major sacrifice, but clueless at the time
Enter, Caroline
""Just trust me, you'll be fine""
And when I'm back in Chicago, I feel it
Another version of me, I was in it
I wave goodbye to the end of beginning
(Goodbye, goodbye, goodbye, goodbye)
You take the man out of the city, not the city out the man
You take the man out of the city, not the city out the man
You take the man out of the city, not the city out the man
You take the man out of the—
And when I'm back in Chicago, I feel it
Another version of me, I was in it
Oh, I wave goodbye to the end of beginning
(Goodbye, goodbye)",Missing Genre Only
2020s,2024,"Good Luck, Babe!",Chappell Roan,,90,3.64,False,0.334,0.588,482,24.69,132.4,"It's fine, it's cool
You can say that we are nothing, but you know the truth
And guess I'm the fool
With her arms out like an angel through the car sunroof
I don't wanna call it off
But you don't wanna call it love
You only wanna be the one that I call ""baby""
You can kiss a hundred boys in bars
Shoot another shot, try to stop the feeling
You can say it's just the way you are
Make a new excuse, 'nother stupid reason
Good luck, babe (Well, good luck)
Well, good luck, babe (Well, good luck)
You'd have to stop the world just to stop the feeling
Good luck, babe (Well, good luck)
Well, good luck, babe (Well, good luck)
You'd have to stop the world just to stop the feeling
I'm cliché, who cares?
It's a sexually explicit kind of love affair
And I cry, it's not fair
I just need a little lovin', I just need a little air
Think I'm gonna call it off
Even if you call it love
I just wanna love someone who calls me ""baby""
You can kiss a hundred boys in bars
Shoot another shot, try to stop the feeling
You can say it's just the way you are
Make a new excuse, 'nother stupid reason
Good luck, babe (Well, good luck)
Well, good luck, babe (Well, good luck)
You'd have to stop the world just to stop the feeling
Good luck, babe (Well, good luck)
Well, good luck, babe (Well, good luck)
You'd have to stop the world just to stop the feeling
Ah, ah-yeah, oh
When you wake up next to him in the middle of the night
With your head in your hands, you're nothing more than his wife
And when you think about me all of those years ago
You're standing face to face with ""I told you so""
You know I hate to say, I told you so
You know I hate to say, but I told you so
You can kiss a hundred boys in bars
Shoot another shot, try to stop the feeling (Well, I told you so)
You can say it's just the way you are
Make a new excuse, 'nother stupid reason
Good luck, babe (Well, good luck)
Well, good luck, babe (Well, good luck)
You'd have to stop the world just to stop the feeling
Good luck, babe (Well, good luck)
Well, good luck, babe (Well, good luck)
You'd have to stop the world just to stop the feeling
You'd have to stop the world just to stop the feeling
You'd have to stop the world just to stop the feeling
You'd have to stop the world just to stop the feeling",Missing Genre Only
2020s,2022,Die For You,Joji,,81,3.53,False,0.212,0.561,240,44.17,68.03,"Swear I couldn't sleep a wink last night
No point in turning off the lights
Not the same without your head on my shoulders
Growing pains, but I don't wanna get older
Almost like we left it all on read
Couple feelings never laid to rest
Didn't know that the party was over
And it's true that I need you here closer
Burning photos
Had to learn to let go
I used to be
Somebody in another skin (Another skin)
I heard that you're happy without me
And I hope it's true (I hope, I hope it's true)
It kills me a little, that's okay
'Cause I'd die for you
You know I'd still die for you
I hopе you're getting evеrything you needed
Found the puzzle piece and feel completed
Just wanted you to know every reason
Hope you really know that I mean that
I couldn't see the forest from the trees
Only time we speak (Only time we speak)
Is in my dreams
Burning photos
Had to learn to let go
I used to be
Somebody in another skin (Another skin)
I heard that you're happy without me
And I hope it's true (I hope, I hope it's true)
It kills me a little, that's okay
'Cause I'd die for you
You know I'd still die for you",Missing Genre Only
2020s,2021,Save Your Tears (with Ariana Grande) (Remix),The Weeknd,,79,3.18,False,0.138,0.336,282,34.4,88.68,"Ooh
Na-na, yeah

I saw you dancing in a crowded room (Uh)
You look so happy when I'm not with you
But then you saw me, caught you by surprise
A single teardrop falling from your eye

I don't know why I run away
I make you cry when I run away

You could've asked me why I broke your heart
You could've told me that you fell apart
But you walked past me like I wasn't there
And just pretended like you didn't care

I don't know why I run away
I make you cry when I run away

Take me back 'cause I wanna stay
Save your tears for another

Save your tears for another day
Save your tears for another day (So)

I made you think that I would always stay
I said some things that I should never say
Yeah, I broke your heart like someone did to mine
And now you won't love me for a second time

I don't know why I run away, oh, girl
Said, I make you cry when I run away

Girl, take me back 'cause I wanna stay
Save your tears for another
I realize that I'm much too late
And you deserve someone better

Save your tears for another day (Oh yeah)
Save your tears for another day (Yeah)

I don't know why I run away
I'll make you cry when I run away

Save your tears for another day
Ooh, girl, I said (Ah)
Save your tears for another day (Ah)

Save your tears for another day (Ah)
Save your tears for another day (Ah)",Both Missing
2020s,2024,back to friends,sombr,,92,3.32,False,-0.134,0.237,206,37.86,62.1,"Touch my body tender
'Cause the feeling makes me weak
Kicking off the covers
I see the ceiling while you're looking down at me
How can we go back to being friends
When we just shared a bed?
How can you look at me and pretend
I'm someone you've never met?
It was last December
You were layin' on my chest
I still remember
I was scared to take a breath
Didn't want you to movе your head
How can we go back to being friеnds
When we just shared a bed? (Yeah)
How can you look at me and pretend
I'm someone you've never met?
The devil in your eyes
Won't deny the lies you've sold
I'm holding on too tight
While you let go
This is casual
How can we go back to being friends
When we just shared a bed? (Yeah)
How can you look at me and pretend
I'm someone you've never met?
How can we go back to being friends
When we just shared a bed? (Yeah)
How can you look at me and pretend
I'm someone you've never met?
I'm someone you've never met (Yeah)",Missing Genre Only
2020s,2021,Happier Than Ever,Billie Eilish,,85,4.98,True,0.002,0.626,366,40.98,73.47,"When I'm away from you
I'm happier than ever
Wish I could explain it better
I wish it wasn't true
Give me a day or two to think of something clever
To write myself a letter
To tell me what to do, mm-mm
Do you read my interviews?
Or do you skip my avenue?
When you said you were passin' through
Was I even on your way?
I knew when I asked you to (When I asked you to)
Be cool about what I was tellin' you
You'd do the opposite of what you said you'd do (What you said you'd do)
And I'd end up more afraid
Don't say it isn't fair
You clearly werеn't aware that you made me misеrable
So if you really wanna know
When I'm away from you (When I'm away from you)
I'm happier than ever (Happier than ever)
Wish I could explain it better (Wish I could explain it better)
I wish it wasn't true, mm-mm
You call me again, drunk in your Benz
Drivin' home under the influence
You scared me to death, but I'm wastin' my breath
'Cause you only listen to your fuckin' friends
I don't relate to you
I don't relate to you, no
'Cause I'd never treat me this shitty
You made me hate this city
And I don't talk shit about you on the internet
Never told anyone anything bad
'Cause that shit's embarrassing, you were my everything
And all that you did was make me fuckin' sad
So don't waste the time I don't have
And don't try to make me feel bad
I could talk about every time that you showed up on time
But I'd have an empty line 'cause you never did
Never paid any mind to my mother or friends, so I
Shut 'em all out for you 'cause I was a kid
You ruined everything good
Always said you were misunderstood
Made all my moments your own
Just fuckin' leave me alone, yeah (Fuck you)
(Ah)
(Goddamn)
(Ah)
(Fuck you)
(Fuck you)",Missing Genre Only
2020s,2023,Back On 74,Jungle,,80,3.49,False,0.0,0.148,326,19.33,93.37,"You keep me walking on the same line
When we get high on my break time
And we're just watching from the same town
But that don't change when it break down
Then we were talking 'bout the same crime
No, it don't hurt when it rains now
Learnt my lesson at the same time
Ooh-ooh-ooh-ooh, where did it
Go? Back on 74 (When I noticed you)
Call this place my home (Ooh, ooh)
Never gonna cry anymore
Where did it all—
(Ooh, oh, oh-oh)
(Ooh, oh, oh-oh)
(Ooh, oh, oh-oh)
(Ooh, oh, oh-oh)
You keep me walking on the same line
When we get high on my break time
And we're just watching from the same town
But that don't change when it break down
Then we were talking 'bout the same crime
No, it don't hurt when it rains now
I learnt my lesson at the same time
Ooh-ooh-ooh-ooh, where did it
Go? Back on 74 (When I noticed you)
Call this place my home (Ooh, ooh)
Never gonna cry anymore
Where did it all
Go, let it go
Let it go, ooh
Let it go, let it go
Let it go, ooh
Go, back on 74 (When I noticed you)
Call this place my home (Ooh, ooh)
Never gonna cry anymore
Where did it all
Go, let it go
Let it go, ooh
Let it go, let it go
Let it go
Where did it all
Go? Back on 74 (When I noticed you)
Call this place my home (Ooh, ooh)
Never gonna cry anymore
Where did it all
Go? Back on 74 (Go, let it go, let it go, ooh)
Call this place my home (Let it go, let it go)
Never gonna cry anymore (Let it go, ooh)
Where did it all
Go? Back on 74
Call this place my home
Never gonna cry anymore
Where did it all—",Missing Genre Only
2020s,2023,vampire,Olivia Rodrigo,,85,3.66,True,-0.088,0.666,409,36.67,111.69,"Hate to give the satisfaction asking how you're doing now
How's the castle built off people you pretend to care about?
Just what you wanted
Look at you, cool guy, you got it
I see the parties and the diamonds sometimes when I close my eyes
Six months of torture you sold as some forbidden paradise
I loved you truly
You gotta laugh at the stupidity
'Cause I've made some real big mistakes
But you make the worst one look fine
I should've known it was strange
You only come out at night
I used to think I was smart
But you made me look so naive
The way you sold me for parts
As you sunk your teeth into me, oh
Bloodsucker, fame fucker
Bleedin' me dry like a goddamn vampire
And every girl I ever talked to told me you were bad, bad news
You called them crazy, God, I hate the way I called 'em crazy, too
You're so convincing
How do you lie without flinching? (How do you lie? How do you lie? How do you lie?)
Oh, what a mesmerizing, paralyzing, fucked up little thrill
Can't figure out just how you do it and God knows I never will
Went for me and not her
'Cause girls your age know better
I've made some real big mistakes
But you make the worst one look fine
I should've known it was strange
You only come out at night
I used to think I was smart
But you made me look so naive
The way you sold me for parts
As you sunk your teeth into me, oh
Bloodsucker, fame fucker
Bleedin' me dry like a goddamn vampire
(Ah)
You said it was true love, but wouldn't that be hard?
You can't love anyone 'cause that would mean you had a heart
I tried to help you out, now I know that I can't
'Cause how you think's the kind of thing I'll never understand
I've made some real big mistakes
But you make the worst one look fine
I should've known it was strange
You only come out at night
I used to think I was smart
But you made me look so naive
The way you sold me for parts
As you sunk your teeth into me, oh
Bloodsucker, fame fucker
Bleedin' me dry like a goddamn vampire",Missing Genre Only
2020s,2025,Show Me Love,WizTheMc,,85,2.95,False,0.443,0.593,447,18.34,151.56,"Show me love, don't need no money
Don’t need nobody
Just need your body, eh, eh
Show me love so sweet like honey
Don't need no talkin'
Just need your body, eh, eh
Your lovin’ on me makes me feel special (Yeah, special, babe, mm)
No heaven on Earth if I can't be with you (I can't be with you, babe, oh)
Show me your eyes, oh, I can tell the truth (I can tell the truth), ooh
I got so high, oh, I can't leave (I can't leave, no-no, no)
I got your body all over my mind (All on my, all on my mind)
I got so high, I'm off my feet (Off my feet, babe), uh
We up in the clouds with the sun in our eyes (In our eyes)
Show me love, don't need no money (No money)
Don't need nobody (No one)
Just need your body (Just need your love), eh, eh (Ayy, ayy)
Show me love so sweet like honey (Eh, ayy, ayy)
Don’t need no talkin’
Just need your body, eh, eh
Eh-eh, eh-eh, eh-eh, eh-eh
Eh-eh, eh-eh, eh-eh, eh
Eh-eh, eh-eh, eh-eh, eh-eh
Eh-eh, eh-eh, eh-eh, eh-eh
Tellin' me, tellin’ me, tellin' me, tellin' me, tellin' me, tellin’ me you feel fine
Never leave, never leave, never leave, never leave, never leavin' your side, uh
Wanna keep you in my life, no need to move (Need to move)
Whenever you're here, I feel like I can't lose (I can't lose, babe)
Baby, I wanna ride with you, oh I, oh I
I got so high, oh, I can't leave (I can't leave, I can't leave)
I got your body all over my mind (My mind, my mind)
I got so high, I'm off my feet (Off my feet, babe), uh
We up in the clouds with the sun in our eyes (In our eyes)
Show me love, don't need no money (No money)
Don't need nobody (No one)
Just need your body (Just need your love), eh, eh (Ayy, ayy)
Show me love so sweet like honey (Eh, ayy, ayy)
Don't need no talkin'
Just need your body, eh, eh
Show me love, show me love, show me love
Show me love, show me love, baby, show love
Show me love, show me love, show me love
Show me love, show me love, baby, show love
Show me love, show me love, show me love
Show me love, show me love, baby, show love
Show me love, show me love",Missing Genre Only
2020s,2020,Angels Like You,Miley Cyrus,,81,3.27,False,0.152,0.582,336,30.06,102.62,"Mmm, mmm, mmm
Flowers in hand, waiting for me
Every word in poetry
Won't call me by name, only ""baby""
The more that you give, the less that I need
Everyone says I look happy
When it feels right
I know that you're wrong for me
Gonna wish we never met on the day I leave
I brought you down to your knees
'Cause they say that misery loves company
It's not your fault I ruin everything
And it's not your fault I can't be what you need
Baby, angels like you can't fly down here with me
I'm everything they said I would be
La, la, la
I'm everything they said I would be
I'll put you down slow, love you goodbye
Before you let go, just one more time
Take off your clothes, pretend that it's fine
A little more hurt won't kill you
Tonight, mother says you don't look happy
Close your eyes
I know that you're wrong for me
Gonna wish we never met on the day I leave
I brought you down to your knees
'Cause they say that misery loves company
It's not your fault I ruin everything
And it's not your fault I can't be what you need
Baby, angels like you can't fly down here with me
I'm everything they said I would be
La, la, la, la
La, la, la
La, la, la
Oh, ah, ah
Ah, oh
Ah, oh
I know that you're wrong for me
Gonna wish we never met on the day I leave
I brought you down to your knees
'Cause they say that misery loves company
It's not your fault I ruin everything (Everything)
And it's not your fault I can't be what you need
Baby, angels like you can't fly down here with me, oh
Angels like you can't fly down here with me",Missing Genre Only
2020s,2024,Messy,Lola Young,,84,4.73,True,-0.182,0.715,552,28.44,116.59,"You know I'm impatient
So why would you leave me waiting outside the station
When it was like minus four degrees?
And I, I get what you're sayin'
I just really don't wanna hear it right now
Can you shut up for like once in your life?
Listen to me
I took your nice words of advice about
How you think I'm gonna die lucky if I turned thirty-three
Okay, so yeah, I smoke like a chimney
I'm not skinny and I pull a Britney
Every other week
But cut me some slack, who do you want me to be?
'Cause I'm too messy, and then I'm too fucking clean
You told me, ""Get a job"", then you ask where the hell I've been
And I'm too perfect till I open my big mouth
I want to be me, is that not allowed?
And I'm too clever, and then I'm too fucking dumb
You hate it when I cry unless it's that time of the month
And I'm too perfect till I show you that I'm not
A thousand people I could be for you and you hate the fucking lot
You hate the fucking lot
You hate the fucking lot
You hate, you hate
It's taking you ages
You still don't get the hint, I'm not asking for pages
But one text or two would be nice
And, please, don't pull those faces
When I've been out working my arse off all day
It's just one bottle of wine or two
But, hey, you can't even talk
You smoke weed just to help you sleep
Then why you out gettin' stoned at 4 o'clock?
And then you come home to me
And don't say hello
'Cause I got high again
And forgot to fold my clothes
'Cause I'm too messy, and then I'm too fucking clean
You told me, ""Get a job"", then you ask where the hell I've been
And I'm too perfect till I open my big mouth
I want to be me, is that not allowed?
And I'm too clever, and then I'm too fucking dumb
You hate it when I cry unless it's that time of the month
And I'm too perfect till I show you that I'm not
A thousand people I could be for you and you hate the fucking lot
You hate the fucking lot
You hate the fucking lot
Oh, and I'm too messy, and then I'm too fucking clean
You told me, ""Get a job"", then you ask where the hell I've been
And I'm too perfect till I open my big mouth
I want to be me, is that not allowed?
And I'm too clever, and then I'm too fucking dumb
You hate it when I cry unless it's that time of the month
And I'm too perfect till I show you that I'm not
A thousand people I could be for you and you hate the fucking lot
You hate the fucking lot
You hate the fucking lot
You hate the fucking lot
You hate the fucking lot",Missing Genre Only
2020s,2022,Bad Habit,Steve Lacy,,73,3.87,True,-0.078,0.583,433,29.56,111.93,"I wish I knew you wanted me
I wish I knew
I wish I knew you wanted me
I wish I knew
I wish I knew you wanted me
What you, ooh, uh, what you do?
Made a move, could've made a move
If I knew I'd be with you
Is it too late to pursue?
I bite my tongue, it's a bad habit
Kinda mad that I didn't take a stab at it
Thought you were too good for me, my dear
Never gave me time of day, my dear
It's okay, things happen for
Reasons that I think are sure, yeah
I wish I knew
I wish I knew you wanted me (I wish I knew)
I wish I knew (Oh)
I wish I knew you wanted me
I wish I knew (Yeah)
I wish I knew you wanted me (Oh)
I wish I knew
I wish I knew you wanted me
Please say to me (Please just say to me)
If you still want it
I wish you wouldn't play with me
I wanna know (I wanna know)
Can I bite your tongue like my bad habit?
Would you mind if I tried to make a pass at it?
No, you're not too good for me, my dear
Funny you come back to me, my dear
It's okay, things happen for
Reasons that I can't ignore, yeah
I wish I knew
I wish I knew you wanted me
I wish I knew (Wish I knew)
I wish I knew you wanted me (Oh)
You can't surprise a Gemini (I wish I knew)
I'm everywhere, I'm cross-eyed, and (I wish I knew you wanted me)
Now that you're back, I can't decide (I wish I knew)
If I decide if you're invited (I wish I knew you wanted me)
You always knew the way to wow me
Fuck around, get tongue-tied, and
I turn it on, I make it rowdy
Then carry on, but I'm not hidin'
You grabbin' me hard 'cause you know what you found
It's biscuits, it's gravy, babe
You can't surprise a Gemini
But you know it's biscuits, it's gravy, babe
I knew you'd come back around
'Cause you know it's biscuits, it's gravy, babe
Let's fuck in the back of the mall, lose control
Go stupid, go crazy, babe
I know I'll be in your heart 'til the end
You'll miss me, don't beg me, babe",Missing Genre Only
2020s,2021,deja vu,Olivia Rodrigo,,86,3.59,True,0.095,0.61,334,40.12,92.99,"Car rides to Malibu
Strawberry ice cream, one spoon for two
And tradin' jackets
Laughin’ 'bout how small it looks on you
(Ha-ha-ha-ha, ha-ha-ha-ha-ha, ha-ha-ha-ha)
Watching reruns of 
Glee
Bein' annoying, singin’ in harmony
I bet she's braggin' to all her friends, sayin' you're so unique, hmm
So when you gonna tell her that we did that, too?
She thinks it's special, but it's all reused
That was our place, I found it first
I made the jokes you tell to her when she's with you
Do you get déjà vu when she’s with you?
Do you get déjà vu? (Ah) Hmm
Do you get déjà vu, huh?
Do you call her, almost say my name?
’Cause let's be honest, we kinda do sound the same
Another actress
I hate to think that I was just your type
And I bet that she knows Billy Joel
’Cause you played her ""Uptown Girl""
You're singin' it together
Now I bet you even tell her how you love her
In between the chorus and the verse (Ooh; I love you)
So when you gonna tell her that we did that, too?
She thinks it's special, but it’s all reused
That was the show we talked about
Played you the songs she's singing now when she's with you
Do you get déjà vu when she's with you?
Do you get déjà vu? (Oh-oh)
Do you get déjà vu?
Strawberry ice cream in Malibu
Don't act like we didn't do that shit, too
You're tradin' jackets like we used to do
(Yeah, everything is all reused)
Play her piano, but she doesn't know (Oh, oh)
That I was the one who taught you Billy Joel (Oh)
A different girl now, but there's nothing new
I know you get déjà vu
I know you get déjà vu
I know you get déjà vu",Missing Genre Only
2020s,2023,Escapism.,RAYE,,84,4.54,True,-0.083,0.369,753,32.27,165.88,"Sleazin' and teasin', I'm sittin' on him
All of my diamonds are drippin' on him
I met him at the bar, it was twelve or something
I ordered two more wines 'cause tonight, I want him
A little context if you care to listen
I find myself in a shit position
The man that I love sat me down last night
And he told me that it's over, dumb decision
And I don't wanna feel how my heart is rippin'
In fact, I don't wanna feel, so I stick to sippin'
And I'm out on the town with a simple mission
In my little black dress and this shit is sittin'
Just a heart broke bitch, high heels six inch
In the back of the nightclub, sippin' champagne
I don't trust any of these bitches I'm with
In the back of the taxi sniffin' cocaine
Drunk calls, drunk texts, drunk tears, drunk sex
I was lookin' for a man who was on the same page
Now it's back to the intro, back to the bar
To the Bentley, to the hotel, to my old ways
'Cause I don't wanna feel how I did last night
I don't wanna feel how I did last night
Doctor, doctor, anything, please
Doctor, doctor, have mercy on me
Take this pain away
You're askin' me my symptoms, doctor, I don't wanna feel
Toke this joint how I'm blowin' this steam
Back to my ways like 2019
Not twenty-four hours since my ex did dead it
I got a new man on me, it's about to get sweaty
Last night really was the cherry on the cake
Been some dark days lately and I'm findin' it cripplin'
Excuse my state, I'm as high as your hopes
That you'll make it to my bed, get me hot and sizzlin'
If I take a step back to see the glass half-full
At least it's the Prada two-piece that I'm trippin' in
And I'm already actin' like a dick, know what I mean?
So you might as well stick it in (
What?
)
Just a heart broke bitch, high heels six inch
In the back of the nightclub, sippin' champagne
I don't trust any of these bitches I'm with
In the back of the taxi sniffin' cocaine
Drunk calls, drunk texts, drunk tears, drunk sex
I was lookin' for a man who was on the same page
Now it's back to the intro, back to the bar
To the Bentley, to the hotel, to my old ways
'Cause I don't wanna feel how I did last night
I don't wanna feel how I did last night
Doctor, doctor, anything, please
Doctor, doctor, have mercy on me
Take this pain away
You're askin' me my symptoms, doctor, I don't wanna feel, mm (What?)
'Cause I don't wanna feel like I felt last night
I don't wanna feel like I felt last night
Be at peace with the things you can't change (Last night)
I'll be naked when I leave and I was naked when I came
, yeah
Out of reach, out of touch
Too numb, I don't feel no way
Toast up, so what?
Street small, but it go both ways
So, you'll run, yeah
But you'll never escape
Sunset in the maze
(You're askin' me my symptoms, doctor, I don't wanna feel)
I don't wanna feel how I did last night
I don't wanna feel how I did last night, oh
Doctor, doctor, anything, please
Doctor, doctor, have mercy on me
You're askin' me my symptoms, doctor, I don't wanna feel
I don't wanna feel how I did last night
I don't wanna feel how I did last night
How I did, how I did, how I did last night
Mm, lipstick smudged like modern art
I don't know where the fuck I am or who's drivin' the fuckin' car
Speedin' down the highway, sippin'
Mixin' pills with the liquor cah fuck these feelings
I left everyone I love on read (Uh-huh)
Spilling secrets to the stranger in my bed (Uh-huh)
I remember nothing so there's nothing to regret (Uh-uh)
Other than this 4/4 kick drum poundin' in my head (Mm)",Missing Genre Only
2020s,2023,greedy,Tate McRae,,67,2.16,True,-0.029,0.605,305,35.74,141.11,"(Woo)
He said, ""Are you serious? I've tried, but I can't figure out
I've been next to you all night and still don't know what you're about
You keep ta- (Ta-ta-) talkin', but not much comin' out your mouth
Can't you tell that I want you?"", I say, ""Yeah""
I would want myself
Baby, please believe me
I'll put you through hell
Just to know me, yeah, yeah
So sure of yourself
Baby, don't get greedy
That shit won't end well
(No, it won't) End well
(Uh-uh, uh-uh-uh, uh-uh, woo)
I see you eyein' me down, but you'll never know much past my name
Or how I'm runnin' this room around and that I'm still half your age
Yeah, you're loo- (Loo-loo-) lookin' at me like I'm some sweet escape
Obvious that you want me, but I said
I would want myself
Baby, please believe me
I'll put you through hell
Just to know me, yeah, yeah
So sure of yourself
Baby, don't get greedy
That shit won't end well
(No, it won't) End well
He said, ""I'm just curious, is this for real or just an act?
Can't tell if you love or hate me, never met someone like that
Drive me so (So, so) crazy, did you know you got that effect?""
I said, ""Lemme check, yeah""
I would want myself
Baby, please believe me
I'll put you through hell
Just to know me, yeah, yeah
So sure of yourself
Baby, don't get greedy
That shit won't end well
(No, it won't) End well
(I would want myself)
(I would want myself)
I would want myself
(I would want myself)
(I would want myself)
(Uh-uh, uh-uh-uh, uh)",Missing Genre Only
2020s,2021,Kiss Me More (feat. SZA),Doja Cat,,85,3.48,True,0.0,0.0,469,41.15,134.86,"Przytulamy się i, tak, kochamy
I zawsze po prostu mów dobranoc (La-la-la-la-la-la)
I przytulamy się, jasne, uwielbiam to
Ale potrzebuję twoich ust na moich
Czy możesz mnie więcej pocałować?
Jesteśmy tacy młodzi, chłopcze, nie mamy nic do stracenia, oh-oh
To tylko zasada
Kochanie, przytul mnie, bo podoba mi się sposób, w jaki się rowujesz, oh-oh
Chłopcze, piszesz swoje imię, ja mogę zrobić to samo
Och, uwielbiam ten smak, la-la-la-la-la-la
Wszystko na moim języku, chcę tego (La-la-la-la-la-la)
Chłopcze, piszesz swoje imię, ja mogę zrobić to samo
Och, uwielbiam ten smak, la-la-la-la-la-la
Wszystko na moim języku, chcę tego (La-la-la-la-la-la)
Ja, czuję się jak kurwa coś
Ale moglibyśmy być ckli, pieprzyć to
Cukier, nie jestem głupkiem, głupkiem
Lubię mówić, ""A co jeśli?"" Ale jeśli
Moglibyśmy się pocałować i po prostu pokroić śmieci
Wtedy mogę być na czymś
Nie dam ci jеdnego publicznie
Daję ci setki, piеprzyć to
Coś, w co po prostu musimy się dostać
Znak pierwszy, środkowy, ostatni na zębie mądrości
Czarnuchy żałują, że cipka jest budką do pocałunku
Spróbuj śniadania, lunchu, ginu i soku
I ta kolacja też jak deser
A kiedy my Francuzi, odśwież, daj mi dwa
Kiedy przygryzę tę wargę, przyjdź po mnie też
Chce szminkę, błyszczyk do ust, malinkę też, huh
Czy możesz mnie więcej pocałować?
Jesteśmy tacy młodzi, chłopcze, nie mamy nic do stracenia, oh-oh
To tylko zasada
Kochanie, przytul mnie, bo podoba mi się sposób, w jaki się rowujesz, oh-oh
Chłopcze, piszesz swoje imię, ja mogę zrobić to samo
Och, uwielbiam ten smak, la-la-la-la-la-la
Wszystko na moim języku, chcę tego (La-la-la-la-la-la)
Chłopcze, piszesz swoje imię, ja mogę zrobić to samo
Och, uwielbiam ten smak, la-la-la-la-la-la
Wszystko na moim języku, chcę tego
Powiedz, daj mi złotówkę, potrzebuję tych gushy rzeczy
Przesuń granicę, nie, nie jesteś wystarczająco dobry
Wszystkie twoje czarnuchy mówią, że przegrałeś beze mnie
Wszystkie moje suki czują się, jakbym unikł hrabstwa
Pieprzyć się z tobą czuć się jak więzienie, czarnuchu (Czuj się jak więzienie)
Nie mogę nawet wydychać, czarnuchu (Wydech)
Cipka jak święty Graal, wiesz o tym (Święty Graal)
Sprawisz, że będę potrzebował kaucji, wiesz o tym
Przyłapany na zanurzaniu się z twoim przyjacielem
Nie jesteś nawet w połowie, człowieku, kłamiesz na swoim ****, wiesz o tym
Kupiłem mi torbę pełną cegły, wiesz o tym
Kontroluj, nie zwalniaj tempa, jeśli odrzucę
Cały ten tyłek naprawdę (Cały ten tyłek)
Dramat sprawia, że czujesz (Sprawić, że czujesz)
Fantazja i bicz to wszystko, co mogę ci dać
Czy możesz mnie więcej pocałować?
Jesteśmy tacy młodzi, chłopcze, nie mamy nic do stracenia, oh-oh
To tylko zasada
Kochanie, przytul mnie, bo podoba mi się sposób, w jaki się rowujesz, oh-oh
Och, kochanie
Chłopcze, piszesz swoje imię, ja mogę zrobić to samo
Och, uwielbiam smak, o-la-la-la-la-la
Wszystko na moim języku, chcę tego
Chłopcze, piszesz swoje imię, ja mogę zrobić to samo
Och, uwielbiam smak, o-la-la-la-la-la
Wszystko na moim języku, chcę tego",Missing Genre Only
2020s,2023,(It Goes Like) Nanana - Edit,Peggy Gou,,75,3.86,False,-0.4,0.7,208,13.46,53.9,"I can't explain
I got a feeling that I just, I can't erase
Just a feeling that I won't, won't leave behind
Because it's something that is on, it's on my mind
I guess it goes like
Na-na-na
Na-na-na-na-na
Na-na-na-na-na
Na-na-na-na-na
Na-na-na-na-na
Na-na-na-na-na
Na-na-na-na-na
Na-na-na-na-na
Na-na-na-na-na
I can't explain
I got a feeling that I just, I can't erase
Just a feeling that I won't, won't leave behind
Because it's something that is on, it's on my mind
I guess it goes like
Na-na-na
Na-na-na-na-na
Na-na-na-na-na
Na-na-na-na-na
Na-na-na-na-na
Na-na-na-na-na
Na-na-na-na-na
Na-na-na-na-na
Na-na-na-na-na
I can't explain
I got a feeling that I just, I can't erase
Just a feeling that I won't, won't leave behind
Because it's something that is on, it's on my mind
I guess it goes like
Na-na-na
Na-na-na-na-na
Na-na-na-na-na
Na-na-na-na-na
Na-na-na-na-na
Na-na-na-na-na
Na-na-na-na-na
Na-na-na-na-na
Na-na-na-na-na
I can't explain
I got a feeling that I just, I can't erase
Just a feeling that I won't, won't leave behind
Bеcause it's something that is on, it's on my mind
I guess it goеs like
Na-na-na
Na-na-na-na-na
Na-na-na-na-na
Na-na-na-na-na
Na-na-na-na-na
Na-na-na-na-na
Na-na-na-na-na
Na-na-na-na-na
Na-na-na-na-na",Missing Genre Only
2020s,2022,Romantic Homicide,d4vd,,86,2.21,False,-0.205,0.414,103,61.17,46.6,"I'm scared (Oh-oh-oh)
It feels like you don't care (Ooh-ooh)
Enlighten me, my dear  (Ooh-ooh-ooh)
Why am I still here? Mm (Oh-oh)
I don't mean to be
Complacent with the decisions you made
But why? Mm
In the back of my mind
You died
And I didn't even cry
No, not a single tear
And I'm sick of waiting patiently
For someone that won't even arrive
Ooh-ooh-ooh-ooh-ooh-oh
In the back of my mind
I killed you
And I didn't even regret it
I can't believe I said it
But it's true
I hate you",Missing Genre Only
2020s,2021,Woman,Doja Cat,,84,2.88,True,0.215,0.562,450,38.44,156.41,"Hey, woman
Hey, woman
(Ayy) Woman
Let me be your woman
Woman, woman, woman (Ayy)
I can be your woman
Woman, woman, woman (Ayy)
Let me be your woman
Woman, woman, woman (Ayy)
I can be your woman
Woman, woman, woman (Ayy)
What you need?
She give tenfold, come here, papa, plant your seed
She can grow right from her womb a family
Provide lovin' overlooked and unappreciated, you see  (Ayy)
You can reciprocate
I got delicious taste, you need a woman's touch in your place
Just protect her and keep her safe
Baby, worship my hips and waist
So feminine with grace
I touch your soul when you hear me say, ""Boy, let me be your woman""
Woman (Daddy)
Let mе be your woman (I know, mm)
Woman, woman, woman (Daddy)
I can be your woman (I know)
Woman, woman, woman (Daddy)
Let mе be your woman (I know)
Woman, woman, woman (Ayy; daddy)
I can be your woman (I know)
Woman, woman, woman
I can be your lady, I'm a woman
I'm a motherfucker, but they got a problem
Put some babies in your life and take away the drama
Put the paper in a picture like a diorama
Gotta face a lot of people of the opposite
'Cause the world told me, ""We ain't got the common sense""
Gotta prove it to myself that I'm on top of shit
And you would never know a god without the goddesses
Honest as fuckin' honest get
And I could be on everything
I mean I could be the leader, head of all the states
I could smile and jiggle it 'til his pockets empty
I could be the CEO, just look at Robyn Fenty
And I'ma be there for you 'cause you on my team, girl
Don't ever think you ain't hella these niggas dream girl
They wanna pit us against each other
When we succeedin' for no reasons
They wanna see us end up like we Regina on 
Mean Girls
Princess or queen, tomboy or king (Yeah)
You've heard a lot, you've never seen (Nah)
Mother Earth, Mother Mary rise to the top (Top)
Divine feminine, I'm feminine (Wah)
Woman (Daddy)
Let me be your woman (Let me be your; I know)
Woman, woman, woman (I need to be your; daddy)
I can be your woman (I know)
Woman, woman, woman (Daddy)
Let me be your woman (I know)
Woman, woman, woman (Daddy)
I can be your woman (I wanna be; I know)
Woman, woman, woman
(Woman)
Eee (Hey, woman, woman)
Eee, hey (Hey, woman, woman)
Mm, mm (Hey, woman, woman)
(Hey, woman)",Missing Genre Only
2020s,2022,Glimpse of Us,Joji,,84,3.89,False,0.182,0.645,313,32.59,80.44,"She'd take the world off my shoulders
If it was ever hard to move
She'd turn the rain to a rainbow
When I was living in the blue
Why then, if she's so perfect
Do I still wish that it was you?
Perfect don't mean that it's workin'
So what can I do? (Ooh)
When you're out of sight
In my mind
'Cause sometimes, I look in her eyes
And that's where I find a glimpse of us
And I try to fall for her touch
But I'm thinkin' of the way it was
Said I'm fine and said I moved on
I'm only here passing time in her arms
Hopin' I'll find a glimpse of us
Tell me he savors your glory
Does he laugh the way I did?
Is this a part of your story?
One that I had never lived
Maybe one day, you'll feel lonely
And in his eyes, you'll get a glimpse
Maybe you'll start slippin' slowly and find me again
When you're out of sight
In my mind
'Cause sometimes, I look in her eyes
And that's where I find a glimpse of us
And I try to fall for her touch
But I'm thinkin' of the way it was
Said I'm fine and said I moved on
I'm only here passing time in her arms
Hopin' I'll find a glimpse of us
Ooh
Ooh-ooh-ooh
Ooh
Ooh-ooh-ooh
'Cause sometimes, I look in her eyes
And that's where I find a glimpse of us
And I try to fall for her touch
But I'm thinkin' of the way it was
Said I'm fine and said I moved on
I'm only here passing time in her arms
Hopin' I'll find a glimpse of us",Missing Genre Only
2020s,2022,golden hour,JVKE,,80,3.49,False,0.09,0.48,203,50.25,58.21,"It was just two lovers
Sittin' in the car, listenin' to 
Blonde
, fallin' for each other
Pink and orange skies, feelin' super childish, no Donald Glover
Missed call from my mother
Like, ""Where you at tonight?""
Got no alibi
I was all alone with the love of my life
She's got glitter for skin
My radiant beam in the night
I don't need no light to see you
Shine
It's your golden hour (Oh)
You slow down time
In your golden hour (Oh)
We were just two lovers
Feet up on the dash, drivin' nowhere fast burnin' through the summer
Radio on blast, make the moment last, she got solar power
Minutes feel like hours
She knew she was the baddest
Can you even imagine fallin' like I did
For the love of my life?
She's got glow on her face
A glorious look in her eyes
My angel of light
I was all alone with the love of my life
She's got glitter for skin
My radiant beam in the night (Ah)
I don't need no light to see you
Shine
It's your golden hour (Oh)
You slow down time
In your golden hour (Oh)",Missing Genre Only
2020s,2020,cardigan,Taylor Swift,,85,3.99,False,0.128,0.421,350,38.0,87.66,"Vintage tee, brand new phone
High heels on cobblestones
When you are young, they assume you know nothing
Sequin smile, black lipstick
Sensual politics
When you are young, they assume you know nothing
But I knew you
Dancin' in your Levi's
Drunk under a streetlight, I
I knew you
Hand under my sweatshirt
Baby, kiss it better, I
And when I felt like I was an old cardigan
Under someone's bed
You put me on and said I was your favorite
A friend to all is a friend to none
Chase two girls, lose the one
When you are young, they assume you know nothing
But I knew you
Playing hide-and-seek and
Giving me your weekends, I
I knew you
Your heartbeat on the High Line
Once in twenty lifetimes, I
And when I felt like I was an old cardigan
Under someone's bed
You put me on and said I was your favorite
To kiss in cars and downtown bars
Was all we needed
You drew stars around my scars
But now I'm bleedin'
'Cause I knew you
Steppin' on the last train
Marked me like a bloodstain, I
I knew you
Tried to change the ending
Peter losing Wendy, I
I knew you
Leavin' like a father
Running like water, I
And when you are young, they assume you know nothing
But I knew you'd linger like a tattoo kiss
I knew you'd haunt all of my what-ifs
The smell of smoke would hang around this long
'Cause I knew everything when I was young
I knew I'd curse you for the longest time
Chasin' shadows in the grocery line
I knew you'd miss me once the thrill expired
And you'd be standin' in my front porch light
And I knew you'd come back to me
You'd come back to me
And you'd come back to me
And you'd come back
And when I felt like I was an old cardigan
Under someone's bed
You put me on and said I was your favorite",Missing Genre Only
2020s,2022,As It Was,Harry Styles,,88,2.79,False,0.054,0.216,260,37.31,93.24,"Come on, Harry, we wanna say goodnight to you
Holdin' me back
Gravity's holdin' me back
I want you to hold out the palm of your hand
Why don't we leave it at that?
Nothin' to say
When everything gets in the way
Seems you cannot be replaced
And I'm the one who will stay, oh-oh-oh
In this world, it's just us
You know it's not the same as it was
In this world, it's just us
You know it's not the same as it was
As it was, as it was
You know it's not the same
Answer the phone
""Harry, you're no good alone
Why are you sitting at home on the floor?
What kind of pills are you on?""
Ringin' the bell
And nobody's coming to help
Your daddy lives by himself
He just wants to know that you're well, oh-oh-oh
In this world, it's just us
You know it's not the same as it was
In this world, it's just us
You know it's not the same as it was
As it was, as it was
You know it's not the same
Go home, get ahead, light-speed internet
I don't wanna talk about the way that it was
Leave America, two kids follow her
I don't wanna talk about who's doin' it first
(Hey)
As it was
You know it's not the same as it was
As it was, as it was",Missing Genre Only
2020s,2021,drivers license,Olivia Rodrigo,,86,4.03,True,0.098,0.508,390,34.36,96.69,"I got my driver's license last week
Just like we always talked about
'Cause you were so excited for me
To finally drive up to your house
But today, I drove through the suburbs
Crying 'cause you weren't around
And you're probably with that blonde girl
Who always made me doubt
She's so much older than me
She's everything I'm insecure about
Yeah, today, I drove through the suburbs
'Cause how could I ever love someone else?
And I know we weren't perfect, but I've never felt this way for no one
And I just can't imagine how you could be so okay now that I'm gone
Guess you didn't mean what you wrote in that song about me
'Cause you said forever, now I drive alone past your street
And all my friends are tired
Of hearing how much I miss you, but
I kinda feel sorry for them
'Cause they'll never know you the way that I do
Yeah, today, I drove through the suburbs
And pictured I was driving home to you
And I know we weren't perfect, but I've never felt this way for no one, oh
And I just can't imagine how you could be so okay now that I'm gone
I guess you didn't mean what you wrote in that song about me
'Cause you said forever, now I drive alone past your street
Red lights, stop signs
I still see your face in the white cars, front yards
Can't drive past the places we used to go to
'Cause I still fuckin' love you, babe (Ooh, ooh-ooh, ooh, ooh-ooh)
Sidewalks we crossed
I still hear your voice in the traffic, we're laughing
Over all the noise
God, I'm so blue, know we're through
But I still fuckin' love you, babe (Ooh, ooh-ooh, ooh, ooh-ooh)
I know we weren't perfect, but I've never felt this way for no one
And I just can't imagine how you could be so okay now that I'm gone
Guess you didn't mean what you wrote in that song about me
'Cause you said forever, now I drive alone past your street
Yeah, you said forever, now I drive alone past your street",Missing Genre Only
2020s,2024,BIRDS OF A FEATHER,Billie Eilish,,95,3.51,False,0.225,0.522,331,34.14,94.4,"(But I wanna stay)
I want you to stay
'Til I'm in the grave
'Til I rot away, dead and buried
'Til I'm in the casket you carry
If you go, I'm goin' too, uh
'Cause it was always you (Alright)
And if I'm turnin' blue, please don't save me
Nothin' left to lose without my baby
Birds of a feather, we should stick together, I know
I said I'd never think I wasn't better alone
Can't change the weather, might not be forever
But if it's forever, it's even better
And I don't know what I'm cryin' for
I don't think I could love you more
It might not be long, but baby, I
I'll love you 'til the day that I die
'Til the day that I die
'Til the light leaves my eyes
'Til the day that I die
I want you to see, hm
How you look to me, hm
You wouldn't believe if I told ya
You would keep the compliments I throw ya
But you're so full of shit, uh
Tell me it's a bit, oh
Say you don't see it, your mind's polluted
Say you wanna quit, don't be stupid
And I don't know what I'm cryin' for
I don't think I could love you more
It might not be long, but baby, I
Don't wanna say goodbye
Birds of a feather, we should stick together, I know ('Til the day that I die)
I said I'd never think I wasn't better alone ('Til the light leaves my eyes)
Can't change the weather, might not be forever ('Til the day that I die)
But if it's forever, it's even better
I knew you in another life
You had that same look in your eyes
I love you, don't act so surprised",Missing Genre Only
2020s,2023,Here With Me,d4vd,,85,4.04,False,0.239,0.408,189,46.03,46.77,"Watch the sunrise along the coast
As we're both getting old
I can't describe what I'm feeling
And all I know is we're going home
So, please don't let me go
Don't let me go
And if it's right, I don't care how long it takes
As long as I'm with you, I've got a smile on my face
Save your tears, it'll be okay
All I know is you're here with me
Ooh-ooh, oh, oh-oh
Oh-oh-oh-oh-oh
Watch the sunrise as we're getting old, oh-oh
I can't describe, oh-oh
I wish I could live through every memory again
Just one more time before we float off in the wind
And all the time we spent waiting for the light to take us in
Have been the greatest moments of my life
I don't care how long it takes
As long as I'm with you, I've got a smile on my face
Save your tears, it'll be okay
You're here with me
Ooh-ooh, oh, oh-oh
Oh-oh-oh-oh-oh
I can't describe, oh-oh",Missing Genre Only
2020s,2021,edamame,bbno$,,79,2.23,True,0.013,0.491,553,35.08,248.16,"Balls hanging low while I pop a bottle off a yacht
Chain swanging, cling-clang and it cost a lot
Bitch, I'm always after guala, yeah, and you are not
Bad-ass B, keep on going 'til you hit the spot
Woah, I'm a big bag hunter with the bow
She got a big bad dumper, drop it low
Mama called me and she happy with the growth
Never ever fold for a thottie, that's an oath (
Yeah, ayy
)
Just popped her kidney
I bought a million options of the stock
And I stopped doin' the green
Man, I rock arenas, bringin' the peace, I'm bumpin' that Pac
In the car, pretendin' I got all the eyes on me
Got a bad baby and she's independent
Too many people older than me that's seekin' attention
When they warned me 'bout the goofies, man, I shoulda listened
And the smell of the money My Strangest Addiction, uh
She tip for dick, I let her lick
I had to dip, I'm off a fifth, am I rich now?I bought a whip, I paint it pink
It drive itself, the fuck you think? Yeah, I'm rich now
Ayy, lil' mama, yeah, you heard about me
I'ma pop you like a pea, yeah, edamame
Yeah, feel so hot like I'm chillin' on the beach
Yeah, baby in the sun like the Teletubbies (Woo)
Balls hanging low while I pop a bottle off a yacht
Chain swanging, cling-clang and it cost a lot
Bitch, I'm always after guala, yeah, and you are not
Bad-ass B, keep on going 'til you hit the spot
Woah, I'm a big bag hunter with the bow
She got a big bad dumper, drop it low
Mama called me and she happy with the growth
Never ever fold for a thottie, that's an oath
I've been in the club and takin' shots
If you got your mask off in the photo, you getting cropped
Hoppin' out the function, the CVS is like a block away
Bought a moisturizer, my ice cold, it's drying my face
Don't need that VVS, my ice is fake, your life is fake
I choose to do it for my pocket's sake
You basing your opinions on what the major says
I renovate, the bad energy I erase, uh
Yeah, I don't really ever wanna talk, talk, talk, talk
Only really ever want the top, top, top, top
Guess I'm goin' back to the sock, sock, sock, sock
Least this money never really stop, stop, stop, stop
Ayy, lil' mama, yeah, you heard about me
I'ma pop you like a pea, yeah, edamame
Yeah, feel so hot like I'm chillin' on the beach
Yeah, baby in the sun like the Teletubbies (Woo)
Balls hanging low while I pop a bottle off a yacht
Chain swanging, cling-clang and it cost a lot
Bitch, I'm always after guala, yeah, and you are not
Bad-ass B, keep on going 'til you hit the spot
Woah, I'm a big bag hunter with the bow
She got a big bad dumper, drop it low
Mama called me and she happy with the growth
Never ever fold for a thottie, that's an oath",Missing Genre Only
2020s,2020,Heather,Conan Gray,,86,3.3,False,0.087,0.511,224,36.61,67.87,"I still remember, third of December
Me in your sweater, you said it looked better
On me than it did you, only if you knew
How much I liked you, but I watch your eyes as she
Walks by
What a sight for sore eyes
Brighter than a blue sky
She's got you mesmerized while I die
Why would you ever kiss me?
I'm not even half as pretty
You gave her your sweater, it's just polyester
But you like her better, wish I were Heather
Watch as she stands with her holding your hand
Put your arm 'round her shoulder, now I'm getting colder
But how could I hate her? She's such an angel
But then again, kinda wish she were dead as she
Walks by
What a sight for sore eyes
Brighter than a blue sky
She's got you mesmerized while I die
Why would you ever kiss me?
I'm not even half as pretty
You gave her your sweater, it's just polyester
But you like her better, I wish I were Heather
(Oh)
Wish I were Heather
(Oh, oh)
Wish I were Heather
Why would you ever kiss me?
I'm not even half as pretty
You gave her your sweater, it's just polyester
But you like her better, wish I were",Missing Genre Only
2020s,2024,luther (with sza),Kendrick Lamar,"hip hop, west coast hip hop",85,2.96,False,0.222,0.502,432,34.26,145.95,"If this world were mine

Hey, Roman numeral seven, bae, drop it like it's hot
If this world was mine, I'd take your dreams and make 'em multiply
If this world was mine, I'd take your enemies in front of God
Introduce 'em to that light, hit them strictly with that fire
Fah-fah, fah-fah-fah, fah-fah, fah
Hey, Roman numeral seven, bae, drop it like it's hot
If this world was mine, I'd take your dreams and make 'em multiply
If this world was mine, I'd take your enemies in front of God
Introduce 'em to that light, hit them strictly with that fire
It's a vibe, do your dance, let 'em watch
She a fan, he a flop, they just wanna kumbaya, nah

In this world, concrete flowers grow
Heartache, she only doin' what she know
Weekends, get it poppin' on the low
Better days comin' for sure
If this world were—
If it was up to me
I wouldn't give these nobodies no sympathy
I'd take away the pain, I'd give you everything
I just wanna see you win, wanna see
If this world were mine

It go in (When you), out (Ride it), do it real slow (Slide)
Baby, you a star, strike, pose
When I'm (When you), with you (With me), everything goes (Slow)
Come and (Put that), put that (On my), on my (Titi), soul (Soul)
'Rari (Red), crown (Stack), wrist (Stay), froze (Really)
Drip (Tell me), pound (If you), on the way home (Love me)

In this world, concrete flowers grow
Heartache, she only doin' what she know
Weekends, get it poppin' on the low
Better days comin' for sure
If this world were—
If it was up to me
I wouldn't give these nobodies no sympathy
I'd take away the pain, I'd give you everything
I just wanna see you win, wanna see
If this world were 
mine

I can't lie
I trust you, I love you, I won't waste your time
I turn it off just so I can turn you on
I'ma make you say it loud
I'm not even trippin', I won't stress you out
I might even settle down for you, I'ma show you I'm a pro
I'ma take my time and turn it off
Just so I can turn you on, baby
Weekends, get it poppin' on the low
Better days comin' for sure

I know you're comin' for
Better days
If this world were mine",Missing Lyrics Only
2020s,2021,I WANNA BE YOUR SLAVE,Måneskin,,83,2.89,True,-0.023,0.608,412,25.97,142.6,"I wanna be your slave, I wanna be your master
I wanna make your heartbeat run like rollercoasters
I wanna be a good boy, I wanna be a gangster
'Cause you could be the beauty and I could be the monster
I love you since this morning, not just for aesthetic
I wanna touch your body, so fucking electric
I know you're scared of me, you say that I'm too eccentric
I'm crying all my tears and that's fucking pathetic
I wanna make you hungry, then I wanna feed ya
I wanna paint your face like you're my Mona Lisa
I wanna be a champion, I wanna be a loser
I'll evеn be a clown 'cause I just wanna amuse ya
I wanna bе your sex toy, I wanna be your teacher
I wanna be your sin, I wanna be a preacher
I wanna make you love me, then I wanna leave ya
'Cause, baby, I'm your David and you're my Goliath
Uh-huh
Mhm, uh-huh
Because I'm the devil who's searching for redemption
And I'm a lawyer who's searching for redemption
And I'm a killer who's searching for redemption
A motherfucking monster who's searching for redemption
And I'm a bad guy who's searching for redemption
And I'm a blonde girl who's searching for redemption
And I'm a freak that is searching for redemption
A motherfucking monster who's searching for redemption
I wanna be your slave, I wanna be your master
I wanna make your heartbeat run like rollercoasters
I wanna be a good boy, I wanna be a gangster
'Cause you can be the beauty and I could be the monster
I wanna make you quiet, I wanna make you nervous
I wanna set you free but I'm too fucking jealous
I wanna pull your strings like you're my Telecaster
And if you want to use me, I could be your puppet
'Cause I'm the devil who's searching for redemption
And I'm a lawyer who's searching for redemption
And I'm a killer who's searching for redemption
A motherfucking monster who's searching for redemption
I wanna be your slave, I wanna be your master",Missing Genre Only
2020s,2021,good 4 u,Olivia Rodrigo,,82,2.97,True,0.389,0.544,434,28.34,146.17,"(Ah)
Well, good for you, I guess you moved on really easily
You found a new girl and it only took a couple weeks
Remember when you said that you wanted to give me the world?
(World)
And good for you, I guess that you've been workin' on yourself
I guess that therapist I found for you, she really helped
Now you can be a better man for your brand-new girl (Girl)
Well, good for you
You look happy and healthy, not me
If you ever cared to ask
Good for you
You're doin' great out there without me, baby
God, I wish that I could do that
I've lost my mind, I've spent the night
Cryin' on the floor of my bathroom
But you're so unaffected, I really don't get it
But I guess good for you
Well, good for you, I guess you're gettin' everything you want (Ah)
You bought a new car and your career's really takin' off (Ah)
It's like we never even happened
Baby, what the fuck is up with that? (Ah)
And good for you, it's like you never even met me
Remember when you swore to God I was the only
Person who ever got you? Well, screw that, and screw you
You will never have to hurt the way you know that I do
Well, good for you
You look happy and healthy, not me
If you ever cared to ask
Good for you
You're doin' great out there without me, baby
God, I wish that I could do that
I've lost my mind, I've spent the night
Cryin' on the floor of my bathroom
But you're so unaffected, I really don't get it
But I guess good for you
(Ah-ah-ah-ah)
(Ah-ah-ah-ah)
Maybe I'm too emotional
But your apathy's like a wound in salt
Maybe I'm too emotional
Or maybe you never cared at all
Maybe I'm too emotional
Your apathy is like a wound in salt
Maybe I'm too emotional
Or maybe you never cared at all
Well, good for you
You look happy and healthy, not me
If you ever cared to ask
Good for you
You're doin' great out there without me, baby
Like a damn sociopath
I've lost my mind, I've spent the night
Cryin' on the floor of my bathroom
But you're so unaffected, I really don't get it
But I guess good for you
Well, good for you, I guess you moved on really easily",Missing Genre Only
2020s,2023,Strangers,Kenya Grace,,76,2.88,False,-0.119,0.342,354,25.42,122.8,"Uh-huh, uh-huh, uh
Uh-huh, uh-huh, uh
Uh-huh, uh-huh, uh
Uh-huh, uh-huh
It always ends the same
When it was me and you
But every time I meet somebody new
It's like déjà vu (Déjà vu)
I swear they sound the same
It's like they know my skin
Every word they say sounds just like him
And it goes like this
We'll get in your car and you'll lean to kiss me
We'll talk for hours and lie on the backseat
Uh-huh, uh-huh, uh
Uh-huh, uh-huh
And then one random night when everything changes
You won't reply and we'll go back to strangers
Uh-huh, uh-huh, uh
Uh-huh, uh-huh, uh
Uh-huh, uh-huh, uh
Uh-huh, uh-huh, uh
Uh-huh, uh-huh, uh
Uh-huh, uh-huh
It's something that I hate
How evеryone's disposable
Every timе I date somebody new
I feel vulnerable (Vulnerable)
That it'll never change
And it will just stay like this
Never endin' datin', breakin' up
And it goes like this
We'll get in your car and you'll lean to kiss me
We'll talk for hours and lie on the backseat
Uh-huh, uh-huh, uh
Uh-huh, uh-huh
And then one random night when everything changes
You won't reply and we'll go back to strangers
Uh-huh, uh-huh, uh
Uh-huh, uh-huh
It always ends the same
When it was me and you
But every time I meet somebody new
It's like déjà vu (It's like déjà vu)
And when we spoke for months
Well, did you ever mean it? (Did you ever mean it?)
How can we say that this is love
When it goes like this?
We'll get in your car and you'll lean to kiss me
We'll talk for hours and lie on the backseat
Uh-huh, uh-huh, uh
Uh-huh, uh-huh
And then one random night when everything changes
You won't reply and we'll go back to strangers
Uh-huh, uh-huh, uh
Uh-huh, uh-huh, uh (Go back to strangers)
Uh-huh, uh-huh, uh
Uh-huh, uh-huh, uh (Go back to strangers)
Uh-huh, uh-huh, uh
Uh-huh, uh-huh (Go back to strangers)",Missing Genre Only
2020s,2020,august,Taylor Swift,,85,4.37,False,-0.018,0.464,404,25.0,92.55,"Salt air, and the rust on your door
I never needed anything more
Whispers of ""Are you sure?""
""Never have I ever before""
But I can see us lost in the memory
August slipped away into a moment in time
'Cause it was never mine
And I can see us twisted in bedsheets
August sipped away like a bottle of wine
'Cause you were never mine
Your back beneath the sun
Wishin' I could write my name on it
Will you call when you're back at school?
I remember thinkin' I had you
But I can see us lost in the memory
August slipped away into a moment in time
'Cause it was never mine
And I can see us twisted in bedsheets
August sipped away like a bottle of wine
'Cause you were never mine
Back when we were still changin' for the better
Wanting was enough
For me, it was enough
To live for the hope of it all
Cancel plans just in case you'd call
And say, ""Meet me behind the mall""
So much for summer love and saying ""us""
'Cause you weren't mine to lose
You weren't mine to lose, no
But I can see us lost in the memory
August slipped away into a moment in time
'Cause it was never mine
And I can see us twisted in bedsheets
August sipped away like a bottle of wine
'Cause you were never mine
'Cause you were never mine
Never mine
But do you remember?
Remember when I pulled up and said ""Get in the car""
And then canceled my plans just in case you'd call?
Back when I was livin' for the hope of it all, for the hope of it all
""Meet me behind the mall""
(Remember when I pulled up and said ""Get in the car"")
(And then canceled my plans just in case you'd call?)
(Back when I was livin' for the hope of it all, for the hope of it all)
(""Meet me behind the mall"")
Remember when I pulled up and said ""Get in the car""
And then canceled my plans just in case you'd call?
Back when I was livin' for the hope of it all (For the hope of it all)
For the hope of it all, for the hope of it all
(For the hope of it all, for the hope of it all)",Missing Genre Only
2020s,2023,"What Was I Made For? [From The Motion Picture ""Barbie""]",Billie Eilish,,85,3.71,False,0.113,0.697,179,35.2,48.25,"I used to float, now I just fall down
I used to know, but I'm not sure now
What I was made for
What was I made for?

Takin' a drive, I was an ideal
Looked so alive, turns out I'm not real
Just somethin' you paid for
What was I made for?

'Cause I, I
I don't know how to feel
But I wanna try
I don't know how to feel
But someday, I might
Someday, I might

Mm, mm, ah
Mm, mm, mm

When did it end? All the enjoyment
I'm sad again, don't tell my boyfriend
It's not what he's made for
What was I made for?

'Cause I, 'cause I
I don't know how to feel
But I wanna try
I don't know how to feel
But someday, I might
Someday, I might

Think I forgot how to be happy
Somethin' I'm not, but somethin' I can be
Somethin' I wait for
Somethin' I'm made for
Somethin' I'm made for",Both Missing
2020s,2020,Meet Me At Our Spot,THE ANXIETY,,74,2.71,True,-0.061,0.411,321,27.41,118.39,"When I wake up, I can't even stay up
I slept through the day, fuck
I'm not getting younger
But when I'm older, I'll be so much stronger
I'll stay up for longer
Meet me at our spot
Caught a vibe (Woo, woo)
Baby, are you coming for the ride? (The ride, the ride, the ride)
I just wanna look into your eyes (Your eyes, your eyes)
I just wanna stay for the night, night, night
When we take a drive (Woo, woo)
Maybe we can hit the 405
Hypnotized by the lights
Man, this must be the life
When I go to sleep, I can't even fall asleep
Something's got ahold of me
Feel it taking over me
But when I'm older I'll be moving onward
I just got a drunk text
(Meet me at our spot)
We caught a vibe (Yeah, yeah)
Baby, are you coming for the ride? (The ride, the ride, the ride)
When I look into your eyes (Your eyes, your eyes)
I just wanna hold you all night (All night)
Maybe we can take a drive (Take a drive)
Baby, we can hit the 405
Hypnotized by the lights
Man, this must be the life
Meet me at our spot
Got something I wanna show you
Meet me at our spot
They can't find us there
Meet me at our spot
Got something I wanna show you
Meet me at our spot
They can't find us there
Caught a vibe (Woo, woo)
Baby, are you coming for the ride? (The ride, the ride, the ride)
I just wanna look into your eyes (Into your eyes)
I just wanna stay for the night, night, night
When we take a drive (Woo, woo)
Maybe we can hit the 405
Hypnotized by the lights
Man, this must be the life",Missing Genre Only
2020s,2022,Creepin' (with The Weeknd & 21 Savage),Metro Boomin,,82,3.69,True,0.218,0.393,476,32.35,129.0,"(
Just can't believe this, man
)
(
Metro Boomin want some more, nigga
)

Somebody said they saw you
The person you were kissing wasn't me
And I would never ask you
I just kept it to myself

I don't wanna know
If you're playin' me, keep it on the low
'Cause my heart can't take it anymore
And if you creepin', please don't let it show
Oh, baby, I don't wanna know

I think about it when I hold you
When lookin' in your eyes, I can't believe
And I don't need to know the truth
Baby, keep it to yourself

I don't wanna know
If you're playin' me, keep it on the low
'Cause my heart can't take it anymore
And if you creepin', please don't let it show
Oh, baby, I don't wanna know

Did he touch you better than me? (
Touch you better than me
)
Did he watch you fall asleep? (
Watch you fall asleep
)
Did you show him all those things 
that you used to do to me
?
If you're better off that way (
Better off that way
)
There ain't more that I can say (
More that I can say
)
Just go on and do your thing and don't 
come back to me

Woah, woah, woah, 21
Had me crushin', I was cuffin' like the precinct
How you go from housewife to a sneaky link?
Got you riding 'round in all type of Benzes and Rovers
Girl, you used to ride in the rinky-dink
I'm the one put you in Eliantte (On God)
Fashion Nova model, I put you on the runway (On God)
You was rockin' Coach bags, got you Chane'-ne'
Side bitch in Frisco, I call her my Bay-bae (21)
I got a girl, but I still feel alone (On God)
If you playin' me that mean my home ain't home (On God)
Havin' nightmares of goin' through your phone (21)
Can't even record, you got me out my zone

I don't wanna know
If you're playin' me, keep it on the low
'Cause my heart can't take it anymore
And if you creepin', please don't let it show
Oh, baby, I don't wanna know
If you're playin' me, keep it on the low
'Cause my heart can't take it anymore
And if you creepin', please don't let it show
Oh, baby, I don't wanna know

If you creepin', just don't let me find out (On God)
Get a hotel, never bring 'em to the house (On God)
If you're better off that wayBaby, all that I can say
If you're gonna do your thing, then don't come back to me",Both Missing
2020s,2022,Boyfriend,Dove Cameron,,72,2.55,True,0.215,0.526,318,29.25,124.71,"I can't believe we're finally alone
I can't believe I almost went home
What are the chances? Everyone's dancing
And he's not with you (Hmm, hmm, hmm, hmm)
The universe must have divined this
What am I gonna do? Not grab your wrist?
I could be a better boyfriend than him
I could do the shit that he never did
Up all night, I won't quit
Thinking I'm gonna steal you from him
I could be such a gentleman
Plus all my clothes would fit
I could be a better boyfriend
I don't need to tell you twice
All the ways hе can't suffice
If I could give you some advicе
I would leave with me tonight
The universe must have divined this (Mmm, mmm)
Ladies first, baby, I insist
I could be a better boyfriend than him
I could do the shit that he never did
Up all night, I won't quit
Thinking I'm gonna steal you from him
I could be such a gentleman
Plus all my clothes would fit
I could be a better boyfriend than him
I could be a better boyfriend
I never would have left you alone
Here on your own, glued to your phone
Never would have left you alone
For someone else to take you home
I could be a better boyfriend than him
I could do the shit that he never did
Up all night, I won't quit
I'm gonna steal you from him
I could be such a gentleman
Plus you know my clothes would fit
I could be a better boyfriend than him
I could do the shit that he never did
Up all night, I won't quit
Thinking I'm gonna steal you from him
I could be such a gentleman
Plus all my clothes would fit",Missing Genre Only
2020s,2021,Life Goes On,Oliver Tree,,73,2.7,False,-0.062,0.583,329,23.4,122.0,"Babe, you're too controlling
I’ma feed you to the wolves
When you get nasty, back at me
But, baby, don't distract me
I'm a goner, I lost her
Like why the hell you wanna
Play me that way? You’re bad, babe
You double-faced entendre
Life goes on and on and on and on and on and
On and on and on
On and on and on and on and on and
On and on and on
On and on and on and on and on and
On and on and on
On and on and on and on and on and
On and on and on
Babe, you best believe it
I'ma rip you up to pieces
I'm a lover, not a fighter
But I'll light this place on fire
I want it, I'm on it
But, babe, at least I'm honest
I get tired of explaining
As these seasons keep on changing
Life goes on and on and on and on and on and
On and on and on (Yeah, yeah, yeah, yeah)
On and on and on and on and on and
On and on and on (Yeah, yeah, yeah, yeah)
On and on and on and on and on and
On and on and on (Yeah, yeah, yeah, yeah)
On and on and on and on and on and
On and on and on (Yeah, yeah, yeah)
Work all day and then I wake up
Work all day and then I wake up
Work all day and then I wake up
Work all day (Yeah, yeah, yeah)
Work all day and then I wake up
Work all day and then I wake up
Work all day and then I wake up
Work all day
(Yeah, yeah, yeah, yeah)
(Yeah, yeah, yeah, yeah)
(Yeah, yeah, yeah, yeah)
(Yeah, yeah, yeah, yeah)
(Yeah, yeah, yeah, yeah)
(Yeah, yeah, yeah, yeah)
(Yeah, yeah, yeah, yeah, yeah)
No!",Missing Genre Only
2020s,2024,Fortnight (feat. Post Malone),Taylor Swift,,82,3.82,False,-0.5,1.0,328,37.5,85.95,"Trebalo je da me odvedu
Ali su zaboravili da dođu po mene
Bila sam alkoholičar koji dobro funkcioniše
Sve dok niko nije primećivao moju novu estetiku
Sve u svemu, nadam se da si dobro
Ali ti si razlog ovoga
I niko nije kriv
Ali šta onda sa tvojom tihom veleizdajom?
I te dve nedelje smo bili tamo, kao da je bilo zauvek
Ponekad te sretnem i pitam kakvo je vreme
Sad si u dvorištu iza moje kuće, postali smo dobre komšije
Tvoja žena zaliva cveće, dođe mi da je ubijem
Sva moja jutra su kao ponedeljak, zaglavljena u večnom februaru
I uzela sam drogu ljubavi da prebolim, efekat je bio privremen
I volim te, to mi uništava život
I volim te, to mi uništava život
Dodirivala sam te samo dve nedelje
Dodirivao sam te, dodirnula sam te
I te dve nedelje smo bili tamo, kao da je bilo zauvek
Ponekad te sretnem i pitam kakvo je vreme
Sad si u dvorištu iza moje kuće, postali smo dobre komšije
Tvoja žena zaliva cveće, dođe mi da je ubijem
I te dve nedelje smo bili tamo, zajedno
Ponekad te sretnem i prokomentarišeš moj duks
Sad si kraj poštanskog sandučeta, postali smo dobre komšije
Moj muž me vara, dođe mi da ga ubijem
I volim te, to mi uništava život
I volim te, to mi uništava život
Dodirivala sam te samo dve nedelje
Dodirivao sam te, dodirivao sam te
I volim te, to mi uništava život
I volim te, to mi uništava život
Dodirivala sam te samo dve nedelje
Dodirivao sam te, dodirivao sam te
Hteo sam da te nazovem ali ne bi se javila
Još dve nedelje izgubljene u Americi
Preseli se na Floridu, kupi auto koji god želiš
Ali neće upaliti sve dok me ne dodirneš
Htela sam da te nazovem ali ne bi se javio
Još dve nedelje izgubljene u Americi
Preseli se na Floridu, kupi auto koji god želiš
Ali neće upaliti sve dok te ne dodirnem",Missing Genre Only
2020s,2025,Mystical Magical,Benson Boone,,83,2.76,False,0.245,0.591,314,34.71,113.67,"There's nothing colder than your shoulder
When you're dragging me along like you do, like you do
And then you switch up with no warnin'
And you kiss me like you want it, how rude, how rude
But I kinda like it anyways
I don't mind if this is gonna take a million days
I know you'll come around to me eventually
If you sit back, relax, and join my company, my company
Once you know what my love's gonna feel like
Nothing else will feel right, you can feel like
Moonbeam ice cream, taking off your blue jeans
Dancing at the movies, 'cause it feels so
Mystical, magical
Oh, baby, 'cause once you know, once you know
My love is so mystical, magical
Oh, baby, 'cause once you know, once you know
My little hard-to-get baby
I wanna give you the world
Not saying you gotta chase me
But I wouldn't mind it
If you gave me just a little bit
Of something we can work it with
But all you do is push me out (Ha)
But I like it anyways
'Cause I think I'm getting closer to you every day
I know you'll come around to me eventually
Just sit back, relax, and join my company
Oh, baby, trust me
Once you know what my love's gonna feel like
Nothing else will feel right, you can feel like
Moonbeam ice cream, taking off your blue jeans
Dancing at the movies, 'cause it feels so
Mystical, magical
Oh, baby, 'cause once you know, once you know
My love is so mystical, magical
Oh, baby, 'cause once you know, once you know
(Once you know what my love's gonna feel like)
(Moonbeam ice cream, nothing else will feel right)
Mystical, magical
Oh, baby, it's mystical, magical",Missing Genre Only
2020s,2023,Paint The Town Red,Doja Cat,,76,3.84,True,0.122,0.492,672,26.64,174.95,"By
Walk on by
Walk on by
Walk on by
Walk on by
Yeah, bitch, I said what I said
I'd rather be famous instead
I let all that get to my head
I don’t care, I paint the town red
Bitch, I said what I said
I'd rather be famous instead
I let all that get to my head
I don't care, I paint the town red
Mm, she the devil
She a bad lil’ bitch, she a rebel
She put her foot to the pedal
It'll take a whole lot for me to settle
Mm, she the devil
She a bad lil' bitch, she a rebel
She put her foot to the pedal
It'll take a whole lot for me to settle (Yeah, yeah)
Said my happiness is all of your misery
I put good dick all in my kidneys
This Margiel' don't come with no jealousy
My illness don't come with no remedy
I am so much fun without Hennessy
They just want my love and my energy
You can't talk no shit without penalties
Bitch, I’m in yo’ shit if you send for me
I'm going to glow up one more time
Trust me, I have magical foresight
You gon’ see me sleepin' in courtside
You gon' see me eatin' ten more times
Ugh, you can’t take that bitch nowhere
Ugh, I look better with no hair
Ugh, ain't no sign I can't smoke here
Ugh, gimme the chance and I'll go there (Yeah)
Yeah, bitch, I said what I said
I'd rather be famous instead
I let all that get to my head
I don't care, I paint the town red
Bitch, I said what I said
I'd rather be famous instead
I let all that get to my head
I don't care, I paint the town red
Mm, she the devil
She a bad lil' bitch, she a rebel
She put her foot to the pedal
It'll take a whole lot for me to settle
Mm, she the devil
She a bad lil' bitch, she a rebel
She put her foot to the pedal
It'll take a whole lot for me to settle (Yeah, yeah)
Said pop make money, now you try, bitch
You could use a revamp with a new vibe, sis
I don't need a big feature or a new sidekick
I don't need a new fan 'cause my boo like it
I don't need to wear a wig to make you like it
I'm a two-time bitch, you ain't knew I'd win?
Throw a shot like you tryna have a food fight then
All my opps waitin' for me to be you, I bet
Said I got drive, I don't need a car
Money really all that we fiendin' for
I'm doin' things they ain't seen before
Fans ain't dumb, but extremists are
I'm a demon lord
Fall off what? I ain't seen the horse
Called your bluff, better cite the source
Fame ain't somethin' that I need no more
'Cause, bitch, I said what I said
I'd rather be famous instead
I let all that get to my head
I don't care, I paint the town red
Bitch, I said what I said
I'd rather be famous instead
I let all that get to my head
I don't care, I paint the town red
Mm, she the devil
She a bad lil' bitch, she a rebel
She put her foot to the pedal
It'll take a whole lot for me to settle
Mm, she the devil
She a bad lil' bitch, she a rebel
She put her foot to the pedal
It'll take a whole lot for me to settle
Walk on by
Walk on by
Walk on by
Walk on by
Walk on by",Missing Genre Only
2020s,2025,Sailor Song,Gigi Perez,,87,3.53,False,-0.144,0.669,332,37.65,93.97,"I saw her in the rightest way
Looking like Anne Hathaway
Laughing while she hit her pen and coughed, and coughed
And then she came up to my knees
Begging, ""Baby, would you please
Do the things you said you'd do to me, to me?""
Oh, won't you kiss me on the mouth and love me like a sailor?
And when you get a taste, can you tell me, what's my flavor?
I don't believe in God, but I believe that you're my savior
My mom says that she's worried, but I'm covered in His favor
And when we're getting dirty, I forget all that is wrong
I sleep so I can see you 'cause I hate to wait so long
I sleep so I can see you, and I hate to wait so long
She took my fingers to her mouth
The kind of thing that makes you proud
That nothing else had ever worked out, worked out
And maybe I tried other things
But nothing can capture the sting
Of the venom she's gonna spit out right now
Oh, won't you kiss me on the mouth and love me like a sailor?
And when you get a taste, can you tell me, what's my flavor?
I don't believe in God, but I believe that you're my savior
I know that you've been worried, but you're dripping in my favor
And when we're getting dirty, I forget all that is wrong
I sleep so I can see you 'cause I hate to wait so long
I sleep so I can see you, and I hate to wait so long
And we can run away to the walls inside your house
I can be the cat, baby, you can be the mouse
And we can laugh off things that we know nothing about
We can go forever or until you wanna sit it out",Missing Genre Only
2020s,2021,Until I Found You,Stephen Sanchez,,79,2.96,False,0.5,0.6,178,26.97,60.09,"Georgia, wrap me up in all your
I want ya in my arms
Oh, let me hold ya
I'll never let you go again like I did
Oh, I used to say
I would never fall in love again until I found her
I said I would never fall, unless it's you I fall into
I was lost within the darkness, but then I found her
I found you
Georgia pulled me in
I asked to love her once again
You fell, I caught ya
I'll never let you go again like I did
Oh, I used to say
I would never fall in love again until I found her
I said I would never fall unless it's you I fall into
I was lost within the darkness, but then I found her
I found you
I would never fall in love again until I found her
I said I would never fall unless it's you I fall into
I was lost within the darkness, but then I found her
I found you",Missing Genre Only
2020s,2023,From The Start,Laufey,,87,2.83,False,0.171,0.646,213,47.89,75.37,"Don't you notice how
I get quiet when there's no one else around?
Me and you and awkward silence
Don't you dare look at me that way
I don't need reminders of how you don't feel the same
Oh, the burning pain
Listening to you harp on 'bout some new soulmate
""She's so perfect,"" blah, blah, blah
Oh, how I wish you'll wake up one day
Run to me, confess your love, at least just let me say
That when I talk to you
Oh, Cupid walks right through
And shoots an arrow through my heart
And I sound like a loon
But don't you feel it, too?
Confess I loved you from the start
What's a girl to do?
Lying on my bed staring into the bluе
Unrequited, terrifying
Lovе is driving me a bit insane
Have to get this off my chest, I'm telling you today
That when I talk to you
Oh, Cupid walks right through
And shoots an arrow through my heart
And I sound like a loon
But don't you feel it, too?
Confess I loved you from the start
Confess I loved you
Just thinking of you
I know I've loved you from the start",Missing Genre Only
2020s,2024,That’s So True,Gracie Abrams,,90,2.77,True,-0.009,0.499,366,36.89,132.05,"I could go and read your mind
Think about your dumb face all the time
Living in your glass house, I'm outside, uh
Looking in her big blue eyes
Did it just to hurt me, make me cry
Smiling through it all, yeah, that's my life
You're an idiot, now I'm sure
Now I'm positive, I should go and warn her
Ooh, bet you're thinking, ""She's so cool""
Kicking back on your couch, making eyes from across the room
Wait, I think I've been there too, ooh
What'd she do to get you off? (Uh-huh)
Taking down her hair like, oh, my God
Taking off your shirt, I did that once
Or twice, uh
No, I know, I know I'll fuck off (Uh-huh)
But I think I like her, she's so fun
Wait, I think I hate her, I'm not that evolved, I'm sorry
She's missing it, sad, sad boy
Not my business, but I had to warn ya
Ooh, bet you're thinking, ""She's so cool""
Kicking back on your couch, making eyes from across the room
Wait, I think I've been there too, ooh
Ooh, you've got me thinking, ""She's so cool""
But I know what I know and you're just another dude
Ooh, that's so true, ooh
Made it out alive, but I think I lost it
Said that I was fine, said it from my coffin
Remember how I died when you started walking?
That's my life, that's my life
I'll put up a fight, taking out my earrings
Don't you know the vibe? Don't you know the feeling?
And she'll spend the night, catch me on your ceiling
That's your price, that's your price
Well
Mm, bet you're thinking, ""She's so cool""
Kicking back on your couch, making eyes from across the room
Wait, I think I've been there too, ooh
Ooh, you've got me thinking, ""She's so cool""
But I know what I know, and you're just another dude
Ooh, that's so true, ooh-ooh, oh",Missing Genre Only
2020s,2021,you broke me first,Tate McRae,,85,2.84,True,0.012,0.383,349,31.23,123.01,"You broke me first, ah
Maybe you don't like talkin' too much about yourself
But you shoulda told me that you were thinkin' 'bout someone else
You're drunk at a party or maybe it's just that your car broke down
Your phone's been off for a couple months, so you're callin' me now
I know you, you're like this
When shit don't go your way, you needed me to fix it
And like me, I did
But I ran out of every reason
Now suddenly, you're askin' for it back
Could you tell me, where'd you get the nerve?
Yeah, you could say you miss all that we had
But I don't really care how bad it hurts
When you broke me first
You broke me first
Took a while, was in denial when I first heard
That you moved on quicker than I coulda ever, you know that hurt
Swear for a while, I would stare at my phone just to see your name
But now that it's there, I don't really know what to say
I know you, you're like this
When shit don't go your way, you needed me to fix it
And like me, I did
But I ran out of every reason
Now suddenly, you're askin' for it back
Could you tell me, where'd you get the nerve?
Yeah, you could say you miss all that we had
But I don't really care how bad it hurts
When you broke me first
You broke me first
What did you think would happen?
What did you think would happen?
I'll never let you have it
What did you think would happen?
Now suddenly, you're askin' for it back
Could you tell me, where'd you get the nerve?
Yeah, you could say you miss all that we had
But I don't really care how bad it hurts
When you broke me first
You broke me first (You broke me first)
You broke me first, ah",Missing Genre Only
2020s,2021,MONTERO (Call Me By Your Name),Lil Nas X,,75,2.3,True,-0.015,0.574,405,36.79,176.47,"I caught it bad yesterday
You hit me with a call to your place
Ain't been out in a while anyway
Was hopin' I could catch you throwin' smiles in my face
Romantic talkin'? You don't even have to try
You're cute enough to fuck with me tonight
Lookin' at the table, all I see is weed and white
Baby, you livin' the life, but nigga, you ain't livin' right
Cocaine and drinkin' with your friends
You live in the dark, boy, I cannot pretend
I'm not fazed, only here to sin
If Eve ain't in your garden, you know that you can
Call me when you want, call me when you need
Call me in the morning, I'll be on the way
Call me when you want, call me when you need
Call me out by your name, I'll be on the way like
Mm, mm, mm
Mm, mm, mm
Ayy, ayy
I wanna sell what you're buyin'
I wanna feel on your ass in Hawaii
I want that jet lag from fuckin' and flyin'
Shoot a child in your mouth while I'm ridin'
Oh, oh, oh, why me?
A sign of the times every time that I speak
A dime and a nine, it was mine every week
What a time, an incline, God was shinin' on me
Now I can't leave
And now I'm actin' hella elite
Never want the niggas that's in my league
I wanna fuck the ones I envy, I envy
Cocaine and drinkin' with your friends
You live in the dark, boy, I cannot pretend
I'm not fazed, only here to sin
If Eve ain't in your garden, you know that you can
Call me when you want, call me when you need
Call me in the morning, I'll be on the way
Call me when you want, call me when you need
Call me out by your name, I'll be on the way like
Oh, call me by your name (Mm, mm, mm)
Tell me you love me in private
Call me by your name (Mm, mm, mm)
I do not care if you're lyin'
Uh, well, I'm just feeling, mm-uh
I wanna get, mm-uh
I'm in my, into my, uh, I'm, mm
Mm, I'm still money, mm-mm, ooh",Missing Genre Only
2020s,2023,Lose Control,Teddy Swims,,90,3.51,False,0.042,0.41,322,36.65,91.7,"Something's got a hold of me lately
No, I don’t know myself anymore
Feels like the walls are all closin' in
And the devil's knockin’ at my door, woah
Out of my mind, how many times did I tell you
I'm no good at bein' alone?
Yeah, it's taken a toll on me, tryin' my best to keep
From tearin' the skin off my bones, don't you know
I lose control
When you're not next to me (When you’re not here with me)
I’m fallin' apart right in front of you, can’t you see?
I lose control
When you're not next to me, mhm
Yeah, you're breakin' my heart, baby
You make a mess of me
Problematic
Problem is I want your body like a fiend, like a bad habit
Bad habits hard to break when I’m with you
Yeah, I know I can do it on my own
But I want that real full-moon black magic and it takes two
Problematic
Problem is when I'm with you, I'm an addict
And I need some relief, my skin in your teeth
Can't see the forest through the trees
Got me down on my knees, darlin', please, oh
I lose control
When you're not next to me (When you're not here with me)
I'm fallin' apart right in front of you, can't you see?
I lose control
When you're not next to me, mhm
Yeah, you're breakin' my heart, baby
You make a mess of me, yeah
I lose control
When you're not here with me, mm
I'm fallin' apart right in front of you, can't you see?
I lose control
When you're not here with me, mhm
Yeah, you're breakin' my heart, baby
You make a mess of me",Missing Genre Only
2020s,2023,Dance The Night - From Barbie The Album,Dua Lipa,pop,80,2.94,False,0.292,0.409,424,25.71,144.22,"Baby, you can find me under the lights
Diamonds under my eyes
Turn the rhythm up, don't you wanna just
Come along for the ride?
Ooh, my outfit so tight
You can see my heartbeat tonight
I can take the heat, baby, best believe
That's the moment I shine

'Cause every romance shakes and it bends
Don't give a damn
When the night's here, I don't do tears
Baby, no chance

I could dance, I could dance, I could dance

Watch me dance, dance the night away
My hеart could be burnin', but you won't see it on my face
Watch me dancе, dance the night away (Uh-huh)
I'll still keep the party runnin', not one hair out of place

Lately, I been movin' close to the edge
Still be lookin' my best
I stay on the beat, you can count on me
I ain't missin' no steps

'Cause every romance shakes and it bends
Don't give a damn
When the night's here, I don't do tears
Baby, no chance

I could dance, I could dance, I could dance

Watch me dance, dance the night away
My heart could be burnin', but you won't see it on my face
Watch me dance, dance the night away (Uh-huh)
I'll still keep the party runnin', not one hair out of place

When my heart breaks (They never see it, never see it)
When my world shakes (I feel alive, I feel alive)
I don't play safe (Ooh), don't you know about me? (Uh-huh)
I could dance, I could dance, I could dance

Even when the tears are flowin', they're diamonds on my face
I'll still keep the party goin', not one hair out of place (Yes, I can)
Even when the tears are flowin', they're diamonds on my face (Yes, I can, yes, I can)
I'll still keep the party goin', not one hair out of place

Watch me dance, dance the night away (Uh-huh)
My heart could be burnin', but you won't see it on my face
Watch me dance (Dance), dance the night away (Uh-huh)
I'll still keep the party runnin', not one hair out of place

When my heart breaks (They never see it, never see it)
When my world shakes (I feel alive, I feel alive)
I don't play safe, don't you know about me? (Uh-huh)
I could dance, I could dance, I could dance

Dance the night",Missing Lyrics Only
2020s,2019,Supalonely,BENEE,,67,3.72,True,-0.216,0.65,430,27.21,115.45,"I know I fucked up, I'm just a loser
Shouldn't be with ya, guess I'm a quitter
While you're out there drinkin', I'm just here thinkin'
'Bout where I should've been
I've been lonely, mmh, ah, yeah
Water pouring down from the ceiling
I knew this would happen, still hard to believe it
Maybe I'm dramatic, I don't wanna seem it
I don't wanna panic
I'm a sad girl in this big world, it's a mad world
All of my friends know what's happened, you're a bad thing (Ah)
I know I fucked up, I'm just a loser
Shouldn't be with ya, guess I'm a quitter
While you're out there drinkin', I'm just here thinkin'
'Bout where I should've been
I've been lonely, mmh, ah, yeah
La-la-la-la, la-la-la-la
Lonely (I'm a lonely bitch)
La-la-la-la, la-la-la-la
Lonely (Super lonely)
Now I'm in the bathtub cryin'
Think I'm slowly sinking
Bubbles in my eyes now
Maybe I'm just dreamin'
Now I'm in the sad club
Just tryna get a back rub (
Lonely
)
I'm a sad girl in this big world, it's a mad world
All of my friends know what's happened, you're a bad thing
I know I fucked up (Fucked up), I'm just a loser (Loser)
Shouldn't be with ya (With ya), guess I'm a quitter (Quitter)
While you're out there drinkin' (Drinkin'), I'm just here thinkin' (Thinkin')
'Bout where I should've been (Where I should've been)
I've been lonely, mmh, ah, yeah (Woah)
La-la-la-la (Woo), la-la-la-la
Lonely (I'm a lonely bitch)
La-la-la-la, la-la-la-la
Lonely (Super lonely)
I loathe romancing in itself, yeah, I'd be damned to try
I'm only dancin' by myself, so I don't slam my Irish buck
Compostable cups, B-B-BENEE, I can't stress this enough
I would hate to mess things up, but my boogie still stays restless as fuck, yeah
I know I fucked up, I'm just a loser
Shouldn't be with ya, guess I'm a quitter
While you're out there drinkin', I'm just here thinkin'
'Bout where I should've been
I've been lonely, mmh, ah, yeah
La-la-la-la, la-la-la-la
Lonely (I'm a lonely bitch)
La-la-la-la, la-la-la-la
Lonely (Super lonely)
La-la-la-la, la-la-la-la (I've been lonely, I've been lonely)
Lonely (I've been lonely, by the way)
La-la-la-la, la-la-la-la
Lonely (I've been lonely)",Missing Genre Only
2020s,2022,Bam Bam (feat. Ed Sheeran),Camila Cabello,,72,3.43,False,-0.011,0.336,487,28.13,142.12,"You said you hated the ocean, but you're surfin' now
I said I'd love you for life, but I just sold our house
We were kids at the start, I guess we're grown-ups now, mmm
Couldn't ever imagine even havin' doubts
But not everything works out, no
Now I'm out dancin' with strangers
You could be casually datin'
Damn, it's all changin' so fast
Así e' la vida, sí
Yeah, that's just life, baby
Yeah, love came around and it knocked me down
But I'm back on my feet
Así e' la vida, sí
Yeah, that's just life, baby
I was barely standin', but now I'm dancin'
He's all over me (Goza)
Ba-da, bam-bam-bam-bam, bam-bam
Ba-da, bam-bam-bam-bam, bam-bam
Ba-da, bam-bam-bam-bam, bam-bam
Ba-da, bam-bam-bam-bam (Así e' la vida)
Ba-da, bam-bam-bam-bam, bam-bam
Ba-da, bam-bam-bam-bam, bam-bam
Ba-da, bam-bam-bam-bam, bam-bam
Ba-da, bam-bam-bam-bam
It's been a hell of a year, thank God we made it out
Yeah, we were ridin' a wave and trying not to drown
And on the surface, I held it together
But underneath, I sorta came unwound
Where would I be? You're all that I need
My world, baby, you hold me down
You always hold me down
Well, I've been the breaker and broken
Every mistake turned to moments
Wouldn't take anything back
Camila Cabello
 & 
Ed Sheeran
]
Así e' la vida, sí (
Así e'
)
Yeah, that's just life, baby
Yeah, love came around and it knocked me down
But I'm back on my feet
Así e' la vida, sí
Yeah, that's just life, baby
I was barely standin', but now I'm dancin'
She's all over me (He's all over me)
Camila Cabello
]
Ba-da, bam-bam-bam-bam, bam-bam
Ba-da, bam-bam-bam-bam, bam-bam
Ba-da, bam-bam-bam-bam, bam-bam
Ba-da, bam-bam-bam-bam (Ahí, ahí)
Ba-da, bam-bam-bam-bam, bam-bam
Ba-da, bam-bam-bam-bam, bam-bam
Ba-da, bam-bam-bam-bam, bam-bam
Ba-da, bam-bam-bam-bam
(
¡Pónganle azúcar, mi gente!
)
Ed Sheeran
]
Y sigue bailando, hey
Y sigue bailando, a-ha
(Keep dancin', yeah)
Y sigue bailando
(Keep dancin', yeah)
Y sigue bailando (Hey), a-ha (Hay amor en todos lados)
Y sigue bailando (Keep dancin', yeah) (Sigue, sigue, sigue bailando)
Y sigue bailando (Hey) (Hay amor en todos lados)
Y sigue bailando, woah (Sigue, sigue, sigue bailando)
Camila Cabello & Ed Sheeran
]
Así e' la vida, sí
Yeah, that's just life, baby
Yeah, love came around and it knocked me down
But I'm back on my feet
Así e' la vida, sí
Yeah, that's just life, baby
I was barely standin', but now I'm dancin'
She's all over me (Hey, hey)
Now I, now I'm dancin' (Keep dancin', yeah)
Now I, now I'm dancin' (Keep dancin', yeah)
Now I, now I'm dancin' (Keep dancin', yeah)
(Ba-da, bam, bam, bam, bam, bam, bam)
And now I'm dancin' (Keep dancin', yeah)
Now I'm dancin' (Keep dancin', yeah, yeah, yeah, yeah)",Missing Genre Only
2020s,2024,Beautiful Things,Benson Boone,,89,3.01,False,0.386,0.687,274,39.05,91.18,"For a while there, it was rough
But lately, I've been doin' better
Than the last four cold Decembers I recall
And I see my family every month
I found a girl my parents love
She'll come and stay the night, and I think I might have it all
And I thank God every day
For the girl He sent my way
But I know the things He gives me, He can take away
And I hold you every night
And that's a feeling I wanna get used to
But there's no man as terrified as the man who stands to lose you
Oh, I hope I don't losе you
Mm, please stay
I want you, I need you, oh God
Don't take
Thеse beautiful things that I've got
Please stay
I want you, I need you, oh God
Don't take
These beautiful things that I've got
Oh, ooh
Please don't take
I found my mind, I'm feelin' sane
It's been a while, but I'm finding my faith
If everything's good and it's great, why do I sit and wait 'til it's gone?
Oh, I'll tell ya, I know I've got enough
I've got peace and I've got love
But I'm up at night thinkin' I just might lose it all
Please stay
I want you, I need you, oh God
Don't take
These beautiful things that I've got
Oh, ooh
Please stay
I want you, I need you, oh God
I need
These beautiful things that I've got",Missing Genre Only
2020s,2022,ceilings,Lizzy McAlpine,,81,3.05,False,0.304,0.601,212,44.34,69.55,"Ceilings, plaster
Can't you just make it move faster?
Lovely to be sitting here with you
You're kinda cute but it's raining harder
My shoes are now full of water
Lovely to be rained on with you
It's kinda cute but it's so short
Then you're driving me home
And I don't wanna leave
But I have to go
You kiss me in your car
And it feels like the start of a movie I've seen before
Before
Bed sheets, no clothes
Touch me like nobody else does
Lovely to just lay here with you
You're kinda cute and I would say all of this
But I don't wanna ruin the moment
Lovely to sit between comfort and chaos
But it's over
Then you're driving me home
And it kinda comes out as I get up to go
You kiss me in your car
And it feels like the start of a movie I've seen before
But it's not real
And you don't exist
And I can't recall the last time I was kissed
It hits me in the car
And it feels like the end of a movie I've seen before
Before",Missing Genre Only
2020s,2023,My Love Mine All Mine,Mitski,,87,2.3,False,0.3,0.488,144,41.67,62.71,"Moon, a hole of light
Through the big top tent up high
Here before and after me
Shinin' down on me
Moon, tell me if I could
Send up my heart to you?
So when I die, which I must do
Could it shine down here with you?
'Cause my love is mine, all mine
I love, my, my, mine
Nothing in the world belongs to me
But my love, mine, all mine, all mine
My baby here on Earth
Showed me what my heart was worth
So when it comes to be my turn
Could you shine it down here for her?
'Cause my love is mine, all mine
I love, my, my, mine
Nothing in the world belongs to me
But my love, mine, all mine
Nothing in the world is mine for free
But my love, mine, all mine, all mine",Missing Genre Only
2020s,2024,Daylight,David Kushner,,84,3.55,False,-0.056,0.461,348,28.74,98.05,"Telling myself I won't go there
Oh, but I know that I won't care
Tryna wash away all the blood I've spilt
This lust is a burden that we both share
Two sinners can't atone from a lone prayer
Souls tied, intertwined by our pride and guilt
(Ooh) There's darkness in the distance
From the way that I've been livin'
(Ooh) But I know I can't resist it
Oh, I love it and I hate it at the same time
You and I drink the poison from the same vine
Oh, I love it and I hate it at the same time
Hidin' all of our sins from the daylight
From the daylight, runnin' from thе daylight
From the daylight, runnin' from the daylight
Oh, I love it and I hatе it at the same time
Tellin' myself it's the last time
Can you spare any mercy that you might find
If I'm down on my knees again?
Deep down, way down, Lord, I try
Try to follow your light, but it's nighttime
Please don't leave me in the end
(Ooh) There's darkness in the distance
I'm beggin' for forgiveness
(Ooh) But I know I might resist it, oh
Oh, I love it and I hate it at the same time
You and I drink the poison from the same vine
Oh, I love it and I hate it at the same time
Hidin' all of our sins from the daylight
From the daylight, runnin' from the daylight
From the daylight, runnin' from the daylight
Oh, I love it and I hate it at the same time
Oh, I love it and I hate it at the same time
You and I drink the poison from the same vine
Oh, I love it and I hate it at the same time
Hidin' all of our sins from the daylight
From the daylight, runnin' from the daylight
From the daylight, runnin' from the daylight
Oh, I love it and I hate it at the same time",Missing Genre Only
2020s,2020,hot girl bummer,blackbear,,74,3.14,True,-0.38,0.724,537,19.93,171.07,"Fuck you, and you, and you
I hate your friends and they hate me too
I'm through, I'm through, I'm through
This that hot girl bummer anthem
Turn it up and throw a tantrum
This that hot girl bummer anthem
Turn it up and throw a tantrum
This that throw up in your Birkin bag
Hook up with someone random
This that social awkward suicide
That buy your lips and buy your likes
I swear she had a man
But shit hit different when it's Thursday night
That college dropout music
Every day leg day, she be too thick
And my friends are all annoying
But we go dumb, yeah, we go stupid
This that 10K on the table
Just so we can be secluded
And the vodka came diluted
One more line, I'm superhuman
Fuck you, and you, and you
I hate your friends and they hate me too
I'm through, I'm through, I'm through
This that hot girl bummer anthem
Turn it up and throw a tantrum
Fuck you, and you, and you
I hate your friends and they hate me too
Fuck you, and you, and you
This that hot girl bummer anthem
Turn it up and throw a tantrum
This that hot girl bummer two-step
They can't box me in, I'm too left
This that drip, it's more like oceans
They can't fit me in a Trojan
Out of pocket, but I'm always in my bag
Yeah, that's the slogan
This that, ""Who's all there?""
I'm pullin' up wit' a emo chick that's broken
This that college dropout music
Every day leg day, she be too thick
And my friends are all annoying
But we go dumb, yeah, we go stupid
This that 10K on the table
Just so we can be secluded
And the vodka came diluted
One more line, I'm superhuman
Fuck you, and you, and you
I hate your friends and they hate me too
I'm through, I'm through, I'm through
This that hot girl bummer anthem
Turn it up and throw a tantrum
Fuck you, and you, and you
I hate your friends and they hate me too
Fuck you, and you, and you
This that hot girl bummer anthem
Turn it up and throw a tantrum
This that college dropout music
Every day leg day, she be too thick
And my friends are all annoying
But we go dumb, yeah, we go stupid
This that college dropout music
Every day leg day, she be too thick
And my friends are all annoying
But we go dumb, yeah, we go stupid
We go stupid, we go stupid, we go—
And you want me to change? Fuck you!
Fuck you, and you, and you
I hate your friends and they hate me too
I'm through, I'm through, I'm through
This that hot girl bummer anthem
Turn it up and throw a tantrum
Fuck you, and you, and you
I hate your friends and they hate me too
Fuck you, and you, and you
This that hot girl bummer anthem
Turn it up and throw a tantrum",Missing Genre Only
2020s,2021,Ghost,Justin Bieber,,85,2.55,False,0.31,0.379,240,26.25,94.0,"Youngblood thinks there's always tomorrow
I miss your touch some nights when I'm hollow
I know you crossed a bridge that I can't follow
Since the love that you left is all that I get, I want you to know
That if I can't be close to you
I'll settle for the ghost of you
I miss you more than life (More than life)
And if you can't be next to me
Your memory is ecstasy
I miss you more than life
I miss you more than life
Youngblood thinks there's always tomorrow
I need more time, but time can't be borrowed
I'd leave it all behind if I could follow
Since the love that you left is all that I get, I want you to know
That if I can't be close to you
I'll settle for the ghost of you
I miss you more than life (Yeah)
And if you can't be next to me
Your memory is ecstasy (Oh)
I miss you more than life
I miss you more than life
Woah
Na-na-na
More than life (Oh)
So if I can't get close to you
I'll settle for the ghost of you
I miss you more than life
And if you can't be next to me
Your memory is ecstasy
I miss you more than life
I miss you more than life",Missing Genre Only
2020s,2024,MUTT,Leon Thomas,,73,3.22,True,-0.075,0.379,338,26.63,104.9,"She said, ""Take your time, what's the rush?""
I said, ""Baby, I'm a dog, I'm a mutt""
She said, ""Take your time, what's the rush?"" Oh
I said, ""Baby, I'm a dog, I'm a mutt""
I'm a dog, I'm a mutt
I can't smoke on reggie, so pardon my bluntness
I see past pretty faces, so I got trouble trusting
But I'll let my guard down for you
Said I'll put my guard down for you
Said I'll be vulnerable
So you can break my heart if you want to
She said, ""Take your time, what's the rush?""
I said, ""Baby, I'm a dog, I'm a mutt""
She said, ""Take your time, what's the rush?""
I said, ""Baby, I'm a dog, I'm a mutt""
I'm a dog, I'm a mutt
New crib, told her, ""Come through,"" it's time to break in it
Thirty-two, like my pants size 'cause a nigga tried breaking in
New condo, say your name at the front, you can stay if you want
It's been one of those nights, one of those nights I ain't had in a minute
It's been a minute, had to pop a shroom to recreate the feeling (Ooh, yeah)
But it's never the same as the first time we did it
First time we did it
But I'll let my guard down for you (For you)
Said I'll put my guard down for you
Said I'll be vulnerable
So you can break my heart if you want to (Oh)
She said, ""Take your time, what's the rush?"" (Take your time, what's the rush?)
I said, ""Baby, I'm a dog, I'm a mutt"" (Oh)
She said, ""Take your time, what's the rush?"" Oh (The rush)
I said, ""Baby, I'm a dog, I'm a mutt"" (Ooh)
I'm a dog, I'm a mutt (Mutt, oh)",Missing Genre Only
2020s,2025,Ordinary,Alex Warren,,91,3.12,False,-0.152,0.469,364,31.87,116.81,"They say, ""The holy water's watered down
And this town's lost its faith
Our colors will fade eventually""
So, if our time is runnin' out
Day after day
We'll make the mundane our masterpiece
Oh, my, my
Oh, my, my love
I take one look at you
You're takin' me out of the ordinary
I want you layin' me down 'til we're dead and buried
On the edge of your knife, stayin' drunk on your vine
The angels up in the clouds are jealous knowin' we found
Somethin' so out of the ordinary
You got me kissin' thе ground of your sanctuary
Shatter me with your touch, oh, Lord, return mе to dust
The angels up in the clouds are jealous knowin' we found
Hopeless hallelujah
On this side of Heaven's gate
Oh, my life, how do ya
Breathe and take my breath away?
At your altar, I will pray
You're the sculptor, I'm the clay
Oh, my, my
You're takin' me out of the ordinary
I want you layin' me down 'til we're dead and buried
On the edge of your knife, stayin' drunk on your vine
The angels up in the clouds are jealous knowin' we found
Somethin' so out (Out) of the ordinary (Ordinary)
You got me kissing the ground (Ground) of your sanctuary (Sanctuary)
Shatter me with your touch, oh, Lord, return me to dust
The angels up in the clouds are jealous knowin' we found
Somethin' so heavenly, higher than ecstasy
Whenever you're next to me, oh, my, my
World was in black and white until I saw your light
I thought you had to die to find
Somethin' so out of the ordinary
I want you laying me down 'til we're dead and buried
On the edge of your knife, stayin' drunk on your vine
The angels up in the clouds are jealous knowin' we found
Somethin' so out (Out) of the ordinary
You got me kissing the ground (Ground) of your sanctuary (Sanctuary)
Shatter me with your touch, oh, Lord, return me to dust
The angels up in the clouds are jealous knowin' we found",Missing Genre Only
2020s,2021,INDUSTRY BABY (feat. Jack Harlow),Lil Nas X,,75,3.54,True,0.004,0.385,658,33.89,185.92,"(
D-D-Daytrip took it to ten, hey
)
Baby back, ayy, couple racks, ayy
Couple Grammys on him, couple plaques, ayy
That's a fact, ayy, throw it back, ayy
Throw it back, ayy
And this one is for the champions
I ain't lost since I began, yeah
Funny how you said it was the end, yeah
Then I went did it again, yeah
I told you long ago on the road
I got what they waiting for
I don't run from nothing, dog
Get your soldiers, tell 'em I ain't layin' low
You was never really rooting for me anyway
When I'm back up at the top, I wanna hear you say
He don't run from nothin', dog
Get your soldiers, tell 'em that the break is over
Uh, need to, uh
Need to get this album done
Need a couple number onеs
Need a plaque on every song
Need mе like one with Nicki now
Tell a rap nigga I don't see ya, hah
I'm a pop nigga like Bieber, hah
I don't fuck bitches, I'm queer, hah
But these niggas bitches like Madea, yeah, yeah, yeah, ayy (Yeah)
Oh, let's do it
I ain't fall off, I just ain't release my new shit
I blew up, now everybody tryna sue me
You call me Nas, but the hood call me Doobie, yeah
And this one is for the champions
I ain't lost since I began, yeah
Funny how you said it was the end, yeah
Then I went did it again, yeah
I told you long ago on the road
I got what they waiting for (I got what they're waiting for)
I don't run from nothing, dog
Get your soldiers, tell 'em I ain't layin' low (Bitch, I ain't runnin' from nowhere)
You was never really rooting for me anyway (Ooh, ooh)
When I'm back up at the top, I wanna hear you say (Ooh, ooh)
He don't run from nothin', dog
Get your soldiers, tell 'em that the break is over (Yeah)
My track record so clean, they couldn't wait to just bash me
I must be gettin' too flashy, y'all shouldn't have let the world gas me (Woo)
It's too late 'cause I'm here to stay and these girls know that I'm nasty (Mmm)
I sent her back to her boyfriend with my handprint on her ass cheek
City talkin', we takin' notes
Tell 'em all to keep makin' posts
Wish he could, but he can't get close
OG so proud of me that he chokin' up while he makin' toasts
I'm the type that you can't control, said I would, then I made it so
I don't clear up rumors (Ayy), where's y'all sense of humor? (Ayy)
I'm done makin' jokes 'cause they got old like baby boomers
Turned my haters to consumers, I make vets feel like they juniors (Juniors)
Say your time is comin' soon, but just like Oklahoma (Mmm)
Mine is comin' sooner (Mmm), I'm just a late bloomer (Mmm)
I didn't peak in high school, I'm still out here gettin' cuter (Woo)
All these social networks and computers
Got these pussies walkin' 'round like they ain't losers
I told you long ago on the road
I got what they waiting for (I got what they waiting for)
I don't run from nothing, dog
Get your soldiers, tell 'em I ain't layin' low (Bitch, I ain't runnin' from nowhere)
You was never really rooting for me anyway
When I'm back up at the top, I wanna hear you say
He don't run from nothin', dog
Get your soldiers, tell 'em that the break is over
Yeah
I'm the industry baby, mmm
I'm the industry baby
Yeah",Missing Genre Only
2020s,2020,Wonder,Shawn Mendes,,67,2.88,False,0.271,0.687,290,28.97,100.76,"I wonder if I'm being real
Do I speak my truth or do I filter how I feel?
I wonder, wouldn't it be nice
To live inside a world that isn't black and white?
I wonder what it's like to be my friends
Hope that they don't think I'll forget about them
I wonder, I wonder
Right before I close my eyes
The only thing that's on my mind
Been dreamin' that you feel it too
I wonder what it's like to be loved by you, yeah
I wonder what it's like
I wonder what it's like to be loved by
I wonder why I'm so afraid
Of saying something wrong, I never said I was a saint
I wonder, when I cry into my hands
I'm conditioned to feel like it makes me less of a man
And I wonder if someday you'll be by my side
And tell me that the world will end up alright
I wonder, I wonder
Right before I close my eyes
The only thing that's on my mind
Been dreamin' that you feel it too
I wonder what it's like to be loved by you, yeah
I wonder what it's like
I wonder what it's like to be loved by you
I wonder what it's like to be loved by you, yeah
I wonder what it's like to be loved by you
I wonder what it's like to be loved by—
Right before I close my eyes
The only thing that's on my mind
Been dreamin' that you feel it too
I wonder what it's like to be loved by you",Missing Genre Only
2020s,2022,SNAP,Rosa Linn,,81,2.99,False,0.233,0.31,271,35.79,90.56,"It's 4 AM
I can't turn my head off
Wishing these memories would fade, they never do
Turns out people lie
They said, ""Just snap your fingers""
As if it was really that easy for me to get over you
I just need time
Snappin' one, two
Where are you?
You're still in my heart
Snappin' three, four
Don't need you here anymore
Get out of my heart
'Cause I might snap
I'm writin' a song
Said, ""This is the last one""
How many last songs are left? I'm losing count
Since June 22nd
My heart's been on fire
I've been spendin' my nights in the rain tryin' to put it out
So I'm snappin' one, two
Where are you?
You're still in my heart
Snappin' three, four
Don't need you here anymore
Get out of my heart
'Cause I might snap
Oh-woah
'Cause I might snap
Oh-woah
And if one more person says, ""You should get over it""
Oh, I might stop talkin' to people before I snap, snap, snap
Oh, I might stop talkin' to people before I snap
Snappin' one, two
Where are you? (Where are you?)
You're still in my heart (Still in my heart)
Snappin' three, four
Don't need you here anymore (Need you here anymore)
Get out of my heart
'Cause I might sna—, I might snap (Oh-woah)
'Cause I might sna—, I might snap (Oh-woah)
Get out of my heart, yeah, yeah, yeah, yeah, heart (Oh-woah)
'Cause I might snap (Oh-woah)
Get out of my heart, yeah
'Cause I might snap",Missing Genre Only
2020s,2020,Blinding Lights,The Weeknd,,90,3.33,False,0.032,0.512,291,32.65,87.28,"Yeah
I've been tryna call
I've been on my own for long enough
Maybe you can show me how to love, maybe
I'm goin' through withdrawals
You don't even have to do too much
You can turn me on with just a touch, baby
I look around and
Sin City's cold and empty (Oh)
No one's around to judge me (Oh)
I can't see clearly when you're gone
I said, ooh, I'm blinded by the lights
No, I can't sleep until I feel your touch (Touch)
I said, ooh, I'm drowning in the night
Oh, when I'm like this, you're the one I trust
Hey, hey, hey
I'm running out of time
'Cause I can see the sun light up the sky
So I hit the road in overdrive, baby, oh
The city's cold and empty (Oh)
No one's around to judge me (Oh)
I can't see clearly when you're gone
And I said, ooh, I'm blinded by the lights
No, I can't sleep until I feel your touch (Touch)
I said, ooh, I'm drowning in the night
Oh, when I'm like this, you're the one I trust
I'm just coming back to let you know (Back to let you know)
I could never say it on the phone (Say it on the phone)
Will never let you go this time (Ooh)
I said, ooh, I'm blinded by the lights
No, I can't sleep until I feel your touch (Touch)
Hey, hey, hey
Hey, hey, hey
I said, ooh, I'm blinded by the lights
No, I can't sleep until I feel your touch",Missing Genre Only
